time_window,iteration,displacement_abs_or_rel_measure,force_relative_measure
1.000000000000000000e+00,1.000000000000000000e+00,0.000000000000000000e+00,1.000000000000000000e+00
1.000000000000000000e+00,2.000000000000000000e+00,0.000000000000000000e+00,6.314879810000000038e-03
1.000000000000000000e+00,3.000000000000000000e+00,0.000000000000000000e+00,5.608822909999999773e-02
1.000000000000000000e+00,4.000000000000000000e+00,0.000000000000000000e+00,3.933782850000000324e-03
2.000000000000000000e+00,1.000000000000000000e+00,0.000000000000000000e+00,6.930543369999999648e-01
2.000000000000000000e+00,2.000000000000000000e+00,0.000000000000000000e+00,4.479053689999999699e-02
2.000000000000000000e+00,3.000000000000000000e+00,0.000000000000000000e+00,1.484974579999999975e-04
3.000000000000000000e+00,1.000000000000000000e+00,0.000000000000000000e+00,4.313268749999999985e-01
3.000000000000000000e+00,2.000000000000000000e+00,0.000000000000000000e+00,2.903139080000000094e-02
3.000000000000000000e+00,3.000000000000000000e+00,0.000000000000000000e+00,9.584769769999999345e-05
4.000000000000000000e+00,1.000000000000000000e+00,0.000000000000000000e+00,3.042411700000000052e-01
4.000000000000000000e+00,2.000000000000000000e+00,0.000000000000000000e+00,1.957478639999999867e-02
4.000000000000000000e+00,3.000000000000000000e+00,0.000000000000000000e+00,2.789620870000000047e-06
5.000000000000000000e+00,1.000000000000000000e+00,0.000000000000000000e+00,2.352620509999999998e-01
5.000000000000000000e+00,2.000000000000000000e+00,0.000000000000000000e+00,1.407334990000000050e-02
5.000000000000000000e+00,3.000000000000000000e+00,0.000000000000000000e+00,5.110547239999999867e-06
6.000000000000000000e+00,1.000000000000000000e+00,0.000000000000000000e+00,1.922489619999999955e-01
6.000000000000000000e+00,2.000000000000000000e+00,0.000000000000000000e+00,1.144313930000000028e-02
6.000000000000000000e+00,3.000000000000000000e+00,0.000000000000000000e+00,5.995477019999999675e-07
7.000000000000000000e+00,1.000000000000000000e+00,0.000000000000000000e+00,1.638181300000000062e-01
7.000000000000000000e+00,2.000000000000000000e+00,0.000000000000000000e+00,1.020501910000000054e-02
7.000000000000000000e+00,3.000000000000000000e+00,0.000000000000000000e+00,2.004422139999999979e-07
8.000000000000000000e+00,1.000000000000000000e+00,0.000000000000000000e+00,1.431275630000000132e-01
8.000000000000000000e+00,2.000000000000000000e+00,0.000000000000000000e+00,8.857090559999999252e-03
9.000000000000000000e+00,1.000000000000000000e+00,0.000000000000000000e+00,1.260665330000000084e-01
9.000000000000000000e+00,2.000000000000000000e+00,0.000000000000000000e+00,7.428374809999999974e-03
1.000000000000000000e+01,1.000000000000000000e+00,0.000000000000000000e+00,1.122193080000000037e-01
1.000000000000000000e+01,2.000000000000000000e+00,0.000000000000000000e+00,6.548746159999999615e-03
1.100000000000000000e+01,1.000000000000000000e+00,0.000000000000000000e+00,1.017141609999999974e-01
1.100000000000000000e+01,2.000000000000000000e+00,0.000000000000000000e+00,6.104231439999999870e-03
1.200000000000000000e+01,1.000000000000000000e+00,0.000000000000000000e+00,9.325728229999999397e-02
1.200000000000000000e+01,2.000000000000000000e+00,0.000000000000000000e+00,5.638063339999999958e-03
1.300000000000000000e+01,1.000000000000000000e+00,0.000000000000000000e+00,8.571758209999999489e-02
1.300000000000000000e+01,2.000000000000000000e+00,0.000000000000000000e+00,5.054767439999999917e-03
1.400000000000000000e+01,1.000000000000000000e+00,0.000000000000000000e+00,7.901073459999999327e-02
1.400000000000000000e+01,2.000000000000000000e+00,0.000000000000000000e+00,4.600902559999999961e-03
1.500000000000000000e+01,1.000000000000000000e+00,0.000000000000000000e+00,7.345297750000000236e-02
1.500000000000000000e+01,2.000000000000000000e+00,0.000000000000000000e+00,4.370644840000000031e-03
1.600000000000000000e+01,1.000000000000000000e+00,0.000000000000000000e+00,6.884978969999999698e-02
1.600000000000000000e+01,2.000000000000000000e+00,0.000000000000000000e+00,4.156952549999999753e-03
1.700000000000000000e+01,1.000000000000000000e+00,0.000000000000000000e+00,6.461175180000000573e-02
1.700000000000000000e+01,2.000000000000000000e+00,0.000000000000000000e+00,3.872736999999999794e-03
1.800000000000000000e+01,1.000000000000000000e+00,0.000000000000000000e+00,6.066577890000000167e-02
1.800000000000000000e+01,2.000000000000000000e+00,0.000000000000000000e+00,3.628776609999999955e-03
1.900000000000000000e+01,1.000000000000000000e+00,0.000000000000000000e+00,5.723366190000000325e-02
1.900000000000000000e+01,2.000000000000000000e+00,0.000000000000000000e+00,3.485363229999999951e-03
2.000000000000000000e+01,1.000000000000000000e+00,0.000000000000000000e+00,5.427486809999999828e-02
2.000000000000000000e+01,2.000000000000000000e+00,0.000000000000000000e+00,3.378572529999999876e-03
2.100000000000000000e+01,1.000000000000000000e+00,0.000000000000000000e+00,5.155867079999999769e-02
2.100000000000000000e+01,2.000000000000000000e+00,0.000000000000000000e+00,3.241835299999999871e-03
2.200000000000000000e+01,1.000000000000000000e+00,0.000000000000000000e+00,4.897178829999999927e-02
2.200000000000000000e+01,2.000000000000000000e+00,0.000000000000000000e+00,3.107417089999999979e-03
2.300000000000000000e+01,1.000000000000000000e+00,0.000000000000000000e+00,4.661695939999999788e-02
2.300000000000000000e+01,2.000000000000000000e+00,0.000000000000000000e+00,3.029553559999999864e-03
2.400000000000000000e+01,1.000000000000000000e+00,0.000000000000000000e+00,4.455350870000000102e-02
2.400000000000000000e+01,2.000000000000000000e+00,0.000000000000000000e+00,2.976931319999999957e-03
2.500000000000000000e+01,1.000000000000000000e+00,0.000000000000000000e+00,4.263631310000000341e-02
2.500000000000000000e+01,2.000000000000000000e+00,0.000000000000000000e+00,2.918038530000000019e-03
2.600000000000000000e+01,1.000000000000000000e+00,0.000000000000000000e+00,4.080621219999999716e-02
2.600000000000000000e+01,2.000000000000000000e+00,0.000000000000000000e+00,2.858134090000000096e-03
2.700000000000000000e+01,1.000000000000000000e+00,0.000000000000000000e+00,3.909794839999999883e-02
2.700000000000000000e+01,2.000000000000000000e+00,0.000000000000000000e+00,2.822044499999999852e-03
2.800000000000000000e+01,1.000000000000000000e+00,0.000000000000000000e+00,3.755171489999999807e-02
2.800000000000000000e+01,2.000000000000000000e+00,0.000000000000000000e+00,2.808619610000000211e-03
2.900000000000000000e+01,1.000000000000000000e+00,0.000000000000000000e+00,3.612474110000000321e-02
2.900000000000000000e+01,2.000000000000000000e+00,0.000000000000000000e+00,2.794578079999999933e-03
3.000000000000000000e+01,1.000000000000000000e+00,0.000000000000000000e+00,3.475175519999999796e-02
3.000000000000000000e+01,2.000000000000000000e+00,0.000000000000000000e+00,2.779905499999999786e-03
3.100000000000000000e+01,1.000000000000000000e+00,0.000000000000000000e+00,3.344898839999999735e-02
3.100000000000000000e+01,2.000000000000000000e+00,0.000000000000000000e+00,2.778958900000000082e-03
3.200000000000000000e+01,1.000000000000000000e+00,0.000000000000000000e+00,3.225069550000000257e-02
3.200000000000000000e+01,2.000000000000000000e+00,0.000000000000000000e+00,2.789589060000000065e-03
3.300000000000000000e+01,1.000000000000000000e+00,0.000000000000000000e+00,3.113003740000000116e-02
3.300000000000000000e+01,2.000000000000000000e+00,0.000000000000000000e+00,2.804934289999999955e-03
3.400000000000000000e+01,1.000000000000000000e+00,0.000000000000000000e+00,3.005994879999999980e-02
3.400000000000000000e+01,2.000000000000000000e+00,0.000000000000000000e+00,2.820283790000000131e-03
3.500000000000000000e+01,1.000000000000000000e+00,0.000000000000000000e+00,2.903155149999999893e-02
3.500000000000000000e+01,2.000000000000000000e+00,0.000000000000000000e+00,2.842111709999999795e-03
3.600000000000000000e+01,1.000000000000000000e+00,0.000000000000000000e+00,2.806809279999999962e-02
3.600000000000000000e+01,2.000000000000000000e+00,0.000000000000000000e+00,2.871591470000000017e-03
3.700000000000000000e+01,1.000000000000000000e+00,0.000000000000000000e+00,2.716474290000000028e-02
3.700000000000000000e+01,2.000000000000000000e+00,0.000000000000000000e+00,2.905669459999999944e-03
3.800000000000000000e+01,1.000000000000000000e+00,0.000000000000000000e+00,2.629828830000000006e-02
3.800000000000000000e+01,2.000000000000000000e+00,0.000000000000000000e+00,2.939880079999999864e-03
3.900000000000000000e+01,1.000000000000000000e+00,0.000000000000000000e+00,2.546358019999999875e-02
3.900000000000000000e+01,2.000000000000000000e+00,0.000000000000000000e+00,2.977745779999999877e-03
4.000000000000000000e+01,1.000000000000000000e+00,0.000000000000000000e+00,2.467197960000000120e-02
4.000000000000000000e+01,2.000000000000000000e+00,0.000000000000000000e+00,3.020142429999999982e-03
4.100000000000000000e+01,1.000000000000000000e+00,0.000000000000000000e+00,2.392187620000000084e-02
4.100000000000000000e+01,2.000000000000000000e+00,0.000000000000000000e+00,3.065811889999999797e-03
4.200000000000000000e+01,1.000000000000000000e+00,0.000000000000000000e+00,2.320471689999999837e-02
4.200000000000000000e+01,2.000000000000000000e+00,0.000000000000000000e+00,3.112116680000000159e-03
4.300000000000000000e+01,1.000000000000000000e+00,0.000000000000000000e+00,2.251034899999999894e-02
4.300000000000000000e+01,2.000000000000000000e+00,0.000000000000000000e+00,3.159918610000000006e-03
4.400000000000000000e+01,1.000000000000000000e+00,0.000000000000000000e+00,2.184615989999999855e-02
4.400000000000000000e+01,2.000000000000000000e+00,0.000000000000000000e+00,3.211013960000000042e-03
4.500000000000000000e+01,1.000000000000000000e+00,0.000000000000000000e+00,2.121320239999999885e-02
4.500000000000000000e+01,2.000000000000000000e+00,0.000000000000000000e+00,3.264075109999999957e-03
4.600000000000000000e+01,1.000000000000000000e+00,0.000000000000000000e+00,2.060563290000000033e-02
4.600000000000000000e+01,2.000000000000000000e+00,0.000000000000000000e+00,3.317715900000000034e-03
4.700000000000000000e+01,1.000000000000000000e+00,0.000000000000000000e+00,2.001784449999999965e-02
4.700000000000000000e+01,2.000000000000000000e+00,0.000000000000000000e+00,3.373969890000000013e-03
4.800000000000000000e+01,1.000000000000000000e+00,0.000000000000000000e+00,1.945213399999999940e-02
4.800000000000000000e+01,2.000000000000000000e+00,0.000000000000000000e+00,3.430701500000000147e-03
4.900000000000000000e+01,1.000000000000000000e+00,0.000000000000000000e+00,1.890817659999999983e-02
4.900000000000000000e+01,2.000000000000000000e+00,0.000000000000000000e+00,3.488885220000000151e-03
5.000000000000000000e+01,1.000000000000000000e+00,0.000000000000000000e+00,1.838814539999999997e-02
5.000000000000000000e+01,2.000000000000000000e+00,0.000000000000000000e+00,3.547051989999999797e-03
5.100000000000000000e+01,1.000000000000000000e+00,0.000000000000000000e+00,1.788206590000000068e-02
5.100000000000000000e+01,2.000000000000000000e+00,0.000000000000000000e+00,3.606871040000000049e-03
5.200000000000000000e+01,1.000000000000000000e+00,0.000000000000000000e+00,1.739246839999999961e-02
5.200000000000000000e+01,2.000000000000000000e+00,0.000000000000000000e+00,3.667692299999999843e-03
5.300000000000000000e+01,1.000000000000000000e+00,0.000000000000000000e+00,1.692106109999999899e-02
5.300000000000000000e+01,2.000000000000000000e+00,0.000000000000000000e+00,3.728914270000000062e-03
5.400000000000000000e+01,1.000000000000000000e+00,0.000000000000000000e+00,1.646802589999999886e-02
5.400000000000000000e+01,2.000000000000000000e+00,0.000000000000000000e+00,3.790442340000000146e-03
5.500000000000000000e+01,1.000000000000000000e+00,0.000000000000000000e+00,1.602857400000000029e-02
5.500000000000000000e+01,2.000000000000000000e+00,0.000000000000000000e+00,3.852257759999999989e-03
5.500000000000000000e+01,3.000000000000000000e+00,0.000000000000000000e+00,7.820864269999999932e-07
5.600000000000000000e+01,1.000000000000000000e+00,0.000000000000000000e+00,1.560127809999999927e-02
5.600000000000000000e+01,2.000000000000000000e+00,0.000000000000000000e+00,3.912761580000000128e-03
5.700000000000000000e+01,1.000000000000000000e+00,0.000000000000000000e+00,1.518905299999999924e-02
5.700000000000000000e+01,2.000000000000000000e+00,0.000000000000000000e+00,3.974586040000000278e-03
5.800000000000000000e+01,1.000000000000000000e+00,0.000000000000000000e+00,1.479120849999999987e-02
5.800000000000000000e+01,2.000000000000000000e+00,0.000000000000000000e+00,4.037524489999999577e-03
5.900000000000000000e+01,1.000000000000000000e+00,0.000000000000000000e+00,1.440550250000000032e-02
5.900000000000000000e+01,2.000000000000000000e+00,0.000000000000000000e+00,4.099832420000000359e-03
6.000000000000000000e+01,1.000000000000000000e+00,0.000000000000000000e+00,1.403090440000000043e-02
6.000000000000000000e+01,2.000000000000000000e+00,0.000000000000000000e+00,4.163205659999999649e-03
6.100000000000000000e+01,1.000000000000000000e+00,0.000000000000000000e+00,1.366755319999999989e-02
6.100000000000000000e+01,2.000000000000000000e+00,0.000000000000000000e+00,4.225962459999999671e-03
6.200000000000000000e+01,1.000000000000000000e+00,0.000000000000000000e+00,1.331637760000000011e-02
6.200000000000000000e+01,2.000000000000000000e+00,0.000000000000000000e+00,4.286855570000000330e-03
6.300000000000000000e+01,1.000000000000000000e+00,0.000000000000000000e+00,1.297586669999999977e-02
6.300000000000000000e+01,2.000000000000000000e+00,0.000000000000000000e+00,4.348728730000000174e-03
6.400000000000000000e+01,1.000000000000000000e+00,0.000000000000000000e+00,1.264494000000000035e-02
6.400000000000000000e+01,2.000000000000000000e+00,0.000000000000000000e+00,4.409696020000000195e-03
6.500000000000000000e+01,1.000000000000000000e+00,0.000000000000000000e+00,1.232267899999999958e-02
6.500000000000000000e+01,2.000000000000000000e+00,0.000000000000000000e+00,4.469121359999999807e-03
6.600000000000000000e+01,1.000000000000000000e+00,0.000000000000000000e+00,1.201146290000000040e-02
6.600000000000000000e+01,2.000000000000000000e+00,0.000000000000000000e+00,4.527475639999999600e-03
6.700000000000000000e+01,1.000000000000000000e+00,0.000000000000000000e+00,1.170945630000000057e-02
6.700000000000000000e+01,2.000000000000000000e+00,0.000000000000000000e+00,4.586461790000000323e-03
6.800000000000000000e+01,1.000000000000000000e+00,0.000000000000000000e+00,1.141586200000000058e-02
6.800000000000000000e+01,2.000000000000000000e+00,0.000000000000000000e+00,4.644536749999999929e-03
6.900000000000000000e+01,1.000000000000000000e+00,0.000000000000000000e+00,1.113099399999999996e-02
6.900000000000000000e+01,2.000000000000000000e+00,0.000000000000000000e+00,4.701292650000000149e-03
7.000000000000000000e+01,1.000000000000000000e+00,0.000000000000000000e+00,1.085381669999999944e-02
7.000000000000000000e+01,2.000000000000000000e+00,0.000000000000000000e+00,4.756142809999999894e-03
7.100000000000000000e+01,1.000000000000000000e+00,0.000000000000000000e+00,1.058597929999999937e-02
7.100000000000000000e+01,2.000000000000000000e+00,0.000000000000000000e+00,4.809926719999999684e-03
7.200000000000000000e+01,1.000000000000000000e+00,0.000000000000000000e+00,1.032472090000000065e-02
7.200000000000000000e+01,2.000000000000000000e+00,0.000000000000000000e+00,4.863732079999999632e-03
7.300000000000000000e+01,1.000000000000000000e+00,0.000000000000000000e+00,1.007315919999999913e-02
7.300000000000000000e+01,2.000000000000000000e+00,0.000000000000000000e+00,4.915952870000000335e-03
7.400000000000000000e+01,1.000000000000000000e+00,0.000000000000000000e+00,9.827550960000000502e-03
7.400000000000000000e+01,2.000000000000000000e+00,0.000000000000000000e+00,4.967796979999999571e-03
7.500000000000000000e+01,1.000000000000000000e+00,0.000000000000000000e+00,9.591536450000000269e-03
7.500000000000000000e+01,2.000000000000000000e+00,0.000000000000000000e+00,5.018060379999999751e-03
7.600000000000000000e+01,1.000000000000000000e+00,0.000000000000000000e+00,9.361029450000000682e-03
7.600000000000000000e+01,2.000000000000000000e+00,0.000000000000000000e+00,5.068639120000000171e-03
7.700000000000000000e+01,1.000000000000000000e+00,0.000000000000000000e+00,9.139927109999999508e-03
7.700000000000000000e+01,2.000000000000000000e+00,0.000000000000000000e+00,5.117092949999999842e-03
7.800000000000000000e+01,1.000000000000000000e+00,0.000000000000000000e+00,8.925385450000000026e-03
7.800000000000000000e+01,2.000000000000000000e+00,0.000000000000000000e+00,5.165699999999999632e-03
7.900000000000000000e+01,1.000000000000000000e+00,0.000000000000000000e+00,8.718328200000000083e-03
7.900000000000000000e+01,2.000000000000000000e+00,0.000000000000000000e+00,5.212908799999999877e-03
8.000000000000000000e+01,1.000000000000000000e+00,0.000000000000000000e+00,8.518278310000000283e-03
8.000000000000000000e+01,2.000000000000000000e+00,0.000000000000000000e+00,5.257656010000000268e-03
8.100000000000000000e+01,1.000000000000000000e+00,0.000000000000000000e+00,8.322550160000000835e-03
8.100000000000000000e+01,2.000000000000000000e+00,0.000000000000000000e+00,5.301188430000000097e-03
8.200000000000000000e+01,1.000000000000000000e+00,0.000000000000000000e+00,8.141309410000000316e-03
8.200000000000000000e+01,2.000000000000000000e+00,0.000000000000000000e+00,5.344517810000000251e-03
8.300000000000000000e+01,1.000000000000000000e+00,0.000000000000000000e+00,7.958638109999999211e-03
8.300000000000000000e+01,2.000000000000000000e+00,0.000000000000000000e+00,5.389187929999999897e-03
8.400000000000000000e+01,1.000000000000000000e+00,0.000000000000000000e+00,7.789728489999999880e-03
8.400000000000000000e+01,2.000000000000000000e+00,0.000000000000000000e+00,5.426021419999999679e-03
8.400000000000000000e+01,3.000000000000000000e+00,0.000000000000000000e+00,4.324905510000000170e-07
8.500000000000000000e+01,1.000000000000000000e+00,0.000000000000000000e+00,7.621285910000000045e-03
8.500000000000000000e+01,2.000000000000000000e+00,0.000000000000000000e+00,5.464735370000000335e-03
8.600000000000000000e+01,1.000000000000000000e+00,0.000000000000000000e+00,7.463236720000000421e-03
8.600000000000000000e+01,2.000000000000000000e+00,0.000000000000000000e+00,5.499407900000000300e-03
8.600000000000000000e+01,3.000000000000000000e+00,0.000000000000000000e+00,7.555439409999999504e-07
8.700000000000000000e+01,1.000000000000000000e+00,0.000000000000000000e+00,7.310951510000000125e-03
8.700000000000000000e+01,2.000000000000000000e+00,0.000000000000000000e+00,5.532393870000000026e-03
8.700000000000000000e+01,3.000000000000000000e+00,0.000000000000000000e+00,5.693424339999999766e-07
8.800000000000000000e+01,1.000000000000000000e+00,0.000000000000000000e+00,7.166455339999999903e-03
8.800000000000000000e+01,2.000000000000000000e+00,0.000000000000000000e+00,5.566110689999999826e-03
8.900000000000000000e+01,1.000000000000000000e+00,0.000000000000000000e+00,7.031384469999999755e-03
8.900000000000000000e+01,2.000000000000000000e+00,0.000000000000000000e+00,5.598073250000000153e-03
9.000000000000000000e+01,1.000000000000000000e+00,0.000000000000000000e+00,6.900337989999999824e-03
9.000000000000000000e+01,2.000000000000000000e+00,0.000000000000000000e+00,5.628651230000000089e-03
9.100000000000000000e+01,1.000000000000000000e+00,0.000000000000000000e+00,6.775577560000000006e-03
9.100000000000000000e+01,2.000000000000000000e+00,0.000000000000000000e+00,5.654196779999999707e-03
9.200000000000000000e+01,1.000000000000000000e+00,0.000000000000000000e+00,6.658874020000000310e-03
9.200000000000000000e+01,2.000000000000000000e+00,0.000000000000000000e+00,5.678242289999999720e-03
9.300000000000000000e+01,1.000000000000000000e+00,0.000000000000000000e+00,6.549106120000000239e-03
9.300000000000000000e+01,2.000000000000000000e+00,0.000000000000000000e+00,5.702585060000000226e-03
9.400000000000000000e+01,1.000000000000000000e+00,0.000000000000000000e+00,6.449486580000000219e-03
9.400000000000000000e+01,2.000000000000000000e+00,0.000000000000000000e+00,5.724099409999999950e-03
9.500000000000000000e+01,1.000000000000000000e+00,0.000000000000000000e+00,6.354348729999999799e-03
9.500000000000000000e+01,2.000000000000000000e+00,0.000000000000000000e+00,5.745426480000000342e-03
9.600000000000000000e+01,1.000000000000000000e+00,0.000000000000000000e+00,6.269011209999999709e-03
9.600000000000000000e+01,2.000000000000000000e+00,0.000000000000000000e+00,5.763551070000000158e-03
9.700000000000000000e+01,1.000000000000000000e+00,0.000000000000000000e+00,6.189725870000000081e-03
9.700000000000000000e+01,2.000000000000000000e+00,0.000000000000000000e+00,5.779481799999999780e-03
9.800000000000000000e+01,1.000000000000000000e+00,0.000000000000000000e+00,6.121507729999999675e-03
9.800000000000000000e+01,2.000000000000000000e+00,0.000000000000000000e+00,5.796038429999999901e-03
9.900000000000000000e+01,1.000000000000000000e+00,0.000000000000000000e+00,6.060058279999999860e-03
9.900000000000000000e+01,2.000000000000000000e+00,0.000000000000000000e+00,5.811123740000000149e-03
1.000000000000000000e+02,1.000000000000000000e+00,0.000000000000000000e+00,6.009206040000000283e-03
1.000000000000000000e+02,2.000000000000000000e+00,0.000000000000000000e+00,5.824663540000000334e-03
1.010000000000000000e+02,1.000000000000000000e+00,0.000000000000000000e+00,5.961107250000000080e-03
1.010000000000000000e+02,2.000000000000000000e+00,0.000000000000000000e+00,5.834782739999999808e-03
1.020000000000000000e+02,1.000000000000000000e+00,0.000000000000000000e+00,5.926309329999999813e-03
1.020000000000000000e+02,2.000000000000000000e+00,0.000000000000000000e+00,5.841980380000000306e-03
1.030000000000000000e+02,1.000000000000000000e+00,0.000000000000000000e+00,5.891045739999999781e-03
1.030000000000000000e+02,2.000000000000000000e+00,0.000000000000000000e+00,5.847351889999999677e-03
1.040000000000000000e+02,1.000000000000000000e+00,0.000000000000000000e+00,5.872430970000000125e-03
1.040000000000000000e+02,2.000000000000000000e+00,0.000000000000000000e+00,5.848227600000000317e-03
1.050000000000000000e+02,1.000000000000000000e+00,0.000000000000000000e+00,5.851384890000000186e-03
1.050000000000000000e+02,2.000000000000000000e+00,0.000000000000000000e+00,5.848322910000000249e-03
1.060000000000000000e+02,1.000000000000000000e+00,0.000000000000000000e+00,5.847601079999999694e-03
1.060000000000000000e+02,2.000000000000000000e+00,0.000000000000000000e+00,5.843516580000000273e-03
1.070000000000000000e+02,1.000000000000000000e+00,0.000000000000000000e+00,5.842694449999999776e-03
1.070000000000000000e+02,2.000000000000000000e+00,0.000000000000000000e+00,5.837686009999999877e-03
1.080000000000000000e+02,1.000000000000000000e+00,0.000000000000000000e+00,5.850444189999999892e-03
1.080000000000000000e+02,2.000000000000000000e+00,0.000000000000000000e+00,5.826913210000000433e-03
1.090000000000000000e+02,1.000000000000000000e+00,0.000000000000000000e+00,5.861958369999999835e-03
1.090000000000000000e+02,2.000000000000000000e+00,0.000000000000000000e+00,5.813184550000000290e-03
1.100000000000000000e+02,1.000000000000000000e+00,0.000000000000000000e+00,5.883009889999999721e-03
1.100000000000000000e+02,2.000000000000000000e+00,0.000000000000000000e+00,5.797686879999999765e-03
1.110000000000000000e+02,1.000000000000000000e+00,0.000000000000000000e+00,5.911844250000000169e-03
1.110000000000000000e+02,2.000000000000000000e+00,0.000000000000000000e+00,5.778664709999999961e-03
1.120000000000000000e+02,1.000000000000000000e+00,0.000000000000000000e+00,5.946329210000000226e-03
1.120000000000000000e+02,2.000000000000000000e+00,0.000000000000000000e+00,5.757379170000000157e-03
1.130000000000000000e+02,1.000000000000000000e+00,0.000000000000000000e+00,5.994122079999999846e-03
1.130000000000000000e+02,2.000000000000000000e+00,0.000000000000000000e+00,5.735144000000000179e-03
1.140000000000000000e+02,1.000000000000000000e+00,0.000000000000000000e+00,6.050347430000000207e-03
1.140000000000000000e+02,2.000000000000000000e+00,0.000000000000000000e+00,5.715525719999999671e-03
1.150000000000000000e+02,1.000000000000000000e+00,0.000000000000000000e+00,6.107382990000000123e-03
1.150000000000000000e+02,2.000000000000000000e+00,0.000000000000000000e+00,5.686490469999999631e-03
1.160000000000000000e+02,1.000000000000000000e+00,0.000000000000000000e+00,6.177400809999999791e-03
1.160000000000000000e+02,2.000000000000000000e+00,0.000000000000000000e+00,5.652156149999999595e-03
1.170000000000000000e+02,1.000000000000000000e+00,0.000000000000000000e+00,6.244508680000000062e-03
1.170000000000000000e+02,2.000000000000000000e+00,0.000000000000000000e+00,5.619109940000000317e-03
1.180000000000000000e+02,1.000000000000000000e+00,0.000000000000000000e+00,6.330942289999999702e-03
1.180000000000000000e+02,2.000000000000000000e+00,0.000000000000000000e+00,5.576594820000000015e-03
1.190000000000000000e+02,1.000000000000000000e+00,0.000000000000000000e+00,6.417080999999999827e-03
1.190000000000000000e+02,2.000000000000000000e+00,0.000000000000000000e+00,5.540984409999999763e-03
1.200000000000000000e+02,1.000000000000000000e+00,0.000000000000000000e+00,6.515283840000000298e-03
1.200000000000000000e+02,2.000000000000000000e+00,0.000000000000000000e+00,5.496709909999999630e-03
1.210000000000000000e+02,1.000000000000000000e+00,0.000000000000000000e+00,6.623526549999999777e-03
1.210000000000000000e+02,2.000000000000000000e+00,0.000000000000000000e+00,5.454680150000000213e-03
1.220000000000000000e+02,1.000000000000000000e+00,0.000000000000000000e+00,6.726225140000000047e-03
1.220000000000000000e+02,2.000000000000000000e+00,0.000000000000000000e+00,5.402956670000000350e-03
1.230000000000000000e+02,1.000000000000000000e+00,0.000000000000000000e+00,6.851932580000000099e-03
1.230000000000000000e+02,2.000000000000000000e+00,0.000000000000000000e+00,5.349062929999999667e-03
1.240000000000000000e+02,1.000000000000000000e+00,0.000000000000000000e+00,6.971060660000000242e-03
1.240000000000000000e+02,2.000000000000000000e+00,0.000000000000000000e+00,5.298427270000000307e-03
1.250000000000000000e+02,1.000000000000000000e+00,0.000000000000000000e+00,7.108980929999999740e-03
1.250000000000000000e+02,2.000000000000000000e+00,0.000000000000000000e+00,5.238283689999999673e-03
1.260000000000000000e+02,1.000000000000000000e+00,0.000000000000000000e+00,7.244269210000000257e-03
1.260000000000000000e+02,2.000000000000000000e+00,0.000000000000000000e+00,5.179609630000000034e-03
1.270000000000000000e+02,1.000000000000000000e+00,0.000000000000000000e+00,7.398872919999999707e-03
1.270000000000000000e+02,2.000000000000000000e+00,0.000000000000000000e+00,5.118975310000000063e-03
1.280000000000000000e+02,1.000000000000000000e+00,0.000000000000000000e+00,7.549388320000000215e-03
1.280000000000000000e+02,2.000000000000000000e+00,0.000000000000000000e+00,5.055346159999999853e-03
1.290000000000000000e+02,1.000000000000000000e+00,0.000000000000000000e+00,7.719341670000000148e-03
1.290000000000000000e+02,2.000000000000000000e+00,0.000000000000000000e+00,4.989202950000000414e-03
1.300000000000000000e+02,1.000000000000000000e+00,0.000000000000000000e+00,7.882528150000000025e-03
1.300000000000000000e+02,2.000000000000000000e+00,0.000000000000000000e+00,4.917796480000000137e-03
1.310000000000000000e+02,1.000000000000000000e+00,0.000000000000000000e+00,8.063604749999999863e-03
1.310000000000000000e+02,2.000000000000000000e+00,0.000000000000000000e+00,4.840354590000000082e-03
1.320000000000000000e+02,1.000000000000000000e+00,0.000000000000000000e+00,8.243587239999999178e-03
1.320000000000000000e+02,2.000000000000000000e+00,0.000000000000000000e+00,4.766069870000000375e-03
1.330000000000000000e+02,1.000000000000000000e+00,0.000000000000000000e+00,8.439273190000000716e-03
1.330000000000000000e+02,2.000000000000000000e+00,0.000000000000000000e+00,4.683765420000000380e-03
1.340000000000000000e+02,1.000000000000000000e+00,0.000000000000000000e+00,8.635796039999999243e-03
1.340000000000000000e+02,2.000000000000000000e+00,0.000000000000000000e+00,4.598085000000000019e-03
1.350000000000000000e+02,1.000000000000000000e+00,0.000000000000000000e+00,8.842457030000000495e-03
1.350000000000000000e+02,2.000000000000000000e+00,0.000000000000000000e+00,4.509223360000000000e-03
1.360000000000000000e+02,1.000000000000000000e+00,0.000000000000000000e+00,9.054481450000000445e-03
1.360000000000000000e+02,2.000000000000000000e+00,0.000000000000000000e+00,4.413975460000000434e-03
1.370000000000000000e+02,1.000000000000000000e+00,0.000000000000000000e+00,9.275538340000000215e-03
1.370000000000000000e+02,2.000000000000000000e+00,0.000000000000000000e+00,4.316506979999999889e-03
1.380000000000000000e+02,1.000000000000000000e+00,0.000000000000000000e+00,9.504707080000000807e-03
1.380000000000000000e+02,2.000000000000000000e+00,0.000000000000000000e+00,4.210234260000000027e-03
1.390000000000000000e+02,1.000000000000000000e+00,0.000000000000000000e+00,9.737226179999999148e-03
1.390000000000000000e+02,2.000000000000000000e+00,0.000000000000000000e+00,4.097011220000000217e-03
1.400000000000000000e+02,1.000000000000000000e+00,0.000000000000000000e+00,9.981100410000000658e-03
1.400000000000000000e+02,2.000000000000000000e+00,0.000000000000000000e+00,3.981690300000000071e-03
1.410000000000000000e+02,1.000000000000000000e+00,0.000000000000000000e+00,1.023320609999999950e-02
1.410000000000000000e+02,2.000000000000000000e+00,0.000000000000000000e+00,3.864019050000000021e-03
1.420000000000000000e+02,1.000000000000000000e+00,0.000000000000000000e+00,1.049204850000000008e-02
1.420000000000000000e+02,2.000000000000000000e+00,0.000000000000000000e+00,3.737025589999999967e-03
1.430000000000000000e+02,1.000000000000000000e+00,0.000000000000000000e+00,1.076414499999999927e-02
1.430000000000000000e+02,2.000000000000000000e+00,0.000000000000000000e+00,3.610718580000000025e-03
1.440000000000000000e+02,1.000000000000000000e+00,0.000000000000000000e+00,1.104556159999999995e-02
1.440000000000000000e+02,2.000000000000000000e+00,0.000000000000000000e+00,3.481981219999999867e-03
1.450000000000000000e+02,1.000000000000000000e+00,0.000000000000000000e+00,1.133198860000000051e-02
1.450000000000000000e+02,2.000000000000000000e+00,0.000000000000000000e+00,3.337842560000000083e-03
1.460000000000000000e+02,1.000000000000000000e+00,0.000000000000000000e+00,1.163614320000000077e-02
1.460000000000000000e+02,2.000000000000000000e+00,0.000000000000000000e+00,3.193905070000000075e-03
1.470000000000000000e+02,1.000000000000000000e+00,0.000000000000000000e+00,1.194217149999999943e-02
1.470000000000000000e+02,2.000000000000000000e+00,0.000000000000000000e+00,3.043207410000000127e-03
1.480000000000000000e+02,1.000000000000000000e+00,0.000000000000000000e+00,1.226335979999999999e-02
1.480000000000000000e+02,2.000000000000000000e+00,0.000000000000000000e+00,2.882630639999999786e-03
1.490000000000000000e+02,1.000000000000000000e+00,0.000000000000000000e+00,1.259436130000000063e-02
1.490000000000000000e+02,2.000000000000000000e+00,0.000000000000000000e+00,2.721656109999999809e-03
1.500000000000000000e+02,1.000000000000000000e+00,0.000000000000000000e+00,1.293969439999999999e-02
1.500000000000000000e+02,2.000000000000000000e+00,0.000000000000000000e+00,2.555459019999999862e-03
1.510000000000000000e+02,1.000000000000000000e+00,0.000000000000000000e+00,1.329867839999999968e-02
1.510000000000000000e+02,2.000000000000000000e+00,0.000000000000000000e+00,2.387661909999999957e-03
1.520000000000000000e+02,1.000000000000000000e+00,0.000000000000000000e+00,1.367084330000000077e-02
1.520000000000000000e+02,2.000000000000000000e+00,0.000000000000000000e+00,2.208634970000000145e-03
1.530000000000000000e+02,1.000000000000000000e+00,0.000000000000000000e+00,1.405154750000000077e-02
1.530000000000000000e+02,2.000000000000000000e+00,0.000000000000000000e+00,2.026874640000000168e-03
1.540000000000000000e+02,1.000000000000000000e+00,0.000000000000000000e+00,1.444369449999999971e-02
1.540000000000000000e+02,2.000000000000000000e+00,0.000000000000000000e+00,1.850302930000000037e-03
1.550000000000000000e+02,1.000000000000000000e+00,0.000000000000000000e+00,1.486447370000000025e-02
1.550000000000000000e+02,2.000000000000000000e+00,0.000000000000000000e+00,1.676345469999999949e-03
1.560000000000000000e+02,1.000000000000000000e+00,0.000000000000000000e+00,1.529746579999999995e-02
1.560000000000000000e+02,2.000000000000000000e+00,0.000000000000000000e+00,1.513633219999999894e-03
1.570000000000000000e+02,1.000000000000000000e+00,0.000000000000000000e+00,1.573811599999999991e-02
1.570000000000000000e+02,2.000000000000000000e+00,0.000000000000000000e+00,1.369638129999999976e-03
1.580000000000000000e+02,1.000000000000000000e+00,0.000000000000000000e+00,1.620788570000000067e-02
1.580000000000000000e+02,2.000000000000000000e+00,0.000000000000000000e+00,1.248572830000000029e-03
1.590000000000000000e+02,1.000000000000000000e+00,0.000000000000000000e+00,1.669051239999999950e-02
1.590000000000000000e+02,2.000000000000000000e+00,0.000000000000000000e+00,1.170954699999999897e-03
1.600000000000000000e+02,1.000000000000000000e+00,0.000000000000000000e+00,1.719190199999999849e-02
1.600000000000000000e+02,2.000000000000000000e+00,0.000000000000000000e+00,1.144033729999999931e-03
1.610000000000000000e+02,1.000000000000000000e+00,0.000000000000000000e+00,1.772099259999999898e-02
1.610000000000000000e+02,2.000000000000000000e+00,0.000000000000000000e+00,1.181907100000000087e-03
1.620000000000000000e+02,1.000000000000000000e+00,0.000000000000000000e+00,1.826303120000000169e-02
1.620000000000000000e+02,2.000000000000000000e+00,0.000000000000000000e+00,1.292739050000000015e-03
1.620000000000000000e+02,3.000000000000000000e+00,0.000000000000000000e+00,1.408862200000000070e-06
1.630000000000000000e+02,1.000000000000000000e+00,0.000000000000000000e+00,1.883428560000000029e-02
1.630000000000000000e+02,2.000000000000000000e+00,0.000000000000000000e+00,1.454737050000000018e-03
1.640000000000000000e+02,1.000000000000000000e+00,0.000000000000000000e+00,1.942666150000000105e-02
1.640000000000000000e+02,2.000000000000000000e+00,0.000000000000000000e+00,1.661261060000000008e-03
1.650000000000000000e+02,1.000000000000000000e+00,0.000000000000000000e+00,2.004291529999999849e-02
1.650000000000000000e+02,2.000000000000000000e+00,0.000000000000000000e+00,1.916132980000000065e-03
1.660000000000000000e+02,1.000000000000000000e+00,0.000000000000000000e+00,2.069266460000000057e-02
1.660000000000000000e+02,2.000000000000000000e+00,0.000000000000000000e+00,2.188484120000000043e-03
1.670000000000000000e+02,1.000000000000000000e+00,0.000000000000000000e+00,2.136657429999999983e-02
1.670000000000000000e+02,2.000000000000000000e+00,0.000000000000000000e+00,2.495688780000000166e-03
1.680000000000000000e+02,1.000000000000000000e+00,0.000000000000000000e+00,2.207337250000000056e-02
1.680000000000000000e+02,2.000000000000000000e+00,0.000000000000000000e+00,2.837261939999999923e-03
1.690000000000000000e+02,1.000000000000000000e+00,0.000000000000000000e+00,2.281589319999999949e-02
1.690000000000000000e+02,2.000000000000000000e+00,0.000000000000000000e+00,3.200268769999999995e-03
1.690000000000000000e+02,3.000000000000000000e+00,0.000000000000000000e+00,8.593518939999999641e-07
1.700000000000000000e+02,1.000000000000000000e+00,0.000000000000000000e+00,2.359303210000000123e-02
1.700000000000000000e+02,2.000000000000000000e+00,0.000000000000000000e+00,3.600198269999999989e-03
1.710000000000000000e+02,1.000000000000000000e+00,0.000000000000000000e+00,2.441606760000000070e-02
1.710000000000000000e+02,2.000000000000000000e+00,0.000000000000000000e+00,4.012990830000000286e-03
1.720000000000000000e+02,1.000000000000000000e+00,0.000000000000000000e+00,2.527788950000000104e-02
1.720000000000000000e+02,2.000000000000000000e+00,0.000000000000000000e+00,4.450950169999999713e-03
1.730000000000000000e+02,1.000000000000000000e+00,0.000000000000000000e+00,2.617839589999999828e-02
1.730000000000000000e+02,2.000000000000000000e+00,0.000000000000000000e+00,4.905210569999999583e-03
1.740000000000000000e+02,1.000000000000000000e+00,0.000000000000000000e+00,2.712169210000000066e-02
1.740000000000000000e+02,2.000000000000000000e+00,0.000000000000000000e+00,5.393953580000000227e-03
1.750000000000000000e+02,1.000000000000000000e+00,0.000000000000000000e+00,2.813437059999999990e-02
1.750000000000000000e+02,2.000000000000000000e+00,0.000000000000000000e+00,5.907668550000000005e-03
1.760000000000000000e+02,1.000000000000000000e+00,0.000000000000000000e+00,2.919080450000000049e-02
1.760000000000000000e+02,2.000000000000000000e+00,0.000000000000000000e+00,6.471852180000000308e-03
1.770000000000000000e+02,1.000000000000000000e+00,0.000000000000000000e+00,3.032107070000000099e-02
1.770000000000000000e+02,2.000000000000000000e+00,0.000000000000000000e+00,7.065250870000000342e-03
1.780000000000000000e+02,1.000000000000000000e+00,0.000000000000000000e+00,3.151173460000000065e-02
1.780000000000000000e+02,2.000000000000000000e+00,0.000000000000000000e+00,7.705429249999999619e-03
1.780000000000000000e+02,3.000000000000000000e+00,0.000000000000000000e+00,1.288159330000000073e-06
1.790000000000000000e+02,1.000000000000000000e+00,0.000000000000000000e+00,3.278783629999999782e-02
1.790000000000000000e+02,2.000000000000000000e+00,0.000000000000000000e+00,8.360521790000000411e-03
1.800000000000000000e+02,1.000000000000000000e+00,0.000000000000000000e+00,3.413375550000000147e-02
1.800000000000000000e+02,2.000000000000000000e+00,0.000000000000000000e+00,9.060220089999999546e-03
1.810000000000000000e+02,1.000000000000000000e+00,0.000000000000000000e+00,3.558196200000000170e-02
1.810000000000000000e+02,2.000000000000000000e+00,0.000000000000000000e+00,9.809786839999999272e-03
1.820000000000000000e+02,1.000000000000000000e+00,0.000000000000000000e+00,3.711250549999999676e-02
1.820000000000000000e+02,2.000000000000000000e+00,0.000000000000000000e+00,1.061325989999999976e-02
1.820000000000000000e+02,3.000000000000000000e+00,0.000000000000000000e+00,6.941593590000000207e-07
1.830000000000000000e+02,1.000000000000000000e+00,0.000000000000000000e+00,3.877503449999999963e-02
1.830000000000000000e+02,2.000000000000000000e+00,0.000000000000000000e+00,1.146860079999999921e-02
1.830000000000000000e+02,3.000000000000000000e+00,0.000000000000000000e+00,5.306339679999999753e-08
1.840000000000000000e+02,1.000000000000000000e+00,0.000000000000000000e+00,4.053820539999999917e-02
1.840000000000000000e+02,2.000000000000000000e+00,0.000000000000000000e+00,1.240342099999999954e-02
1.840000000000000000e+02,3.000000000000000000e+00,0.000000000000000000e+00,5.057985639999999686e-07
1.850000000000000000e+02,1.000000000000000000e+00,0.000000000000000000e+00,4.245937109999999709e-02
1.850000000000000000e+02,2.000000000000000000e+00,0.000000000000000000e+00,1.338528569999999918e-02
1.850000000000000000e+02,3.000000000000000000e+00,0.000000000000000000e+00,6.473641770000000059e-07
1.860000000000000000e+02,1.000000000000000000e+00,0.000000000000000000e+00,4.451500879999999855e-02
1.860000000000000000e+02,2.000000000000000000e+00,0.000000000000000000e+00,1.446297709999999972e-02
1.860000000000000000e+02,3.000000000000000000e+00,0.000000000000000000e+00,4.451002390000000020e-07
1.870000000000000000e+02,1.000000000000000000e+00,0.000000000000000000e+00,4.675985659999999655e-02
1.870000000000000000e+02,2.000000000000000000e+00,0.000000000000000000e+00,1.561911889999999942e-02
1.870000000000000000e+02,3.000000000000000000e+00,0.000000000000000000e+00,6.480700970000000398e-08
1.880000000000000000e+02,1.000000000000000000e+00,0.000000000000000000e+00,4.919371759999999899e-02
1.880000000000000000e+02,2.000000000000000000e+00,0.000000000000000000e+00,1.688381439999999886e-02
1.880000000000000000e+02,3.000000000000000000e+00,0.000000000000000000e+00,1.925716609999999999e-07
1.890000000000000000e+02,1.000000000000000000e+00,0.000000000000000000e+00,5.185415730000000195e-02
1.890000000000000000e+02,2.000000000000000000e+00,0.000000000000000000e+00,1.826370670000000002e-02
1.890000000000000000e+02,3.000000000000000000e+00,0.000000000000000000e+00,1.906333570000000084e-07
1.900000000000000000e+02,1.000000000000000000e+00,0.000000000000000000e+00,5.477526139999999710e-02
1.900000000000000000e+02,2.000000000000000000e+00,0.000000000000000000e+00,1.977168799999999907e-02
1.900000000000000000e+02,3.000000000000000000e+00,0.000000000000000000e+00,8.176279139999999471e-07
1.910000000000000000e+02,1.000000000000000000e+00,0.000000000000000000e+00,5.799161939999999960e-02
1.910000000000000000e+02,2.000000000000000000e+00,0.000000000000000000e+00,2.144234559999999915e-02
1.910000000000000000e+02,3.000000000000000000e+00,0.000000000000000000e+00,3.818981220000000153e-07
1.920000000000000000e+02,1.000000000000000000e+00,0.000000000000000000e+00,6.154731969999999858e-02
1.920000000000000000e+02,2.000000000000000000e+00,0.000000000000000000e+00,2.326575150000000092e-02
1.920000000000000000e+02,3.000000000000000000e+00,0.000000000000000000e+00,2.394697080000000124e-07
1.930000000000000000e+02,1.000000000000000000e+00,0.000000000000000000e+00,6.551517799999999336e-02
1.930000000000000000e+02,2.000000000000000000e+00,0.000000000000000000e+00,2.529633989999999916e-02
1.930000000000000000e+02,3.000000000000000000e+00,0.000000000000000000e+00,3.563312280000000227e-07
1.940000000000000000e+02,1.000000000000000000e+00,0.000000000000000000e+00,6.996355279999999510e-02
1.940000000000000000e+02,2.000000000000000000e+00,0.000000000000000000e+00,2.757850460000000128e-02
1.940000000000000000e+02,3.000000000000000000e+00,0.000000000000000000e+00,1.923660510000000005e-06
1.950000000000000000e+02,1.000000000000000000e+00,0.000000000000000000e+00,7.498482750000000363e-02
1.950000000000000000e+02,2.000000000000000000e+00,0.000000000000000000e+00,3.016617049999999883e-02
1.950000000000000000e+02,3.000000000000000000e+00,0.000000000000000000e+00,2.583025190000000090e-07
1.960000000000000000e+02,1.000000000000000000e+00,0.000000000000000000e+00,8.071208929999999782e-02
1.960000000000000000e+02,2.000000000000000000e+00,0.000000000000000000e+00,3.312124340000000000e-02
1.960000000000000000e+02,3.000000000000000000e+00,0.000000000000000000e+00,4.603424459999999837e-07
1.970000000000000000e+02,1.000000000000000000e+00,0.000000000000000000e+00,8.729153139999999700e-02
1.970000000000000000e+02,2.000000000000000000e+00,0.000000000000000000e+00,3.651858090000000001e-02
1.970000000000000000e+02,3.000000000000000000e+00,0.000000000000000000e+00,6.822928540000000333e-07
1.980000000000000000e+02,1.000000000000000000e+00,0.000000000000000000e+00,9.492732090000000067e-02
1.980000000000000000e+02,2.000000000000000000e+00,0.000000000000000000e+00,4.047079840000000067e-02
1.980000000000000000e+02,3.000000000000000000e+00,0.000000000000000000e+00,4.639213950000000189e-07
1.990000000000000000e+02,1.000000000000000000e+00,0.000000000000000000e+00,1.038973249999999987e-01
1.990000000000000000e+02,2.000000000000000000e+00,0.000000000000000000e+00,4.512115760000000309e-02
1.990000000000000000e+02,3.000000000000000000e+00,0.000000000000000000e+00,9.514627159999999769e-07
2.000000000000000000e+02,1.000000000000000000e+00,0.000000000000000000e+00,1.145805689999999932e-01
2.000000000000000000e+02,2.000000000000000000e+00,0.000000000000000000e+00,5.067065879999999717e-02
2.000000000000000000e+02,3.000000000000000000e+00,0.000000000000000000e+00,4.974672870000000256e-07
2.010000000000000000e+02,1.000000000000000000e+00,0.000000000000000000e+00,8.228905679999999612e-02
2.010000000000000000e+02,2.000000000000000000e+00,0.000000000000000000e+00,5.473093469999999738e-02
2.010000000000000000e+02,3.000000000000000000e+00,0.000000000000000000e+00,8.435112200000000645e-05
2.020000000000000000e+02,1.000000000000000000e+00,0.000000000000000000e+00,5.701918880000000217e-02
2.020000000000000000e+02,2.000000000000000000e+00,0.000000000000000000e+00,5.640229489999999679e-02
2.020000000000000000e+02,3.000000000000000000e+00,0.000000000000000000e+00,5.316615339999999711e-05
2.030000000000000000e+02,1.000000000000000000e+00,0.000000000000000000e+00,5.807784779999999869e-02
2.030000000000000000e+02,2.000000000000000000e+00,0.000000000000000000e+00,5.804594999999999894e-02
2.030000000000000000e+02,3.000000000000000000e+00,0.000000000000000000e+00,5.392780989999999797e-05
2.040000000000000000e+02,1.000000000000000000e+00,0.000000000000000000e+00,5.990646620000000117e-02
2.040000000000000000e+02,2.000000000000000000e+00,0.000000000000000000e+00,5.978693849999999754e-02
2.040000000000000000e+02,3.000000000000000000e+00,0.000000000000000000e+00,1.431381829999999912e-06
2.050000000000000000e+02,1.000000000000000000e+00,0.000000000000000000e+00,6.177624799999999888e-02
2.050000000000000000e+02,2.000000000000000000e+00,0.000000000000000000e+00,6.153877619999999909e-02
2.050000000000000000e+02,3.000000000000000000e+00,0.000000000000000000e+00,4.364672800000000337e-06
2.060000000000000000e+02,1.000000000000000000e+00,0.000000000000000000e+00,6.354257959999999594e-02
2.060000000000000000e+02,2.000000000000000000e+00,0.000000000000000000e+00,6.333587940000000305e-02
2.060000000000000000e+02,3.000000000000000000e+00,0.000000000000000000e+00,1.855851250000000073e-06
2.070000000000000000e+02,1.000000000000000000e+00,0.000000000000000000e+00,6.522288029999999404e-02
2.070000000000000000e+02,2.000000000000000000e+00,0.000000000000000000e+00,6.510578159999999559e-02
2.070000000000000000e+02,3.000000000000000000e+00,0.000000000000000000e+00,1.799804909999999927e-06
2.080000000000000000e+02,1.000000000000000000e+00,0.000000000000000000e+00,6.681560159999999637e-02
2.080000000000000000e+02,2.000000000000000000e+00,0.000000000000000000e+00,6.683924580000000226e-02
2.080000000000000000e+02,3.000000000000000000e+00,0.000000000000000000e+00,1.086921570000000025e-06
2.090000000000000000e+02,1.000000000000000000e+00,0.000000000000000000e+00,6.854984690000000269e-02
2.090000000000000000e+02,2.000000000000000000e+00,0.000000000000000000e+00,6.855002309999999599e-02
2.090000000000000000e+02,3.000000000000000000e+00,0.000000000000000000e+00,3.823984579999999694e-06
2.100000000000000000e+02,1.000000000000000000e+00,0.000000000000000000e+00,7.031789979999999995e-02
2.100000000000000000e+02,2.000000000000000000e+00,0.000000000000000000e+00,7.031117639999999447e-02
2.100000000000000000e+02,3.000000000000000000e+00,0.000000000000000000e+00,4.032824639999999867e-07
2.110000000000000000e+02,1.000000000000000000e+00,0.000000000000000000e+00,7.201355330000000499e-02
2.110000000000000000e+02,2.000000000000000000e+00,0.000000000000000000e+00,7.207871230000000018e-02
2.110000000000000000e+02,3.000000000000000000e+00,0.000000000000000000e+00,2.004353829999999836e-06
2.120000000000000000e+02,1.000000000000000000e+00,0.000000000000000000e+00,7.368793799999999450e-02
2.120000000000000000e+02,2.000000000000000000e+00,0.000000000000000000e+00,7.381766330000000265e-02
2.120000000000000000e+02,3.000000000000000000e+00,0.000000000000000000e+00,1.376194079999999967e-06
2.130000000000000000e+02,1.000000000000000000e+00,0.000000000000000000e+00,7.537419310000000039e-02
2.130000000000000000e+02,2.000000000000000000e+00,0.000000000000000000e+00,7.553858269999999542e-02
2.130000000000000000e+02,3.000000000000000000e+00,0.000000000000000000e+00,3.517028859999999929e-07
2.140000000000000000e+02,1.000000000000000000e+00,0.000000000000000000e+00,7.711859560000000613e-02
2.140000000000000000e+02,2.000000000000000000e+00,0.000000000000000000e+00,7.726403560000000281e-02
2.140000000000000000e+02,3.000000000000000000e+00,0.000000000000000000e+00,1.038572730000000071e-06
2.150000000000000000e+02,1.000000000000000000e+00,0.000000000000000000e+00,7.879985350000000277e-02
2.150000000000000000e+02,2.000000000000000000e+00,0.000000000000000000e+00,7.900655759999999916e-02
2.150000000000000000e+02,3.000000000000000000e+00,0.000000000000000000e+00,3.981789110000000029e-07
2.160000000000000000e+02,1.000000000000000000e+00,0.000000000000000000e+00,8.046128299999999456e-02
2.160000000000000000e+02,2.000000000000000000e+00,0.000000000000000000e+00,8.071307919999999581e-02
2.160000000000000000e+02,3.000000000000000000e+00,0.000000000000000000e+00,2.851086539999999779e-07
2.170000000000000000e+02,1.000000000000000000e+00,0.000000000000000000e+00,8.211264899999999589e-02
2.170000000000000000e+02,2.000000000000000000e+00,0.000000000000000000e+00,8.240171620000000252e-02
2.170000000000000000e+02,3.000000000000000000e+00,0.000000000000000000e+00,6.990294010000000307e-07
2.180000000000000000e+02,1.000000000000000000e+00,0.000000000000000000e+00,8.380125400000000557e-02
2.180000000000000000e+02,2.000000000000000000e+00,0.000000000000000000e+00,8.409520219999999657e-02
2.180000000000000000e+02,3.000000000000000000e+00,0.000000000000000000e+00,1.539514260000000100e-06
2.190000000000000000e+02,1.000000000000000000e+00,0.000000000000000000e+00,8.546028710000000417e-02
2.190000000000000000e+02,2.000000000000000000e+00,0.000000000000000000e+00,8.578832000000000124e-02
2.190000000000000000e+02,3.000000000000000000e+00,0.000000000000000000e+00,5.761598550000000487e-07
2.200000000000000000e+02,1.000000000000000000e+00,0.000000000000000000e+00,8.709025659999999891e-02
2.200000000000000000e+02,2.000000000000000000e+00,0.000000000000000000e+00,8.746999749999999352e-02
2.200000000000000000e+02,3.000000000000000000e+00,0.000000000000000000e+00,2.007366980000000117e-06
2.210000000000000000e+02,1.000000000000000000e+00,0.000000000000000000e+00,8.871646310000000368e-02
2.210000000000000000e+02,2.000000000000000000e+00,0.000000000000000000e+00,8.912892360000000680e-02
2.210000000000000000e+02,3.000000000000000000e+00,0.000000000000000000e+00,5.304329510000000299e-07
2.220000000000000000e+02,1.000000000000000000e+00,0.000000000000000000e+00,9.035016410000000497e-02
2.220000000000000000e+02,2.000000000000000000e+00,0.000000000000000000e+00,9.078368550000000259e-02
2.220000000000000000e+02,3.000000000000000000e+00,0.000000000000000000e+00,4.218612750000000130e-07
2.230000000000000000e+02,1.000000000000000000e+00,0.000000000000000000e+00,9.198520779999999619e-02
2.230000000000000000e+02,2.000000000000000000e+00,0.000000000000000000e+00,9.244792109999999674e-02
2.230000000000000000e+02,3.000000000000000000e+00,0.000000000000000000e+00,5.629720729999999672e-07
2.240000000000000000e+02,1.000000000000000000e+00,0.000000000000000000e+00,9.355284849999999375e-02
2.240000000000000000e+02,2.000000000000000000e+00,0.000000000000000000e+00,9.406856389999999901e-02
2.240000000000000000e+02,3.000000000000000000e+00,0.000000000000000000e+00,6.893670490000000270e-07
2.250000000000000000e+02,1.000000000000000000e+00,0.000000000000000000e+00,9.513291649999999766e-02
2.250000000000000000e+02,2.000000000000000000e+00,0.000000000000000000e+00,9.567131360000000195e-02
2.250000000000000000e+02,3.000000000000000000e+00,0.000000000000000000e+00,7.923220199999999593e-07
2.260000000000000000e+02,1.000000000000000000e+00,0.000000000000000000e+00,9.668994629999999590e-02
2.260000000000000000e+02,2.000000000000000000e+00,0.000000000000000000e+00,9.727204159999999766e-02
2.260000000000000000e+02,3.000000000000000000e+00,0.000000000000000000e+00,1.483526550000000029e-06
2.270000000000000000e+02,1.000000000000000000e+00,0.000000000000000000e+00,9.827365629999999797e-02
2.270000000000000000e+02,2.000000000000000000e+00,0.000000000000000000e+00,9.886495419999999368e-02
2.270000000000000000e+02,3.000000000000000000e+00,0.000000000000000000e+00,4.397516830000000207e-07
2.280000000000000000e+02,1.000000000000000000e+00,0.000000000000000000e+00,9.980373780000000028e-02
2.280000000000000000e+02,2.000000000000000000e+00,0.000000000000000000e+00,1.004538950000000014e-01
2.280000000000000000e+02,3.000000000000000000e+00,0.000000000000000000e+00,2.556983869999999974e-06
2.290000000000000000e+02,1.000000000000000000e+00,0.000000000000000000e+00,1.013411429999999946e-01
2.290000000000000000e+02,2.000000000000000000e+00,0.000000000000000000e+00,1.020127849999999947e-01
2.290000000000000000e+02,3.000000000000000000e+00,0.000000000000000000e+00,8.062871060000000393e-07
2.300000000000000000e+02,1.000000000000000000e+00,0.000000000000000000e+00,1.028535490000000024e-01
2.300000000000000000e+02,2.000000000000000000e+00,0.000000000000000000e+00,1.035652880000000053e-01
2.300000000000000000e+02,3.000000000000000000e+00,0.000000000000000000e+00,4.567462480000000054e-07
2.310000000000000000e+02,1.000000000000000000e+00,0.000000000000000000e+00,1.043772530000000032e-01
2.310000000000000000e+02,2.000000000000000000e+00,0.000000000000000000e+00,1.051173209999999997e-01
2.310000000000000000e+02,3.000000000000000000e+00,0.000000000000000000e+00,1.074172949999999944e-06
2.320000000000000000e+02,1.000000000000000000e+00,0.000000000000000000e+00,1.058843710000000049e-01
2.320000000000000000e+02,2.000000000000000000e+00,0.000000000000000000e+00,1.066641430000000029e-01
2.320000000000000000e+02,3.000000000000000000e+00,0.000000000000000000e+00,7.369803930000000217e-07
2.330000000000000000e+02,1.000000000000000000e+00,0.000000000000000000e+00,1.073774239999999991e-01
2.330000000000000000e+02,2.000000000000000000e+00,0.000000000000000000e+00,1.081976949999999965e-01
2.330000000000000000e+02,3.000000000000000000e+00,0.000000000000000000e+00,1.204552250000000085e-06
2.340000000000000000e+02,1.000000000000000000e+00,0.000000000000000000e+00,1.088725579999999943e-01
2.340000000000000000e+02,2.000000000000000000e+00,0.000000000000000000e+00,1.097240659999999951e-01
2.340000000000000000e+02,3.000000000000000000e+00,0.000000000000000000e+00,1.766543930000000056e-06
2.350000000000000000e+02,1.000000000000000000e+00,0.000000000000000000e+00,1.103668540000000003e-01
2.350000000000000000e+02,2.000000000000000000e+00,0.000000000000000000e+00,1.112574000000000063e-01
2.350000000000000000e+02,3.000000000000000000e+00,0.000000000000000000e+00,1.311889629999999958e-06
2.360000000000000000e+02,1.000000000000000000e+00,0.000000000000000000e+00,1.118607189999999973e-01
2.360000000000000000e+02,2.000000000000000000e+00,0.000000000000000000e+00,1.127856470000000028e-01
2.360000000000000000e+02,3.000000000000000000e+00,0.000000000000000000e+00,6.952986099999999728e-07
2.370000000000000000e+02,1.000000000000000000e+00,0.000000000000000000e+00,1.133333239999999992e-01
2.370000000000000000e+02,2.000000000000000000e+00,0.000000000000000000e+00,1.143025460000000049e-01
2.370000000000000000e+02,3.000000000000000000e+00,0.000000000000000000e+00,1.874012719999999951e-06
2.380000000000000000e+02,1.000000000000000000e+00,0.000000000000000000e+00,1.148304230000000009e-01
2.380000000000000000e+02,2.000000000000000000e+00,0.000000000000000000e+00,1.158350290000000060e-01
2.380000000000000000e+02,3.000000000000000000e+00,0.000000000000000000e+00,1.627146470000000068e-06
2.390000000000000000e+02,1.000000000000000000e+00,0.000000000000000000e+00,1.163099100000000025e-01
2.390000000000000000e+02,2.000000000000000000e+00,0.000000000000000000e+00,1.173649310000000057e-01
2.390000000000000000e+02,3.000000000000000000e+00,0.000000000000000000e+00,2.436594239999999958e-06
2.400000000000000000e+02,1.000000000000000000e+00,0.000000000000000000e+00,1.177954799999999941e-01
2.400000000000000000e+02,2.000000000000000000e+00,0.000000000000000000e+00,1.188804299999999953e-01
2.400000000000000000e+02,3.000000000000000000e+00,0.000000000000000000e+00,5.808908739999999500e-07
2.410000000000000000e+02,1.000000000000000000e+00,0.000000000000000000e+00,1.192521579999999970e-01
2.410000000000000000e+02,2.000000000000000000e+00,0.000000000000000000e+00,1.203897780000000028e-01
2.410000000000000000e+02,3.000000000000000000e+00,0.000000000000000000e+00,7.201517520000000025e-07
2.420000000000000000e+02,1.000000000000000000e+00,0.000000000000000000e+00,1.207087210000000049e-01
2.420000000000000000e+02,2.000000000000000000e+00,0.000000000000000000e+00,1.218788620000000045e-01
2.420000000000000000e+02,3.000000000000000000e+00,0.000000000000000000e+00,5.630883170000000310e-07
2.430000000000000000e+02,1.000000000000000000e+00,0.000000000000000000e+00,1.221346600000000060e-01
2.430000000000000000e+02,2.000000000000000000e+00,0.000000000000000000e+00,1.233531239999999946e-01
2.430000000000000000e+02,3.000000000000000000e+00,0.000000000000000000e+00,4.696125409999999872e-07
2.440000000000000000e+02,1.000000000000000000e+00,0.000000000000000000e+00,1.235529759999999949e-01
2.440000000000000000e+02,2.000000000000000000e+00,0.000000000000000000e+00,1.248097430000000008e-01
2.440000000000000000e+02,3.000000000000000000e+00,0.000000000000000000e+00,6.343953610000000230e-07
2.450000000000000000e+02,1.000000000000000000e+00,0.000000000000000000e+00,1.249473789999999973e-01
2.450000000000000000e+02,2.000000000000000000e+00,0.000000000000000000e+00,1.262519559999999985e-01
2.450000000000000000e+02,3.000000000000000000e+00,0.000000000000000000e+00,2.356939769999999888e-07
2.460000000000000000e+02,1.000000000000000000e+00,0.000000000000000000e+00,1.263308270000000066e-01
2.460000000000000000e+02,2.000000000000000000e+00,0.000000000000000000e+00,1.276763700000000112e-01
2.460000000000000000e+02,3.000000000000000000e+00,0.000000000000000000e+00,7.947841119999999613e-07
2.470000000000000000e+02,1.000000000000000000e+00,0.000000000000000000e+00,1.276977460000000009e-01
2.470000000000000000e+02,2.000000000000000000e+00,0.000000000000000000e+00,1.290877490000000016e-01
2.470000000000000000e+02,3.000000000000000000e+00,0.000000000000000000e+00,1.097433140000000009e-06
2.480000000000000000e+02,1.000000000000000000e+00,0.000000000000000000e+00,1.290595029999999921e-01
2.480000000000000000e+02,2.000000000000000000e+00,0.000000000000000000e+00,1.304915849999999933e-01
2.480000000000000000e+02,3.000000000000000000e+00,0.000000000000000000e+00,8.366965470000000421e-07
2.490000000000000000e+02,1.000000000000000000e+00,0.000000000000000000e+00,1.304096600000000106e-01
2.490000000000000000e+02,2.000000000000000000e+00,0.000000000000000000e+00,1.318857240000000097e-01
2.490000000000000000e+02,3.000000000000000000e+00,0.000000000000000000e+00,1.603194660000000067e-06
2.500000000000000000e+02,1.000000000000000000e+00,0.000000000000000000e+00,1.317406479999999880e-01
2.500000000000000000e+02,2.000000000000000000e+00,0.000000000000000000e+00,1.332623470000000032e-01
2.500000000000000000e+02,3.000000000000000000e+00,0.000000000000000000e+00,6.118250029999999722e-07
2.510000000000000000e+02,1.000000000000000000e+00,0.000000000000000000e+00,1.330539550000000015e-01
2.510000000000000000e+02,2.000000000000000000e+00,0.000000000000000000e+00,1.346191979999999955e-01
2.510000000000000000e+02,3.000000000000000000e+00,0.000000000000000000e+00,6.034642599999999735e-07
2.520000000000000000e+02,1.000000000000000000e+00,0.000000000000000000e+00,1.343415500000000040e-01
2.520000000000000000e+02,2.000000000000000000e+00,0.000000000000000000e+00,1.359541529999999943e-01
2.520000000000000000e+02,3.000000000000000000e+00,0.000000000000000000e+00,7.328812289999999934e-07
2.530000000000000000e+02,1.000000000000000000e+00,0.000000000000000000e+00,1.356188369999999921e-01
2.530000000000000000e+02,2.000000000000000000e+00,0.000000000000000000e+00,1.372732479999999866e-01
2.530000000000000000e+02,3.000000000000000000e+00,0.000000000000000000e+00,1.282511649999999911e-06
2.540000000000000000e+02,1.000000000000000000e+00,0.000000000000000000e+00,1.368734940000000122e-01
2.540000000000000000e+02,2.000000000000000000e+00,0.000000000000000000e+00,1.385752530000000093e-01
2.540000000000000000e+02,3.000000000000000000e+00,0.000000000000000000e+00,2.801539239999999816e-06
2.550000000000000000e+02,1.000000000000000000e+00,0.000000000000000000e+00,1.381092839999999988e-01
2.550000000000000000e+02,2.000000000000000000e+00,0.000000000000000000e+00,1.398541879999999904e-01
2.550000000000000000e+02,3.000000000000000000e+00,0.000000000000000000e+00,5.161246360000000272e-07
2.560000000000000000e+02,1.000000000000000000e+00,0.000000000000000000e+00,1.393422920000000065e-01
2.560000000000000000e+02,2.000000000000000000e+00,0.000000000000000000e+00,1.411315810000000059e-01
2.560000000000000000e+02,3.000000000000000000e+00,0.000000000000000000e+00,1.841177980000000005e-06
2.570000000000000000e+02,1.000000000000000000e+00,0.000000000000000000e+00,1.405474810000000019e-01
2.570000000000000000e+02,2.000000000000000000e+00,0.000000000000000000e+00,1.423891230000000063e-01
2.570000000000000000e+02,3.000000000000000000e+00,0.000000000000000000e+00,8.313661489999999555e-06
2.580000000000000000e+02,1.000000000000000000e+00,0.000000000000000000e+00,1.417371269999999905e-01
2.580000000000000000e+02,2.000000000000000000e+00,0.000000000000000000e+00,1.436165150000000001e-01
2.580000000000000000e+02,3.000000000000000000e+00,0.000000000000000000e+00,2.238226640000000039e-07
2.590000000000000000e+02,1.000000000000000000e+00,0.000000000000000000e+00,1.428903280000000109e-01
2.590000000000000000e+02,2.000000000000000000e+00,0.000000000000000000e+00,1.448217209999999866e-01
2.590000000000000000e+02,3.000000000000000000e+00,0.000000000000000000e+00,1.624615510000000016e-06
2.600000000000000000e+02,1.000000000000000000e+00,0.000000000000000000e+00,1.440280489999999913e-01
2.600000000000000000e+02,2.000000000000000000e+00,0.000000000000000000e+00,1.459975870000000120e-01
2.600000000000000000e+02,3.000000000000000000e+00,0.000000000000000000e+00,7.822529500000000140e-07
2.610000000000000000e+02,1.000000000000000000e+00,0.000000000000000000e+00,1.451007300000000111e-01
2.610000000000000000e+02,2.000000000000000000e+00,0.000000000000000000e+00,1.471233769999999996e-01
2.610000000000000000e+02,3.000000000000000000e+00,0.000000000000000000e+00,3.597471560000000033e-06
2.620000000000000000e+02,1.000000000000000000e+00,0.000000000000000000e+00,1.461635460000000053e-01
2.620000000000000000e+02,2.000000000000000000e+00,0.000000000000000000e+00,1.482137729999999931e-01
2.620000000000000000e+02,3.000000000000000000e+00,0.000000000000000000e+00,2.936630400000000133e-06
2.630000000000000000e+02,1.000000000000000000e+00,0.000000000000000000e+00,1.471765009999999874e-01
2.630000000000000000e+02,2.000000000000000000e+00,0.000000000000000000e+00,1.492875979999999936e-01
2.630000000000000000e+02,3.000000000000000000e+00,0.000000000000000000e+00,2.368231329999999979e-06
2.640000000000000000e+02,1.000000000000000000e+00,0.000000000000000000e+00,1.481880050000000115e-01
2.640000000000000000e+02,2.000000000000000000e+00,0.000000000000000000e+00,1.503245709999999902e-01
2.640000000000000000e+02,3.000000000000000000e+00,0.000000000000000000e+00,3.888383689999999821e-06
2.650000000000000000e+02,1.000000000000000000e+00,0.000000000000000000e+00,1.491508400000000067e-01
2.650000000000000000e+02,2.000000000000000000e+00,0.000000000000000000e+00,1.513382010000000055e-01
2.650000000000000000e+02,3.000000000000000000e+00,0.000000000000000000e+00,2.625077089999999871e-07
2.660000000000000000e+02,1.000000000000000000e+00,0.000000000000000000e+00,1.500624879999999939e-01
2.660000000000000000e+02,2.000000000000000000e+00,0.000000000000000000e+00,1.522888530000000018e-01
2.660000000000000000e+02,3.000000000000000000e+00,0.000000000000000000e+00,3.342380649999999866e-06
2.670000000000000000e+02,1.000000000000000000e+00,0.000000000000000000e+00,1.509596749999999876e-01
2.670000000000000000e+02,2.000000000000000000e+00,0.000000000000000000e+00,1.532134480000000021e-01
2.670000000000000000e+02,3.000000000000000000e+00,0.000000000000000000e+00,1.598470659999999899e-06
2.680000000000000000e+02,1.000000000000000000e+00,0.000000000000000000e+00,1.518095319999999970e-01
2.680000000000000000e+02,2.000000000000000000e+00,0.000000000000000000e+00,1.541186850000000053e-01
2.680000000000000000e+02,3.000000000000000000e+00,0.000000000000000000e+00,3.424549080000000153e-06
2.690000000000000000e+02,1.000000000000000000e+00,0.000000000000000000e+00,1.526757649999999911e-01
2.690000000000000000e+02,2.000000000000000000e+00,0.000000000000000000e+00,1.549973020000000035e-01
2.690000000000000000e+02,3.000000000000000000e+00,0.000000000000000000e+00,1.702069840000000049e-06
2.700000000000000000e+02,1.000000000000000000e+00,0.000000000000000000e+00,1.534720990000000007e-01
2.700000000000000000e+02,2.000000000000000000e+00,0.000000000000000000e+00,1.558578630000000131e-01
2.700000000000000000e+02,3.000000000000000000e+00,0.000000000000000000e+00,1.059355770000000039e-06
2.710000000000000000e+02,1.000000000000000000e+00,0.000000000000000000e+00,1.542763219999999935e-01
2.710000000000000000e+02,2.000000000000000000e+00,0.000000000000000000e+00,1.566724409999999956e-01
2.710000000000000000e+02,3.000000000000000000e+00,0.000000000000000000e+00,3.513087919999999993e-07
2.720000000000000000e+02,1.000000000000000000e+00,0.000000000000000000e+00,1.550115330000000069e-01
2.720000000000000000e+02,2.000000000000000000e+00,0.000000000000000000e+00,1.574605480000000057e-01
2.720000000000000000e+02,3.000000000000000000e+00,0.000000000000000000e+00,3.717389650000000229e-07
2.730000000000000000e+02,1.000000000000000000e+00,0.000000000000000000e+00,1.557462290000000138e-01
2.730000000000000000e+02,2.000000000000000000e+00,0.000000000000000000e+00,1.582164389999999865e-01
2.730000000000000000e+02,3.000000000000000000e+00,0.000000000000000000e+00,9.035377619999999843e-07
2.740000000000000000e+02,1.000000000000000000e+00,0.000000000000000000e+00,1.564288650000000003e-01
2.740000000000000000e+02,2.000000000000000000e+00,0.000000000000000000e+00,1.589376379999999922e-01
2.740000000000000000e+02,3.000000000000000000e+00,0.000000000000000000e+00,5.126666240000000331e-07
2.750000000000000000e+02,1.000000000000000000e+00,0.000000000000000000e+00,1.570872809999999953e-01
2.750000000000000000e+02,2.000000000000000000e+00,0.000000000000000000e+00,1.596244280000000126e-01
2.750000000000000000e+02,3.000000000000000000e+00,0.000000000000000000e+00,1.151457300000000015e-06
2.760000000000000000e+02,1.000000000000000000e+00,0.000000000000000000e+00,1.577116130000000005e-01
2.760000000000000000e+02,2.000000000000000000e+00,0.000000000000000000e+00,1.602760609999999974e-01
2.760000000000000000e+02,3.000000000000000000e+00,0.000000000000000000e+00,1.637471830000000085e-06
2.770000000000000000e+02,1.000000000000000000e+00,0.000000000000000000e+00,1.583014440000000134e-01
2.770000000000000000e+02,2.000000000000000000e+00,0.000000000000000000e+00,1.608996550000000025e-01
2.770000000000000000e+02,3.000000000000000000e+00,0.000000000000000000e+00,4.257822120000000219e-07
2.780000000000000000e+02,1.000000000000000000e+00,0.000000000000000000e+00,1.588457799999999920e-01
2.780000000000000000e+02,2.000000000000000000e+00,0.000000000000000000e+00,1.614674730000000002e-01
2.780000000000000000e+02,3.000000000000000000e+00,0.000000000000000000e+00,2.330523620000000095e-06
2.790000000000000000e+02,1.000000000000000000e+00,0.000000000000000000e+00,1.593564530000000090e-01
2.790000000000000000e+02,2.000000000000000000e+00,0.000000000000000000e+00,1.620003519999999864e-01
2.790000000000000000e+02,3.000000000000000000e+00,0.000000000000000000e+00,1.358893549999999921e-06
2.800000000000000000e+02,1.000000000000000000e+00,0.000000000000000000e+00,1.598303179999999990e-01
2.800000000000000000e+02,2.000000000000000000e+00,0.000000000000000000e+00,1.625022979999999895e-01
2.800000000000000000e+02,3.000000000000000000e+00,0.000000000000000000e+00,1.892797849999999938e-06
2.810000000000000000e+02,1.000000000000000000e+00,0.000000000000000000e+00,1.602803929999999932e-01
2.810000000000000000e+02,2.000000000000000000e+00,0.000000000000000000e+00,1.629684180000000038e-01
2.810000000000000000e+02,3.000000000000000000e+00,0.000000000000000000e+00,3.267394550000000184e-06
2.820000000000000000e+02,1.000000000000000000e+00,0.000000000000000000e+00,1.606920039999999994e-01
2.820000000000000000e+02,2.000000000000000000e+00,0.000000000000000000e+00,1.634048429999999941e-01
2.820000000000000000e+02,3.000000000000000000e+00,0.000000000000000000e+00,2.674784859999999921e-06
2.830000000000000000e+02,1.000000000000000000e+00,0.000000000000000000e+00,1.610775130000000055e-01
2.830000000000000000e+02,2.000000000000000000e+00,0.000000000000000000e+00,1.638047990000000009e-01
2.830000000000000000e+02,3.000000000000000000e+00,0.000000000000000000e+00,7.207659560000000094e-07
2.840000000000000000e+02,1.000000000000000000e+00,0.000000000000000000e+00,1.614201739999999996e-01
2.840000000000000000e+02,2.000000000000000000e+00,0.000000000000000000e+00,1.641668819999999862e-01
2.840000000000000000e+02,3.000000000000000000e+00,0.000000000000000000e+00,1.012443140000000040e-06
2.850000000000000000e+02,1.000000000000000000e+00,0.000000000000000000e+00,1.617334360000000082e-01
2.850000000000000000e+02,2.000000000000000000e+00,0.000000000000000000e+00,1.644919830000000083e-01
2.850000000000000000e+02,3.000000000000000000e+00,0.000000000000000000e+00,7.868047059999999495e-07
2.860000000000000000e+02,1.000000000000000000e+00,0.000000000000000000e+00,1.620072579999999873e-01
2.860000000000000000e+02,2.000000000000000000e+00,0.000000000000000000e+00,1.647817330000000136e-01
2.860000000000000000e+02,3.000000000000000000e+00,0.000000000000000000e+00,7.065382239999999888e-07
2.870000000000000000e+02,1.000000000000000000e+00,0.000000000000000000e+00,1.622498119999999933e-01
2.870000000000000000e+02,2.000000000000000000e+00,0.000000000000000000e+00,1.650361830000000030e-01
2.870000000000000000e+02,3.000000000000000000e+00,0.000000000000000000e+00,3.481455409999999756e-07
2.880000000000000000e+02,1.000000000000000000e+00,0.000000000000000000e+00,1.624606520000000109e-01
2.880000000000000000e+02,2.000000000000000000e+00,0.000000000000000000e+00,1.652561820000000015e-01
2.880000000000000000e+02,3.000000000000000000e+00,0.000000000000000000e+00,9.466192000000000516e-07
2.890000000000000000e+02,1.000000000000000000e+00,0.000000000000000000e+00,1.626258610000000104e-01
2.890000000000000000e+02,2.000000000000000000e+00,0.000000000000000000e+00,1.654347909999999977e-01
2.890000000000000000e+02,3.000000000000000000e+00,0.000000000000000000e+00,7.170535029999999803e-07
2.900000000000000000e+02,1.000000000000000000e+00,0.000000000000000000e+00,1.627601569999999886e-01
2.900000000000000000e+02,2.000000000000000000e+00,0.000000000000000000e+00,1.655679479999999926e-01
2.900000000000000000e+02,3.000000000000000000e+00,0.000000000000000000e+00,1.469061250000000088e-06
2.910000000000000000e+02,1.000000000000000000e+00,0.000000000000000000e+00,1.628384039999999922e-01
2.910000000000000000e+02,2.000000000000000000e+00,0.000000000000000000e+00,1.656641670000000011e-01
2.910000000000000000e+02,3.000000000000000000e+00,0.000000000000000000e+00,1.575735989999999906e-06
2.920000000000000000e+02,1.000000000000000000e+00,0.000000000000000000e+00,1.629025430000000108e-01
2.920000000000000000e+02,2.000000000000000000e+00,0.000000000000000000e+00,1.657144909999999915e-01
2.920000000000000000e+02,3.000000000000000000e+00,0.000000000000000000e+00,7.479296870000000410e-06
2.930000000000000000e+02,1.000000000000000000e+00,0.000000000000000000e+00,1.629018789999999994e-01
2.930000000000000000e+02,2.000000000000000000e+00,0.000000000000000000e+00,1.657322159999999878e-01
2.930000000000000000e+02,3.000000000000000000e+00,0.000000000000000000e+00,7.793851359999999777e-07
2.940000000000000000e+02,1.000000000000000000e+00,0.000000000000000000e+00,1.628911620000000060e-01
2.940000000000000000e+02,2.000000000000000000e+00,0.000000000000000000e+00,1.657031180000000103e-01
2.940000000000000000e+02,3.000000000000000000e+00,0.000000000000000000e+00,7.423104239999999841e-07
2.950000000000000000e+02,1.000000000000000000e+00,0.000000000000000000e+00,1.628185129999999980e-01
2.950000000000000000e+02,2.000000000000000000e+00,0.000000000000000000e+00,1.656399799999999922e-01
2.950000000000000000e+02,3.000000000000000000e+00,0.000000000000000000e+00,2.208410970000000091e-06
2.960000000000000000e+02,1.000000000000000000e+00,0.000000000000000000e+00,1.627235760000000087e-01
2.960000000000000000e+02,2.000000000000000000e+00,0.000000000000000000e+00,1.655329500000000120e-01
2.960000000000000000e+02,3.000000000000000000e+00,0.000000000000000000e+00,2.119698820000000175e-06
2.970000000000000000e+02,1.000000000000000000e+00,0.000000000000000000e+00,1.625786730000000069e-01
2.970000000000000000e+02,2.000000000000000000e+00,0.000000000000000000e+00,1.653846790000000067e-01
2.970000000000000000e+02,3.000000000000000000e+00,0.000000000000000000e+00,2.688577670000000076e-06
2.980000000000000000e+02,1.000000000000000000e+00,0.000000000000000000e+00,1.623976910000000107e-01
2.980000000000000000e+02,2.000000000000000000e+00,0.000000000000000000e+00,1.651952949999999920e-01
2.980000000000000000e+02,3.000000000000000000e+00,0.000000000000000000e+00,4.619679770000000203e-07
2.990000000000000000e+02,1.000000000000000000e+00,0.000000000000000000e+00,1.621688020000000008e-01
2.990000000000000000e+02,2.000000000000000000e+00,0.000000000000000000e+00,1.649534089999999953e-01
2.990000000000000000e+02,3.000000000000000000e+00,0.000000000000000000e+00,8.310287859999999877e-07
3.000000000000000000e+02,1.000000000000000000e+00,0.000000000000000000e+00,1.619120169999999914e-01
3.000000000000000000e+02,2.000000000000000000e+00,0.000000000000000000e+00,1.646830559999999943e-01
3.000000000000000000e+02,3.000000000000000000e+00,0.000000000000000000e+00,3.197780199999999863e-06
3.010000000000000000e+02,1.000000000000000000e+00,0.000000000000000000e+00,1.616133459999999911e-01
3.010000000000000000e+02,2.000000000000000000e+00,0.000000000000000000e+00,1.643767030000000129e-01
3.010000000000000000e+02,3.000000000000000000e+00,0.000000000000000000e+00,3.964910110000000398e-06
3.020000000000000000e+02,1.000000000000000000e+00,0.000000000000000000e+00,1.612757730000000111e-01
3.020000000000000000e+02,2.000000000000000000e+00,0.000000000000000000e+00,1.640157180000000048e-01
3.020000000000000000e+02,3.000000000000000000e+00,0.000000000000000000e+00,2.226672110000000050e-06
3.030000000000000000e+02,1.000000000000000000e+00,0.000000000000000000e+00,1.609005430000000070e-01
3.030000000000000000e+02,2.000000000000000000e+00,0.000000000000000000e+00,1.636234219999999906e-01
3.030000000000000000e+02,3.000000000000000000e+00,0.000000000000000000e+00,6.440160509999999877e-06
3.040000000000000000e+02,1.000000000000000000e+00,0.000000000000000000e+00,1.604810020000000115e-01
3.040000000000000000e+02,2.000000000000000000e+00,0.000000000000000000e+00,1.631875799999999987e-01
3.040000000000000000e+02,3.000000000000000000e+00,0.000000000000000000e+00,3.217314790000000172e-06
3.050000000000000000e+02,1.000000000000000000e+00,0.000000000000000000e+00,1.600204699999999980e-01
3.050000000000000000e+02,2.000000000000000000e+00,0.000000000000000000e+00,1.627006739999999896e-01
3.050000000000000000e+02,3.000000000000000000e+00,0.000000000000000000e+00,1.109678540000000019e-06
3.060000000000000000e+02,1.000000000000000000e+00,0.000000000000000000e+00,1.595181790000000099e-01
3.060000000000000000e+02,2.000000000000000000e+00,0.000000000000000000e+00,1.621778769999999981e-01
3.060000000000000000e+02,3.000000000000000000e+00,0.000000000000000000e+00,1.386572549999999940e-06
3.070000000000000000e+02,1.000000000000000000e+00,0.000000000000000000e+00,1.589804419999999996e-01
3.070000000000000000e+02,2.000000000000000000e+00,0.000000000000000000e+00,1.616148040000000008e-01
3.070000000000000000e+02,3.000000000000000000e+00,0.000000000000000000e+00,1.017220100000000044e-06
3.080000000000000000e+02,1.000000000000000000e+00,0.000000000000000000e+00,1.584035099999999974e-01
3.080000000000000000e+02,2.000000000000000000e+00,0.000000000000000000e+00,1.610110339999999973e-01
3.080000000000000000e+02,3.000000000000000000e+00,0.000000000000000000e+00,1.537069410000000069e-06
3.090000000000000000e+02,1.000000000000000000e+00,0.000000000000000000e+00,1.577898189999999978e-01
3.090000000000000000e+02,2.000000000000000000e+00,0.000000000000000000e+00,1.603686860000000103e-01
3.090000000000000000e+02,3.000000000000000000e+00,0.000000000000000000e+00,2.905281609999999944e-06
3.100000000000000000e+02,1.000000000000000000e+00,0.000000000000000000e+00,1.571380990000000033e-01
3.100000000000000000e+02,2.000000000000000000e+00,0.000000000000000000e+00,1.596878569999999886e-01
3.100000000000000000e+02,3.000000000000000000e+00,0.000000000000000000e+00,1.352844459999999909e-06
3.110000000000000000e+02,1.000000000000000000e+00,0.000000000000000000e+00,1.564529060000000027e-01
3.110000000000000000e+02,2.000000000000000000e+00,0.000000000000000000e+00,1.589690219999999876e-01
3.110000000000000000e+02,3.000000000000000000e+00,0.000000000000000000e+00,7.247418669999999598e-07
3.120000000000000000e+02,1.000000000000000000e+00,0.000000000000000000e+00,1.557234710000000022e-01
3.120000000000000000e+02,2.000000000000000000e+00,0.000000000000000000e+00,1.582102780000000097e-01
3.120000000000000000e+02,3.000000000000000000e+00,0.000000000000000000e+00,9.766495650000000107e-07
3.130000000000000000e+02,1.000000000000000000e+00,0.000000000000000000e+00,1.549624199999999896e-01
3.130000000000000000e+02,2.000000000000000000e+00,0.000000000000000000e+00,1.574094799999999905e-01
3.130000000000000000e+02,3.000000000000000000e+00,0.000000000000000000e+00,8.520150019999999508e-07
3.140000000000000000e+02,1.000000000000000000e+00,0.000000000000000000e+00,1.541553569999999929e-01
3.140000000000000000e+02,2.000000000000000000e+00,0.000000000000000000e+00,1.565728660000000050e-01
3.140000000000000000e+02,3.000000000000000000e+00,0.000000000000000000e+00,5.228401789999999498e-07
3.150000000000000000e+02,1.000000000000000000e+00,0.000000000000000000e+00,1.533192899999999970e-01
3.150000000000000000e+02,2.000000000000000000e+00,0.000000000000000000e+00,1.556938690000000125e-01
3.150000000000000000e+02,3.000000000000000000e+00,0.000000000000000000e+00,4.181149990000000052e-07
3.160000000000000000e+02,1.000000000000000000e+00,0.000000000000000000e+00,1.524366030000000038e-01
3.160000000000000000e+02,2.000000000000000000e+00,0.000000000000000000e+00,1.547764470000000114e-01
3.160000000000000000e+02,3.000000000000000000e+00,0.000000000000000000e+00,3.903001839999999735e-07
3.170000000000000000e+02,1.000000000000000000e+00,0.000000000000000000e+00,1.515267429999999915e-01
3.170000000000000000e+02,2.000000000000000000e+00,0.000000000000000000e+00,1.538230050000000126e-01
3.170000000000000000e+02,3.000000000000000000e+00,0.000000000000000000e+00,1.222169910000000035e-06
3.180000000000000000e+02,1.000000000000000000e+00,0.000000000000000000e+00,1.505745320000000109e-01
3.180000000000000000e+02,2.000000000000000000e+00,0.000000000000000000e+00,1.528349109999999900e-01
3.180000000000000000e+02,3.000000000000000000e+00,0.000000000000000000e+00,5.617203330000000201e-07
3.190000000000000000e+02,1.000000000000000000e+00,0.000000000000000000e+00,1.495925590000000138e-01
3.190000000000000000e+02,2.000000000000000000e+00,0.000000000000000000e+00,1.518080669999999910e-01
3.190000000000000000e+02,3.000000000000000000e+00,0.000000000000000000e+00,2.590178420000000062e-07
3.200000000000000000e+02,1.000000000000000000e+00,0.000000000000000000e+00,1.485543310000000117e-01
3.200000000000000000e+02,2.000000000000000000e+00,0.000000000000000000e+00,1.507271189999999927e-01
3.200000000000000000e+02,3.000000000000000000e+00,0.000000000000000000e+00,4.397529489999999862e-06
3.210000000000000000e+02,1.000000000000000000e+00,0.000000000000000000e+00,1.474860309999999897e-01
3.210000000000000000e+02,2.000000000000000000e+00,0.000000000000000000e+00,1.496148680000000120e-01
3.210000000000000000e+02,3.000000000000000000e+00,0.000000000000000000e+00,1.210669040000000039e-06
3.220000000000000000e+02,1.000000000000000000e+00,0.000000000000000000e+00,1.463906279999999949e-01
3.220000000000000000e+02,2.000000000000000000e+00,0.000000000000000000e+00,1.484727949999999908e-01
3.220000000000000000e+02,3.000000000000000000e+00,0.000000000000000000e+00,5.635272200000000022e-06
3.220000000000000000e+02,4.000000000000000000e+00,0.000000000000000000e+00,1.219033249999999972e-05
3.230000000000000000e+02,1.000000000000000000e+00,0.000000000000000000e+00,1.452637290000000081e-01
3.230000000000000000e+02,2.000000000000000000e+00,0.000000000000000000e+00,1.473091069999999947e-01
3.230000000000000000e+02,3.000000000000000000e+00,0.000000000000000000e+00,2.638715240000000051e-06
3.240000000000000000e+02,1.000000000000000000e+00,0.000000000000000000e+00,1.441078729999999974e-01
3.240000000000000000e+02,2.000000000000000000e+00,0.000000000000000000e+00,1.461006850000000079e-01
3.240000000000000000e+02,3.000000000000000000e+00,0.000000000000000000e+00,8.014430350000000065e-07
3.250000000000000000e+02,1.000000000000000000e+00,0.000000000000000000e+00,1.429123190000000099e-01
3.250000000000000000e+02,2.000000000000000000e+00,0.000000000000000000e+00,1.448633310000000118e-01
3.250000000000000000e+02,3.000000000000000000e+00,0.000000000000000000e+00,1.040207799999999929e-06
3.260000000000000000e+02,1.000000000000000000e+00,0.000000000000000000e+00,1.416920309999999961e-01
3.260000000000000000e+02,2.000000000000000000e+00,0.000000000000000000e+00,1.435917919999999959e-01
3.260000000000000000e+02,3.000000000000000000e+00,0.000000000000000000e+00,5.525725070000000191e-07
3.270000000000000000e+02,1.000000000000000000e+00,0.000000000000000000e+00,1.404280039999999952e-01
3.270000000000000000e+02,2.000000000000000000e+00,0.000000000000000000e+00,1.422834269999999901e-01
3.270000000000000000e+02,3.000000000000000000e+00,0.000000000000000000e+00,5.928241540000000178e-07
3.280000000000000000e+02,1.000000000000000000e+00,0.000000000000000000e+00,1.391368879999999864e-01
3.280000000000000000e+02,2.000000000000000000e+00,0.000000000000000000e+00,1.409404270000000070e-01
3.280000000000000000e+02,3.000000000000000000e+00,0.000000000000000000e+00,5.198076719999999930e-08
3.290000000000000000e+02,1.000000000000000000e+00,0.000000000000000000e+00,1.378265140000000111e-01
3.290000000000000000e+02,2.000000000000000000e+00,0.000000000000000000e+00,1.395825649999999918e-01
3.290000000000000000e+02,3.000000000000000000e+00,0.000000000000000000e+00,6.307895760000000492e-07
3.300000000000000000e+02,1.000000000000000000e+00,0.000000000000000000e+00,1.364932630000000036e-01
3.300000000000000000e+02,2.000000000000000000e+00,0.000000000000000000e+00,1.382068800000000042e-01
3.300000000000000000e+02,3.000000000000000000e+00,0.000000000000000000e+00,1.850345180000000087e-06
3.310000000000000000e+02,1.000000000000000000e+00,0.000000000000000000e+00,1.351375740000000103e-01
3.310000000000000000e+02,2.000000000000000000e+00,0.000000000000000000e+00,1.367980669999999954e-01
3.310000000000000000e+02,3.000000000000000000e+00,0.000000000000000000e+00,4.247900490000000316e-06
3.320000000000000000e+02,1.000000000000000000e+00,0.000000000000000000e+00,1.337511819999999962e-01
3.320000000000000000e+02,2.000000000000000000e+00,0.000000000000000000e+00,1.353682559999999924e-01
3.320000000000000000e+02,3.000000000000000000e+00,0.000000000000000000e+00,7.268987240000000076e-07
3.330000000000000000e+02,1.000000000000000000e+00,0.000000000000000000e+00,1.323339759999999921e-01
3.330000000000000000e+02,2.000000000000000000e+00,0.000000000000000000e+00,1.339046899999999929e-01
3.330000000000000000e+02,3.000000000000000000e+00,0.000000000000000000e+00,1.107309300000000035e-06
3.340000000000000000e+02,1.000000000000000000e+00,0.000000000000000000e+00,1.308872859999999916e-01
3.340000000000000000e+02,2.000000000000000000e+00,0.000000000000000000e+00,1.324064070000000037e-01
3.340000000000000000e+02,3.000000000000000000e+00,0.000000000000000000e+00,2.451566359999999794e-07
3.350000000000000000e+02,1.000000000000000000e+00,0.000000000000000000e+00,1.294045309999999893e-01
3.350000000000000000e+02,2.000000000000000000e+00,0.000000000000000000e+00,1.308823550000000058e-01
3.350000000000000000e+02,3.000000000000000000e+00,0.000000000000000000e+00,1.269369279999999973e-07
3.360000000000000000e+02,1.000000000000000000e+00,0.000000000000000000e+00,1.279024870000000091e-01
3.360000000000000000e+02,2.000000000000000000e+00,0.000000000000000000e+00,1.293285799999999985e-01
3.360000000000000000e+02,3.000000000000000000e+00,0.000000000000000000e+00,7.512744320000000396e-08
3.370000000000000000e+02,1.000000000000000000e+00,0.000000000000000000e+00,1.263661899999999894e-01
3.370000000000000000e+02,2.000000000000000000e+00,0.000000000000000000e+00,1.277501370000000136e-01
3.370000000000000000e+02,3.000000000000000000e+00,0.000000000000000000e+00,6.368485649999999976e-08
3.380000000000000000e+02,1.000000000000000000e+00,0.000000000000000000e+00,1.248120590000000030e-01
3.380000000000000000e+02,2.000000000000000000e+00,0.000000000000000000e+00,1.261471419999999899e-01
3.380000000000000000e+02,3.000000000000000000e+00,0.000000000000000000e+00,3.095364870000000194e-07
3.390000000000000000e+02,1.000000000000000000e+00,0.000000000000000000e+00,1.232357139999999962e-01
3.390000000000000000e+02,2.000000000000000000e+00,0.000000000000000000e+00,1.245255430000000024e-01
3.390000000000000000e+02,3.000000000000000000e+00,0.000000000000000000e+00,8.094301579999999537e-07
3.400000000000000000e+02,1.000000000000000000e+00,0.000000000000000000e+00,1.216473460000000034e-01
3.400000000000000000e+02,2.000000000000000000e+00,0.000000000000000000e+00,1.228893120000000005e-01
3.400000000000000000e+02,3.000000000000000000e+00,0.000000000000000000e+00,1.462208829999999953e-07
3.410000000000000000e+02,1.000000000000000000e+00,0.000000000000000000e+00,1.200359240000000022e-01
3.410000000000000000e+02,2.000000000000000000e+00,0.000000000000000000e+00,1.212348399999999965e-01
3.410000000000000000e+02,3.000000000000000000e+00,0.000000000000000000e+00,1.942647410000000076e-06
3.420000000000000000e+02,1.000000000000000000e+00,0.000000000000000000e+00,1.184154989999999935e-01
3.420000000000000000e+02,2.000000000000000000e+00,0.000000000000000000e+00,1.195661479999999971e-01
3.420000000000000000e+02,3.000000000000000000e+00,0.000000000000000000e+00,8.479634140000000270e-07
3.430000000000000000e+02,1.000000000000000000e+00,0.000000000000000000e+00,1.167693489999999945e-01
3.430000000000000000e+02,2.000000000000000000e+00,0.000000000000000000e+00,1.178814110000000054e-01
3.430000000000000000e+02,3.000000000000000000e+00,0.000000000000000000e+00,3.314015480000000199e-06
3.440000000000000000e+02,1.000000000000000000e+00,0.000000000000000000e+00,1.151126209999999983e-01
3.440000000000000000e+02,2.000000000000000000e+00,0.000000000000000000e+00,1.161759569999999964e-01
3.440000000000000000e+02,3.000000000000000000e+00,0.000000000000000000e+00,2.350194780000000084e-06
3.450000000000000000e+02,1.000000000000000000e+00,0.000000000000000000e+00,1.134338149999999934e-01
3.450000000000000000e+02,2.000000000000000000e+00,0.000000000000000000e+00,1.144580270000000038e-01
3.450000000000000000e+02,3.000000000000000000e+00,0.000000000000000000e+00,2.738895289999999797e-06
3.460000000000000000e+02,1.000000000000000000e+00,0.000000000000000000e+00,1.117450779999999977e-01
3.460000000000000000e+02,2.000000000000000000e+00,0.000000000000000000e+00,1.127253049999999979e-01
3.460000000000000000e+02,3.000000000000000000e+00,0.000000000000000000e+00,3.267797890000000048e-06
3.470000000000000000e+02,1.000000000000000000e+00,0.000000000000000000e+00,1.100402719999999945e-01
3.470000000000000000e+02,2.000000000000000000e+00,0.000000000000000000e+00,1.109799669999999988e-01
3.470000000000000000e+02,3.000000000000000000e+00,0.000000000000000000e+00,6.579100559999999739e-06
3.480000000000000000e+02,1.000000000000000000e+00,0.000000000000000000e+00,1.083215960000000061e-01
3.480000000000000000e+02,2.000000000000000000e+00,0.000000000000000000e+00,1.092228670000000013e-01
3.480000000000000000e+02,3.000000000000000000e+00,0.000000000000000000e+00,4.545709160000000141e-07
3.490000000000000000e+02,1.000000000000000000e+00,0.000000000000000000e+00,1.065958979999999945e-01
3.490000000000000000e+02,2.000000000000000000e+00,0.000000000000000000e+00,1.074543589999999993e-01
3.490000000000000000e+02,3.000000000000000000e+00,0.000000000000000000e+00,8.961780570000000144e-07
3.500000000000000000e+02,1.000000000000000000e+00,0.000000000000000000e+00,1.048532930000000002e-01
3.500000000000000000e+02,2.000000000000000000e+00,0.000000000000000000e+00,1.056786620000000065e-01
3.500000000000000000e+02,3.000000000000000000e+00,0.000000000000000000e+00,3.279710260000000074e-07
3.510000000000000000e+02,1.000000000000000000e+00,0.000000000000000000e+00,1.031111650000000046e-01
3.510000000000000000e+02,2.000000000000000000e+00,0.000000000000000000e+00,1.038932240000000062e-01
3.510000000000000000e+02,3.000000000000000000e+00,0.000000000000000000e+00,2.243636299999999911e-07
3.520000000000000000e+02,1.000000000000000000e+00,0.000000000000000000e+00,1.013495199999999985e-01
3.520000000000000000e+02,2.000000000000000000e+00,0.000000000000000000e+00,1.021010610000000068e-01
3.520000000000000000e+02,3.000000000000000000e+00,0.000000000000000000e+00,1.215451159999999914e-06
3.530000000000000000e+02,1.000000000000000000e+00,0.000000000000000000e+00,9.959077930000000134e-02
3.530000000000000000e+02,2.000000000000000000e+00,0.000000000000000000e+00,1.003006369999999980e-01
3.530000000000000000e+02,3.000000000000000000e+00,0.000000000000000000e+00,1.065582840000000022e-06
3.540000000000000000e+02,1.000000000000000000e+00,0.000000000000000000e+00,9.780742209999999937e-02
3.540000000000000000e+02,2.000000000000000000e+00,0.000000000000000000e+00,9.848964189999999397e-02
3.540000000000000000e+02,3.000000000000000000e+00,0.000000000000000000e+00,5.963461589999999532e-07
3.550000000000000000e+02,1.000000000000000000e+00,0.000000000000000000e+00,9.603305970000000635e-02
3.550000000000000000e+02,2.000000000000000000e+00,0.000000000000000000e+00,9.667160180000000658e-02
3.550000000000000000e+02,3.000000000000000000e+00,0.000000000000000000e+00,1.491312809999999901e-06
3.560000000000000000e+02,1.000000000000000000e+00,0.000000000000000000e+00,9.424229350000000449e-02
3.560000000000000000e+02,2.000000000000000000e+00,0.000000000000000000e+00,9.485775589999999313e-02
3.560000000000000000e+02,3.000000000000000000e+00,0.000000000000000000e+00,1.877757440000000032e-06
3.570000000000000000e+02,1.000000000000000000e+00,0.000000000000000000e+00,9.246369029999999822e-02
3.570000000000000000e+02,2.000000000000000000e+00,0.000000000000000000e+00,9.303892079999999398e-02
3.570000000000000000e+02,3.000000000000000000e+00,0.000000000000000000e+00,7.234713960000000405e-07
3.580000000000000000e+02,1.000000000000000000e+00,0.000000000000000000e+00,9.066798980000000119e-02
3.580000000000000000e+02,2.000000000000000000e+00,0.000000000000000000e+00,9.121904640000000342e-02
3.580000000000000000e+02,3.000000000000000000e+00,0.000000000000000000e+00,1.123965619999999966e-07
3.590000000000000000e+02,1.000000000000000000e+00,0.000000000000000000e+00,8.888087290000000473e-02
3.590000000000000000e+02,2.000000000000000000e+00,0.000000000000000000e+00,8.939667490000000050e-02
3.590000000000000000e+02,3.000000000000000000e+00,0.000000000000000000e+00,1.193348170000000008e-07
3.600000000000000000e+02,1.000000000000000000e+00,0.000000000000000000e+00,8.708430940000000398e-02
3.600000000000000000e+02,2.000000000000000000e+00,0.000000000000000000e+00,8.757553190000000320e-02
3.600000000000000000e+02,3.000000000000000000e+00,0.000000000000000000e+00,3.784709549999999969e-07
3.610000000000000000e+02,1.000000000000000000e+00,0.000000000000000000e+00,8.529241949999999406e-02
3.610000000000000000e+02,2.000000000000000000e+00,0.000000000000000000e+00,8.575260599999999511e-02
3.610000000000000000e+02,3.000000000000000000e+00,0.000000000000000000e+00,2.146802010000000018e-07
3.620000000000000000e+02,1.000000000000000000e+00,0.000000000000000000e+00,8.349568699999999899e-02
3.620000000000000000e+02,2.000000000000000000e+00,0.000000000000000000e+00,8.393103220000000531e-02
3.620000000000000000e+02,3.000000000000000000e+00,0.000000000000000000e+00,4.761822030000000170e-07
3.630000000000000000e+02,1.000000000000000000e+00,0.000000000000000000e+00,8.170378629999999753e-02
3.630000000000000000e+02,2.000000000000000000e+00,0.000000000000000000e+00,8.211208229999999997e-02
3.630000000000000000e+02,3.000000000000000000e+00,0.000000000000000000e+00,2.860198390000000144e-07
3.640000000000000000e+02,1.000000000000000000e+00,0.000000000000000000e+00,7.990787709999999655e-02
3.640000000000000000e+02,2.000000000000000000e+00,0.000000000000000000e+00,8.029312859999999941e-02
3.640000000000000000e+02,3.000000000000000000e+00,0.000000000000000000e+00,4.023967070000000224e-07
3.650000000000000000e+02,1.000000000000000000e+00,0.000000000000000000e+00,7.811730449999999826e-02
3.650000000000000000e+02,2.000000000000000000e+00,0.000000000000000000e+00,7.847656990000000110e-02
3.650000000000000000e+02,3.000000000000000000e+00,0.000000000000000000e+00,6.412327210000000024e-07
3.660000000000000000e+02,1.000000000000000000e+00,0.000000000000000000e+00,7.632915730000000565e-02
3.660000000000000000e+02,2.000000000000000000e+00,0.000000000000000000e+00,7.666774249999999680e-02
3.660000000000000000e+02,3.000000000000000000e+00,0.000000000000000000e+00,2.316196200000000140e-06
3.670000000000000000e+02,1.000000000000000000e+00,0.000000000000000000e+00,7.454437240000000298e-02
3.670000000000000000e+02,2.000000000000000000e+00,0.000000000000000000e+00,7.486093050000000582e-02
3.670000000000000000e+02,3.000000000000000000e+00,0.000000000000000000e+00,2.019490360000000022e-07
3.680000000000000000e+02,1.000000000000000000e+00,0.000000000000000000e+00,7.276408959999999815e-02
3.680000000000000000e+02,2.000000000000000000e+00,0.000000000000000000e+00,7.305831599999999815e-02
3.680000000000000000e+02,3.000000000000000000e+00,0.000000000000000000e+00,1.188934099999999990e-06
3.690000000000000000e+02,1.000000000000000000e+00,0.000000000000000000e+00,7.098734290000000002e-02
3.690000000000000000e+02,2.000000000000000000e+00,0.000000000000000000e+00,7.126385389999999320e-02
3.690000000000000000e+02,3.000000000000000000e+00,0.000000000000000000e+00,3.402156940000000089e-07
3.700000000000000000e+02,1.000000000000000000e+00,0.000000000000000000e+00,6.919704590000000377e-02
3.700000000000000000e+02,2.000000000000000000e+00,0.000000000000000000e+00,6.945725060000000617e-02
3.700000000000000000e+02,3.000000000000000000e+00,0.000000000000000000e+00,3.111656759999999888e-05
3.710000000000000000e+02,1.000000000000000000e+00,0.000000000000000000e+00,6.742114629999999831e-02
3.710000000000000000e+02,2.000000000000000000e+00,0.000000000000000000e+00,6.765203059999999602e-02
3.710000000000000000e+02,3.000000000000000000e+00,0.000000000000000000e+00,1.221019510000000086e-06
3.720000000000000000e+02,1.000000000000000000e+00,0.000000000000000000e+00,6.564180290000000417e-02
3.720000000000000000e+02,2.000000000000000000e+00,0.000000000000000000e+00,6.586855630000000572e-02
3.720000000000000000e+02,3.000000000000000000e+00,0.000000000000000000e+00,1.514138609999999912e-06
3.730000000000000000e+02,1.000000000000000000e+00,0.000000000000000000e+00,6.388988519999999616e-02
3.730000000000000000e+02,2.000000000000000000e+00,0.000000000000000000e+00,6.408819870000000141e-02
3.730000000000000000e+02,3.000000000000000000e+00,0.000000000000000000e+00,4.454188799999999667e-06
3.740000000000000000e+02,1.000000000000000000e+00,0.000000000000000000e+00,6.213087829999999756e-02
3.740000000000000000e+02,2.000000000000000000e+00,0.000000000000000000e+00,6.232475159999999875e-02
3.740000000000000000e+02,3.000000000000000000e+00,0.000000000000000000e+00,1.924986490000000113e-06
3.750000000000000000e+02,1.000000000000000000e+00,0.000000000000000000e+00,6.040161189999999902e-02
3.750000000000000000e+02,2.000000000000000000e+00,0.000000000000000000e+00,6.057121640000000251e-02
3.750000000000000000e+02,3.000000000000000000e+00,0.000000000000000000e+00,5.733169360000000040e-07
3.760000000000000000e+02,1.000000000000000000e+00,0.000000000000000000e+00,5.866753849999999798e-02
3.760000000000000000e+02,2.000000000000000000e+00,0.000000000000000000e+00,5.883058249999999906e-02
3.760000000000000000e+02,3.000000000000000000e+00,0.000000000000000000e+00,4.386294610000000078e-07
3.770000000000000000e+02,1.000000000000000000e+00,0.000000000000000000e+00,5.694550550000000017e-02
3.770000000000000000e+02,2.000000000000000000e+00,0.000000000000000000e+00,5.709009689999999804e-02
3.770000000000000000e+02,3.000000000000000000e+00,0.000000000000000000e+00,3.391696349999999852e-07
3.780000000000000000e+02,1.000000000000000000e+00,0.000000000000000000e+00,5.523208539999999861e-02
3.780000000000000000e+02,2.000000000000000000e+00,0.000000000000000000e+00,5.536381769999999813e-02
3.780000000000000000e+02,3.000000000000000000e+00,0.000000000000000000e+00,4.379297649999999991e-07
3.790000000000000000e+02,1.000000000000000000e+00,0.000000000000000000e+00,5.351560860000000031e-02
3.790000000000000000e+02,2.000000000000000000e+00,0.000000000000000000e+00,5.364090970000000291e-02
3.790000000000000000e+02,3.000000000000000000e+00,0.000000000000000000e+00,4.420715360000000006e-07
3.800000000000000000e+02,1.000000000000000000e+00,0.000000000000000000e+00,5.182317930000000100e-02
3.800000000000000000e+02,2.000000000000000000e+00,0.000000000000000000e+00,5.192749640000000194e-02
3.800000000000000000e+02,3.000000000000000000e+00,0.000000000000000000e+00,1.041852129999999920e-06
3.810000000000000000e+02,1.000000000000000000e+00,0.000000000000000000e+00,5.013555990000000129e-02
3.810000000000000000e+02,2.000000000000000000e+00,0.000000000000000000e+00,5.024031389999999986e-02
3.810000000000000000e+02,3.000000000000000000e+00,0.000000000000000000e+00,2.157052240000000035e-07
3.820000000000000000e+02,1.000000000000000000e+00,0.000000000000000000e+00,4.848089829999999850e-02
3.820000000000000000e+02,2.000000000000000000e+00,0.000000000000000000e+00,4.856776129999999803e-02
3.820000000000000000e+02,3.000000000000000000e+00,0.000000000000000000e+00,9.275281060000000593e-08
3.830000000000000000e+02,1.000000000000000000e+00,0.000000000000000000e+00,4.683239220000000314e-02
3.830000000000000000e+02,2.000000000000000000e+00,0.000000000000000000e+00,4.691651200000000049e-02
3.830000000000000000e+02,3.000000000000000000e+00,0.000000000000000000e+00,1.214378279999999901e-07
3.840000000000000000e+02,1.000000000000000000e+00,0.000000000000000000e+00,4.521054640000000263e-02
3.840000000000000000e+02,2.000000000000000000e+00,0.000000000000000000e+00,4.528271379999999902e-02
3.840000000000000000e+02,3.000000000000000000e+00,0.000000000000000000e+00,1.283293149999999884e-07
3.850000000000000000e+02,1.000000000000000000e+00,0.000000000000000000e+00,4.359003520000000187e-02
3.850000000000000000e+02,2.000000000000000000e+00,0.000000000000000000e+00,4.365682960000000223e-02
3.850000000000000000e+02,3.000000000000000000e+00,0.000000000000000000e+00,8.652771139999999632e-08
3.860000000000000000e+02,1.000000000000000000e+00,0.000000000000000000e+00,4.199396340000000061e-02
3.860000000000000000e+02,2.000000000000000000e+00,0.000000000000000000e+00,4.204870420000000192e-02
3.860000000000000000e+02,3.000000000000000000e+00,0.000000000000000000e+00,2.517880269999999965e-07
3.870000000000000000e+02,1.000000000000000000e+00,0.000000000000000000e+00,4.041389079999999773e-02
3.870000000000000000e+02,2.000000000000000000e+00,0.000000000000000000e+00,4.046607759999999721e-02
3.870000000000000000e+02,3.000000000000000000e+00,0.000000000000000000e+00,8.206630430000000448e-08
3.880000000000000000e+02,1.000000000000000000e+00,0.000000000000000000e+00,3.885885470000000064e-02
3.880000000000000000e+02,2.000000000000000000e+00,0.000000000000000000e+00,3.890256539999999846e-02
3.880000000000000000e+02,3.000000000000000000e+00,0.000000000000000000e+00,1.285931479999999996e-07
3.890000000000000000e+02,1.000000000000000000e+00,0.000000000000000000e+00,3.732346019999999848e-02
3.890000000000000000e+02,2.000000000000000000e+00,0.000000000000000000e+00,3.736189720000000075e-02
3.890000000000000000e+02,3.000000000000000000e+00,0.000000000000000000e+00,8.902612430000000413e-08
3.900000000000000000e+02,1.000000000000000000e+00,0.000000000000000000e+00,3.580833890000000019e-02
3.900000000000000000e+02,2.000000000000000000e+00,0.000000000000000000e+00,3.584305079999999810e-02
3.900000000000000000e+02,3.000000000000000000e+00,0.000000000000000000e+00,6.172128299999999484e-08
3.910000000000000000e+02,1.000000000000000000e+00,0.000000000000000000e+00,3.431900809999999941e-02
3.910000000000000000e+02,2.000000000000000000e+00,0.000000000000000000e+00,3.434556450000000177e-02
3.910000000000000000e+02,3.000000000000000000e+00,0.000000000000000000e+00,1.503377759999999874e-07
3.920000000000000000e+02,1.000000000000000000e+00,0.000000000000000000e+00,3.284540100000000323e-02
3.920000000000000000e+02,2.000000000000000000e+00,0.000000000000000000e+00,3.287188240000000344e-02
3.920000000000000000e+02,3.000000000000000000e+00,0.000000000000000000e+00,1.488559100000000107e-07
3.930000000000000000e+02,1.000000000000000000e+00,0.000000000000000000e+00,3.140216020000000108e-02
3.930000000000000000e+02,2.000000000000000000e+00,0.000000000000000000e+00,3.141990540000000331e-02
3.930000000000000000e+02,3.000000000000000000e+00,0.000000000000000000e+00,8.404733369999999367e-08
3.940000000000000000e+02,1.000000000000000000e+00,0.000000000000000000e+00,2.997381550000000061e-02
3.940000000000000000e+02,2.000000000000000000e+00,0.000000000000000000e+00,2.999295750000000038e-02
3.940000000000000000e+02,3.000000000000000000e+00,0.000000000000000000e+00,1.589292100000000007e-07
3.950000000000000000e+02,1.000000000000000000e+00,0.000000000000000000e+00,2.857822709999999905e-02
3.950000000000000000e+02,2.000000000000000000e+00,0.000000000000000000e+00,2.858918909999999883e-02
3.950000000000000000e+02,3.000000000000000000e+00,0.000000000000000000e+00,2.235339929999999962e-07
3.960000000000000000e+02,1.000000000000000000e+00,0.000000000000000000e+00,2.719892109999999877e-02
3.960000000000000000e+02,2.000000000000000000e+00,0.000000000000000000e+00,2.721172800000000100e-02
3.960000000000000000e+02,3.000000000000000000e+00,0.000000000000000000e+00,1.276235860000000121e-07
3.970000000000000000e+02,1.000000000000000000e+00,0.000000000000000000e+00,2.585275620000000024e-02
3.970000000000000000e+02,2.000000000000000000e+00,0.000000000000000000e+00,2.585882860000000144e-02
3.970000000000000000e+02,3.000000000000000000e+00,0.000000000000000000e+00,7.739374269999999379e-08
3.980000000000000000e+02,1.000000000000000000e+00,0.000000000000000000e+00,2.452546560000000084e-02
3.980000000000000000e+02,2.000000000000000000e+00,0.000000000000000000e+00,2.453254319999999961e-02
3.980000000000000000e+02,3.000000000000000000e+00,0.000000000000000000e+00,1.245546439999999983e-07
3.990000000000000000e+02,1.000000000000000000e+00,0.000000000000000000e+00,2.323049950000000141e-02
3.990000000000000000e+02,2.000000000000000000e+00,0.000000000000000000e+00,2.323264070000000125e-02
3.990000000000000000e+02,3.000000000000000000e+00,0.000000000000000000e+00,1.336743159999999913e-07
4.000000000000000000e+02,1.000000000000000000e+00,0.000000000000000000e+00,2.195683149999999931e-02
4.000000000000000000e+02,2.000000000000000000e+00,0.000000000000000000e+00,2.195931660000000063e-02
4.000000000000000000e+02,3.000000000000000000e+00,0.000000000000000000e+00,2.236771369999999925e-07
4.010000000000000000e+02,1.000000000000000000e+00,0.000000000000000000e+00,2.071518959999999951e-02
4.010000000000000000e+02,2.000000000000000000e+00,0.000000000000000000e+00,2.071367949999999847e-02
4.010000000000000000e+02,3.000000000000000000e+00,0.000000000000000000e+00,2.674693780000000190e-07
4.020000000000000000e+02,1.000000000000000000e+00,0.000000000000000000e+00,1.949623849999999881e-02
4.020000000000000000e+02,2.000000000000000000e+00,0.000000000000000000e+00,1.949549370000000156e-02
4.020000000000000000e+02,3.000000000000000000e+00,0.000000000000000000e+00,1.384489430000000028e-07
4.030000000000000000e+02,1.000000000000000000e+00,0.000000000000000000e+00,1.830912150000000085e-02
4.030000000000000000e+02,2.000000000000000000e+00,0.000000000000000000e+00,1.830493240000000132e-02
4.030000000000000000e+02,3.000000000000000000e+00,0.000000000000000000e+00,6.251359479999999638e-08
4.040000000000000000e+02,1.000000000000000000e+00,0.000000000000000000e+00,1.714625629999999915e-02
4.040000000000000000e+02,2.000000000000000000e+00,0.000000000000000000e+00,1.714250039999999989e-02
4.040000000000000000e+02,3.000000000000000000e+00,0.000000000000000000e+00,1.770240079999999868e-07
4.050000000000000000e+02,1.000000000000000000e+00,0.000000000000000000e+00,1.601512249999999943e-02
4.050000000000000000e+02,2.000000000000000000e+00,0.000000000000000000e+00,1.600878450000000133e-02
4.050000000000000000e+02,3.000000000000000000e+00,0.000000000000000000e+00,8.649569690000000008e-08
4.060000000000000000e+02,1.000000000000000000e+00,0.000000000000000000e+00,1.490882259999999973e-02
4.060000000000000000e+02,2.000000000000000000e+00,0.000000000000000000e+00,1.490285249999999916e-02
4.060000000000000000e+02,3.000000000000000000e+00,0.000000000000000000e+00,1.538223289999999883e-07
4.070000000000000000e+02,1.000000000000000000e+00,0.000000000000000000e+00,1.383444250000000035e-02
4.070000000000000000e+02,2.000000000000000000e+00,0.000000000000000000e+00,1.382608479999999918e-02
4.070000000000000000e+02,3.000000000000000000e+00,0.000000000000000000e+00,1.149305160000000031e-07
4.080000000000000000e+02,1.000000000000000000e+00,0.000000000000000000e+00,1.278488149999999941e-02
4.080000000000000000e+02,2.000000000000000000e+00,0.000000000000000000e+00,1.277745869999999916e-02
4.080000000000000000e+02,3.000000000000000000e+00,0.000000000000000000e+00,1.364229280000000069e-07
4.090000000000000000e+02,1.000000000000000000e+00,0.000000000000000000e+00,1.176821309999999919e-02
4.090000000000000000e+02,2.000000000000000000e+00,0.000000000000000000e+00,1.175797200000000022e-02
4.090000000000000000e+02,3.000000000000000000e+00,0.000000000000000000e+00,1.037053679999999994e-07
4.100000000000000000e+02,1.000000000000000000e+00,0.000000000000000000e+00,1.077572050000000052e-02
4.100000000000000000e+02,2.000000000000000000e+00,0.000000000000000000e+00,1.076714829999999949e-02
4.100000000000000000e+02,3.000000000000000000e+00,0.000000000000000000e+00,1.916033569999999965e-07
4.110000000000000000e+02,1.000000000000000000e+00,0.000000000000000000e+00,9.816747080000000347e-03
4.110000000000000000e+02,2.000000000000000000e+00,0.000000000000000000e+00,9.805012849999999308e-03
4.120000000000000000e+02,1.000000000000000000e+00,0.000000000000000000e+00,8.880716950000000845e-03
4.120000000000000000e+02,2.000000000000000000e+00,0.000000000000000000e+00,8.871357090000000362e-03
4.130000000000000000e+02,1.000000000000000000e+00,0.000000000000000000e+00,7.980474439999999531e-03
4.130000000000000000e+02,2.000000000000000000e+00,0.000000000000000000e+00,7.966422330000000329e-03
4.140000000000000000e+02,1.000000000000000000e+00,0.000000000000000000e+00,7.098604459999999575e-03
4.140000000000000000e+02,2.000000000000000000e+00,0.000000000000000000e+00,7.089619180000000277e-03
4.150000000000000000e+02,1.000000000000000000e+00,0.000000000000000000e+00,6.258137490000000198e-03
4.150000000000000000e+02,2.000000000000000000e+00,0.000000000000000000e+00,6.240801659999999779e-03
4.160000000000000000e+02,1.000000000000000000e+00,0.000000000000000000e+00,5.432747279999999672e-03
4.160000000000000000e+02,2.000000000000000000e+00,0.000000000000000000e+00,5.423090220000000190e-03
4.170000000000000000e+02,1.000000000000000000e+00,0.000000000000000000e+00,4.649171009999999646e-03
4.170000000000000000e+02,2.000000000000000000e+00,0.000000000000000000e+00,4.630017959999999794e-03
4.180000000000000000e+02,1.000000000000000000e+00,0.000000000000000000e+00,3.879154320000000131e-03
4.180000000000000000e+02,2.000000000000000000e+00,0.000000000000000000e+00,3.866587510000000019e-03
4.190000000000000000e+02,1.000000000000000000e+00,0.000000000000000000e+00,3.152557849999999915e-03
4.190000000000000000e+02,2.000000000000000000e+00,0.000000000000000000e+00,3.130347060000000098e-03
4.200000000000000000e+02,1.000000000000000000e+00,0.000000000000000000e+00,2.441073609999999932e-03
4.200000000000000000e+02,2.000000000000000000e+00,0.000000000000000000e+00,2.424099680000000191e-03
4.210000000000000000e+02,1.000000000000000000e+00,0.000000000000000000e+00,1.779969209999999981e-03
4.210000000000000000e+02,2.000000000000000000e+00,0.000000000000000000e+00,1.749124880000000075e-03
4.220000000000000000e+02,1.000000000000000000e+00,0.000000000000000000e+00,1.147849660000000013e-03
4.220000000000000000e+02,2.000000000000000000e+00,0.000000000000000000e+00,1.116950100000000052e-03
4.230000000000000000e+02,1.000000000000000000e+00,0.000000000000000000e+00,6.333085530000000284e-04
4.230000000000000000e+02,2.000000000000000000e+00,0.000000000000000000e+00,5.699352319999999783e-04
4.240000000000000000e+02,1.000000000000000000e+00,0.000000000000000000e+00,5.158975770000000498e-04
4.240000000000000000e+02,2.000000000000000000e+00,0.000000000000000000e+00,4.513602559999999953e-04
4.250000000000000000e+02,1.000000000000000000e+00,0.000000000000000000e+00,9.150638650000000440e-04
4.250000000000000000e+02,2.000000000000000000e+00,0.000000000000000000e+00,8.886292319999999868e-04
4.260000000000000000e+02,1.000000000000000000e+00,0.000000000000000000e+00,1.431382969999999951e-03
4.260000000000000000e+02,2.000000000000000000e+00,0.000000000000000000e+00,1.411926609999999927e-03
4.270000000000000000e+02,1.000000000000000000e+00,0.000000000000000000e+00,1.941653370000000038e-03
4.270000000000000000e+02,2.000000000000000000e+00,0.000000000000000000e+00,1.934524360000000045e-03
4.280000000000000000e+02,1.000000000000000000e+00,0.000000000000000000e+00,2.450426349999999809e-03
4.280000000000000000e+02,2.000000000000000000e+00,0.000000000000000000e+00,2.440314289999999994e-03
4.290000000000000000e+02,1.000000000000000000e+00,0.000000000000000000e+00,2.927211460000000206e-03
4.290000000000000000e+02,2.000000000000000000e+00,0.000000000000000000e+00,2.925944350000000103e-03
4.300000000000000000e+02,1.000000000000000000e+00,0.000000000000000000e+00,3.397261679999999829e-03
4.300000000000000000e+02,2.000000000000000000e+00,0.000000000000000000e+00,3.389452299999999932e-03
4.310000000000000000e+02,1.000000000000000000e+00,0.000000000000000000e+00,3.831896249999999868e-03
4.310000000000000000e+02,2.000000000000000000e+00,0.000000000000000000e+00,3.833048099999999958e-03
4.320000000000000000e+02,1.000000000000000000e+00,0.000000000000000000e+00,4.258482220000000054e-03
4.320000000000000000e+02,2.000000000000000000e+00,0.000000000000000000e+00,4.252980850000000028e-03
4.330000000000000000e+02,1.000000000000000000e+00,0.000000000000000000e+00,4.655318129999999784e-03
4.330000000000000000e+02,2.000000000000000000e+00,0.000000000000000000e+00,4.654261429999999831e-03
4.340000000000000000e+02,1.000000000000000000e+00,0.000000000000000000e+00,5.031909279999999957e-03
4.340000000000000000e+02,2.000000000000000000e+00,0.000000000000000000e+00,5.032455679999999799e-03
4.350000000000000000e+02,1.000000000000000000e+00,0.000000000000000000e+00,5.397393769999999855e-03
4.350000000000000000e+02,2.000000000000000000e+00,0.000000000000000000e+00,5.389700790000000186e-03
4.360000000000000000e+02,1.000000000000000000e+00,0.000000000000000000e+00,5.724333600000000057e-03
4.360000000000000000e+02,2.000000000000000000e+00,0.000000000000000000e+00,5.731323340000000349e-03
4.370000000000000000e+02,1.000000000000000000e+00,0.000000000000000000e+00,6.056307000000000357e-03
4.370000000000000000e+02,2.000000000000000000e+00,0.000000000000000000e+00,6.044373849999999659e-03
4.380000000000000000e+02,1.000000000000000000e+00,0.000000000000000000e+00,6.337456069999999712e-03
4.380000000000000000e+02,2.000000000000000000e+00,0.000000000000000000e+00,6.345724169999999824e-03
4.390000000000000000e+02,1.000000000000000000e+00,0.000000000000000000e+00,6.626438999999999593e-03
4.390000000000000000e+02,2.000000000000000000e+00,0.000000000000000000e+00,6.616288920000000344e-03
4.400000000000000000e+02,1.000000000000000000e+00,0.000000000000000000e+00,6.872118919999999770e-03
4.400000000000000000e+02,2.000000000000000000e+00,0.000000000000000000e+00,6.875830339999999818e-03
4.410000000000000000e+02,1.000000000000000000e+00,0.000000000000000000e+00,7.120200180000000288e-03
4.410000000000000000e+02,2.000000000000000000e+00,0.000000000000000000e+00,7.113897670000000027e-03
4.420000000000000000e+02,1.000000000000000000e+00,0.000000000000000000e+00,7.333849130000000272e-03
4.420000000000000000e+02,2.000000000000000000e+00,0.000000000000000000e+00,7.334589699999999671e-03
4.430000000000000000e+02,1.000000000000000000e+00,0.000000000000000000e+00,7.541825440000000241e-03
4.430000000000000000e+02,2.000000000000000000e+00,0.000000000000000000e+00,7.536215710000000387e-03
4.440000000000000000e+02,1.000000000000000000e+00,0.000000000000000000e+00,7.720065780000000266e-03
4.440000000000000000e+02,2.000000000000000000e+00,0.000000000000000000e+00,7.720371329999999727e-03
4.450000000000000000e+02,1.000000000000000000e+00,0.000000000000000000e+00,7.892367149999999359e-03
4.450000000000000000e+02,2.000000000000000000e+00,0.000000000000000000e+00,7.886223799999999770e-03
4.460000000000000000e+02,1.000000000000000000e+00,0.000000000000000000e+00,8.036241399999999660e-03
4.460000000000000000e+02,2.000000000000000000e+00,0.000000000000000000e+00,8.036179500000000669e-03
4.470000000000000000e+02,1.000000000000000000e+00,0.000000000000000000e+00,8.173747300000000840e-03
4.470000000000000000e+02,2.000000000000000000e+00,0.000000000000000000e+00,8.167492110000000582e-03
4.480000000000000000e+02,1.000000000000000000e+00,0.000000000000000000e+00,8.287791690000000794e-03
4.480000000000000000e+02,2.000000000000000000e+00,0.000000000000000000e+00,8.286801619999999147e-03
4.490000000000000000e+02,1.000000000000000000e+00,0.000000000000000000e+00,8.392889489999999508e-03
4.490000000000000000e+02,2.000000000000000000e+00,0.000000000000000000e+00,8.387371189999999477e-03
4.500000000000000000e+02,1.000000000000000000e+00,0.000000000000000000e+00,8.473726330000000417e-03
4.500000000000000000e+02,2.000000000000000000e+00,0.000000000000000000e+00,8.471731050000000374e-03
4.510000000000000000e+02,1.000000000000000000e+00,0.000000000000000000e+00,8.545603389999999883e-03
4.510000000000000000e+02,2.000000000000000000e+00,0.000000000000000000e+00,8.540059710000000651e-03
4.520000000000000000e+02,1.000000000000000000e+00,0.000000000000000000e+00,8.593408909999999262e-03
4.520000000000000000e+02,2.000000000000000000e+00,0.000000000000000000e+00,8.591770250000000178e-03
4.530000000000000000e+02,1.000000000000000000e+00,0.000000000000000000e+00,8.633861689999999464e-03
4.530000000000000000e+02,2.000000000000000000e+00,0.000000000000000000e+00,8.627251270000000499e-03
4.540000000000000000e+02,1.000000000000000000e+00,0.000000000000000000e+00,8.653189869999999492e-03
4.540000000000000000e+02,2.000000000000000000e+00,0.000000000000000000e+00,8.652213380000000828e-03
4.550000000000000000e+02,1.000000000000000000e+00,0.000000000000000000e+00,8.668503620000000270e-03
4.550000000000000000e+02,2.000000000000000000e+00,0.000000000000000000e+00,8.661156189999999824e-03
4.560000000000000000e+02,1.000000000000000000e+00,0.000000000000000000e+00,8.660137700000000716e-03
4.560000000000000000e+02,2.000000000000000000e+00,0.000000000000000000e+00,8.658455659999999762e-03
4.570000000000000000e+02,1.000000000000000000e+00,0.000000000000000000e+00,8.643533340000000495e-03
4.570000000000000000e+02,2.000000000000000000e+00,0.000000000000000000e+00,8.638484689999999938e-03
4.580000000000000000e+02,1.000000000000000000e+00,0.000000000000000000e+00,8.610781309999999272e-03
4.580000000000000000e+02,2.000000000000000000e+00,0.000000000000000000e+00,8.606052600000000524e-03
4.590000000000000000e+02,1.000000000000000000e+00,0.000000000000000000e+00,8.565046349999999239e-03
4.590000000000000000e+02,2.000000000000000000e+00,0.000000000000000000e+00,8.562615449999999920e-03
4.600000000000000000e+02,1.000000000000000000e+00,0.000000000000000000e+00,8.515422039999999762e-03
4.600000000000000000e+02,2.000000000000000000e+00,0.000000000000000000e+00,8.508238470000000289e-03
4.610000000000000000e+02,1.000000000000000000e+00,0.000000000000000000e+00,8.443410309999999780e-03
4.610000000000000000e+02,2.000000000000000000e+00,0.000000000000000000e+00,8.443203550000000224e-03
4.620000000000000000e+02,1.000000000000000000e+00,0.000000000000000000e+00,8.371690479999999157e-03
4.620000000000000000e+02,2.000000000000000000e+00,0.000000000000000000e+00,8.363461069999999706e-03
4.630000000000000000e+02,1.000000000000000000e+00,0.000000000000000000e+00,8.278432270000000287e-03
4.630000000000000000e+02,2.000000000000000000e+00,0.000000000000000000e+00,8.277838120000000424e-03
4.640000000000000000e+02,1.000000000000000000e+00,0.000000000000000000e+00,8.184682429999999564e-03
4.640000000000000000e+02,2.000000000000000000e+00,0.000000000000000000e+00,8.178127400000000449e-03
4.650000000000000000e+02,1.000000000000000000e+00,0.000000000000000000e+00,8.071016029999999314e-03
4.650000000000000000e+02,2.000000000000000000e+00,0.000000000000000000e+00,8.069089379999999992e-03
4.660000000000000000e+02,1.000000000000000000e+00,0.000000000000000000e+00,7.946321270000000769e-03
4.660000000000000000e+02,2.000000000000000000e+00,0.000000000000000000e+00,7.945066000000000628e-03
4.670000000000000000e+02,1.000000000000000000e+00,0.000000000000000000e+00,7.833313030000000482e-03
4.670000000000000000e+02,2.000000000000000000e+00,0.000000000000000000e+00,7.817950889999999639e-03
4.680000000000000000e+02,1.000000000000000000e+00,0.000000000000000000e+00,7.659969600000000184e-03
4.680000000000000000e+02,2.000000000000000000e+00,0.000000000000000000e+00,7.677340280000000128e-03
4.690000000000000000e+02,1.000000000000000000e+00,0.000000000000000000e+00,7.548849199999999905e-03
4.690000000000000000e+02,2.000000000000000000e+00,0.000000000000000000e+00,7.516924769999999874e-03
4.700000000000000000e+02,1.000000000000000000e+00,0.000000000000000000e+00,7.348338559999999763e-03
4.700000000000000000e+02,2.000000000000000000e+00,0.000000000000000000e+00,7.374041159999999810e-03
4.710000000000000000e+02,1.000000000000000000e+00,0.000000000000000000e+00,7.226643740000000121e-03
4.710000000000000000e+02,2.000000000000000000e+00,0.000000000000000000e+00,7.196939490000000064e-03
4.720000000000000000e+02,1.000000000000000000e+00,0.000000000000000000e+00,7.021096640000000152e-03
4.720000000000000000e+02,2.000000000000000000e+00,0.000000000000000000e+00,7.037081859999999751e-03
4.730000000000000000e+02,1.000000000000000000e+00,0.000000000000000000e+00,6.876450140000000405e-03
4.730000000000000000e+02,2.000000000000000000e+00,0.000000000000000000e+00,6.859636799999999958e-03
4.740000000000000000e+02,1.000000000000000000e+00,0.000000000000000000e+00,6.680596559999999948e-03
4.740000000000000000e+02,2.000000000000000000e+00,0.000000000000000000e+00,6.682806280000000085e-03
4.750000000000000000e+02,1.000000000000000000e+00,0.000000000000000000e+00,6.502472950000000133e-03
4.750000000000000000e+02,2.000000000000000000e+00,0.000000000000000000e+00,6.498669070000000041e-03
4.760000000000000000e+02,1.000000000000000000e+00,0.000000000000000000e+00,6.311905199999999667e-03
4.760000000000000000e+02,2.000000000000000000e+00,0.000000000000000000e+00,6.304088539999999803e-03
4.770000000000000000e+02,1.000000000000000000e+00,0.000000000000000000e+00,6.107554030000000161e-03
4.770000000000000000e+02,2.000000000000000000e+00,0.000000000000000000e+00,6.111352369999999840e-03
4.780000000000000000e+02,1.000000000000000000e+00,0.000000000000000000e+00,5.926177900000000227e-03
4.780000000000000000e+02,2.000000000000000000e+00,0.000000000000000000e+00,5.912172210000000289e-03
4.790000000000000000e+02,1.000000000000000000e+00,0.000000000000000000e+00,5.705590140000000275e-03
4.790000000000000000e+02,2.000000000000000000e+00,0.000000000000000000e+00,5.713779320000000016e-03
4.800000000000000000e+02,1.000000000000000000e+00,0.000000000000000000e+00,5.512760279999999978e-03
4.800000000000000000e+02,2.000000000000000000e+00,0.000000000000000000e+00,5.499506409999999589e-03
4.810000000000000000e+02,1.000000000000000000e+00,0.000000000000000000e+00,5.291870429999999750e-03
4.810000000000000000e+02,2.000000000000000000e+00,0.000000000000000000e+00,5.294551280000000387e-03
4.820000000000000000e+02,1.000000000000000000e+00,0.000000000000000000e+00,5.086460180000000261e-03
4.820000000000000000e+02,2.000000000000000000e+00,0.000000000000000000e+00,5.081133429999999847e-03
4.830000000000000000e+02,1.000000000000000000e+00,0.000000000000000000e+00,4.867097249999999785e-03
4.830000000000000000e+02,2.000000000000000000e+00,0.000000000000000000e+00,4.863249840000000157e-03
4.840000000000000000e+02,1.000000000000000000e+00,0.000000000000000000e+00,4.649440369999999732e-03
4.840000000000000000e+02,2.000000000000000000e+00,0.000000000000000000e+00,4.648392020000000242e-03
4.850000000000000000e+02,1.000000000000000000e+00,0.000000000000000000e+00,4.431754440000000399e-03
4.850000000000000000e+02,2.000000000000000000e+00,0.000000000000000000e+00,4.426086230000000031e-03
4.860000000000000000e+02,1.000000000000000000e+00,0.000000000000000000e+00,4.204701780000000277e-03
4.860000000000000000e+02,2.000000000000000000e+00,0.000000000000000000e+00,4.204364050000000165e-03
4.870000000000000000e+02,1.000000000000000000e+00,0.000000000000000000e+00,3.984444539999999757e-03
4.870000000000000000e+02,2.000000000000000000e+00,0.000000000000000000e+00,3.979030169999999908e-03
4.880000000000000000e+02,1.000000000000000000e+00,0.000000000000000000e+00,3.754549429999999837e-03
4.880000000000000000e+02,2.000000000000000000e+00,0.000000000000000000e+00,3.753543880000000197e-03
4.890000000000000000e+02,1.000000000000000000e+00,0.000000000000000000e+00,3.529134660000000142e-03
4.890000000000000000e+02,2.000000000000000000e+00,0.000000000000000000e+00,3.524939679999999822e-03
4.900000000000000000e+02,1.000000000000000000e+00,0.000000000000000000e+00,3.300436209999999936e-03
4.900000000000000000e+02,2.000000000000000000e+00,0.000000000000000000e+00,3.298254540000000040e-03
4.910000000000000000e+02,1.000000000000000000e+00,0.000000000000000000e+00,3.074261369999999830e-03
4.910000000000000000e+02,2.000000000000000000e+00,0.000000000000000000e+00,3.070605090000000197e-03
4.920000000000000000e+02,1.000000000000000000e+00,0.000000000000000000e+00,2.842840609999999855e-03
4.920000000000000000e+02,2.000000000000000000e+00,0.000000000000000000e+00,2.841116299999999970e-03
4.930000000000000000e+02,1.000000000000000000e+00,0.000000000000000000e+00,2.616226460000000038e-03
4.930000000000000000e+02,2.000000000000000000e+00,0.000000000000000000e+00,2.611892929999999960e-03
4.940000000000000000e+02,1.000000000000000000e+00,0.000000000000000000e+00,2.385699389999999982e-03
4.940000000000000000e+02,2.000000000000000000e+00,0.000000000000000000e+00,2.384136450000000178e-03
4.950000000000000000e+02,1.000000000000000000e+00,0.000000000000000000e+00,2.159348570000000061e-03
4.950000000000000000e+02,2.000000000000000000e+00,0.000000000000000000e+00,2.155569359999999837e-03
4.960000000000000000e+02,1.000000000000000000e+00,0.000000000000000000e+00,1.935438800000000101e-03
4.960000000000000000e+02,2.000000000000000000e+00,0.000000000000000000e+00,1.931265460000000048e-03
4.970000000000000000e+02,1.000000000000000000e+00,0.000000000000000000e+00,1.704361419999999997e-03
4.970000000000000000e+02,2.000000000000000000e+00,0.000000000000000000e+00,1.704641900000000102e-03
4.980000000000000000e+02,1.000000000000000000e+00,0.000000000000000000e+00,1.486969409999999974e-03
4.980000000000000000e+02,2.000000000000000000e+00,0.000000000000000000e+00,1.477626369999999936e-03
4.990000000000000000e+02,1.000000000000000000e+00,0.000000000000000000e+00,1.254295830000000042e-03
4.990000000000000000e+02,2.000000000000000000e+00,0.000000000000000000e+00,1.257119230000000067e-03
5.000000000000000000e+02,1.000000000000000000e+00,0.000000000000000000e+00,1.041214560000000089e-03
5.000000000000000000e+02,2.000000000000000000e+00,0.000000000000000000e+00,1.030716710000000079e-03
5.010000000000000000e+02,1.000000000000000000e+00,0.000000000000000000e+00,8.124472690000000049e-04
5.010000000000000000e+02,2.000000000000000000e+00,0.000000000000000000e+00,8.114528289999999901e-04
5.020000000000000000e+02,1.000000000000000000e+00,0.000000000000000000e+00,6.007647390000000250e-04
5.020000000000000000e+02,2.000000000000000000e+00,0.000000000000000000e+00,5.920313000000000181e-04
5.030000000000000000e+02,1.000000000000000000e+00,0.000000000000000000e+00,3.861169140000000216e-04
5.030000000000000000e+02,2.000000000000000000e+00,0.000000000000000000e+00,3.756539629999999905e-04
5.040000000000000000e+02,1.000000000000000000e+00,0.000000000000000000e+00,1.814379230000000027e-04
5.040000000000000000e+02,2.000000000000000000e+00,0.000000000000000000e+00,1.629130189999999955e-04
5.050000000000000000e+02,1.000000000000000000e+00,0.000000000000000000e+00,9.724437519999999495e-05
5.050000000000000000e+02,2.000000000000000000e+00,0.000000000000000000e+00,5.523996830000000029e-05
5.060000000000000000e+02,1.000000000000000000e+00,0.000000000000000000e+00,2.797795119999999794e-04
5.060000000000000000e+02,2.000000000000000000e+00,0.000000000000000000e+00,2.619480089999999843e-04
5.070000000000000000e+02,1.000000000000000000e+00,0.000000000000000000e+00,4.733011820000000052e-04
5.070000000000000000e+02,2.000000000000000000e+00,0.000000000000000000e+00,4.729102680000000104e-04
5.080000000000000000e+02,1.000000000000000000e+00,0.000000000000000000e+00,6.815177379999999520e-04
5.080000000000000000e+02,2.000000000000000000e+00,0.000000000000000000e+00,6.726487109999999521e-04
5.090000000000000000e+02,1.000000000000000000e+00,0.000000000000000000e+00,8.792982269999999973e-04
5.090000000000000000e+02,2.000000000000000000e+00,0.000000000000000000e+00,8.775370340000000378e-04
5.100000000000000000e+02,1.000000000000000000e+00,0.000000000000000000e+00,1.079013530000000028e-03
5.100000000000000000e+02,2.000000000000000000e+00,0.000000000000000000e+00,1.077783209999999938e-03
5.110000000000000000e+02,1.000000000000000000e+00,0.000000000000000000e+00,1.276380120000000090e-03
5.110000000000000000e+02,2.000000000000000000e+00,0.000000000000000000e+00,1.271358729999999895e-03
5.120000000000000000e+02,1.000000000000000000e+00,0.000000000000000000e+00,1.466031659999999983e-03
5.120000000000000000e+02,2.000000000000000000e+00,0.000000000000000000e+00,1.467560840000000028e-03
5.130000000000000000e+02,1.000000000000000000e+00,0.000000000000000000e+00,1.662708340000000097e-03
5.130000000000000000e+02,2.000000000000000000e+00,0.000000000000000000e+00,1.657711639999999908e-03
5.140000000000000000e+02,1.000000000000000000e+00,0.000000000000000000e+00,1.841119040000000059e-03
5.140000000000000000e+02,2.000000000000000000e+00,0.000000000000000000e+00,1.843391729999999899e-03
5.150000000000000000e+02,1.000000000000000000e+00,0.000000000000000000e+00,2.028151619999999863e-03
5.150000000000000000e+02,2.000000000000000000e+00,0.000000000000000000e+00,2.024183760000000144e-03
5.160000000000000000e+02,1.000000000000000000e+00,0.000000000000000000e+00,2.207138640000000027e-03
5.160000000000000000e+02,2.000000000000000000e+00,0.000000000000000000e+00,2.206900830000000074e-03
5.170000000000000000e+02,1.000000000000000000e+00,0.000000000000000000e+00,2.384306039999999939e-03
5.170000000000000000e+02,2.000000000000000000e+00,0.000000000000000000e+00,2.384449380000000073e-03
5.180000000000000000e+02,1.000000000000000000e+00,0.000000000000000000e+00,2.561295429999999908e-03
5.180000000000000000e+02,2.000000000000000000e+00,0.000000000000000000e+00,2.557637240000000100e-03
5.190000000000000000e+02,1.000000000000000000e+00,0.000000000000000000e+00,2.728052769999999867e-03
5.190000000000000000e+02,2.000000000000000000e+00,0.000000000000000000e+00,2.730919000000000055e-03
5.200000000000000000e+02,1.000000000000000000e+00,0.000000000000000000e+00,2.901265240000000002e-03
5.200000000000000000e+02,2.000000000000000000e+00,0.000000000000000000e+00,2.896587300000000049e-03
5.210000000000000000e+02,1.000000000000000000e+00,0.000000000000000000e+00,3.061356490000000097e-03
5.210000000000000000e+02,2.000000000000000000e+00,0.000000000000000000e+00,3.063625349999999845e-03
5.220000000000000000e+02,1.000000000000000000e+00,0.000000000000000000e+00,3.225303679999999996e-03
5.220000000000000000e+02,2.000000000000000000e+00,0.000000000000000000e+00,3.223010139999999985e-03
5.230000000000000000e+02,1.000000000000000000e+00,0.000000000000000000e+00,3.379114050000000136e-03
5.230000000000000000e+02,2.000000000000000000e+00,0.000000000000000000e+00,3.378797010000000184e-03
5.240000000000000000e+02,1.000000000000000000e+00,0.000000000000000000e+00,3.532967799999999978e-03
5.240000000000000000e+02,2.000000000000000000e+00,0.000000000000000000e+00,3.532726160000000150e-03
5.250000000000000000e+02,1.000000000000000000e+00,0.000000000000000000e+00,3.684512809999999829e-03
5.250000000000000000e+02,2.000000000000000000e+00,0.000000000000000000e+00,3.682891749999999808e-03
5.260000000000000000e+02,1.000000000000000000e+00,0.000000000000000000e+00,3.828033089999999857e-03
5.260000000000000000e+02,2.000000000000000000e+00,0.000000000000000000e+00,3.828689570000000028e-03
5.270000000000000000e+02,1.000000000000000000e+00,0.000000000000000000e+00,3.971850859999999893e-03
5.270000000000000000e+02,2.000000000000000000e+00,0.000000000000000000e+00,3.970030749999999865e-03
5.280000000000000000e+02,1.000000000000000000e+00,0.000000000000000000e+00,4.108652449999999900e-03
5.280000000000000000e+02,2.000000000000000000e+00,0.000000000000000000e+00,4.109172930000000099e-03
5.290000000000000000e+02,1.000000000000000000e+00,0.000000000000000000e+00,4.244418649999999807e-03
5.290000000000000000e+02,2.000000000000000000e+00,0.000000000000000000e+00,4.242676429999999929e-03
5.300000000000000000e+02,1.000000000000000000e+00,0.000000000000000000e+00,4.371689439999999760e-03
5.300000000000000000e+02,2.000000000000000000e+00,0.000000000000000000e+00,4.372798179999999937e-03
5.310000000000000000e+02,1.000000000000000000e+00,0.000000000000000000e+00,4.502952830000000323e-03
5.310000000000000000e+02,2.000000000000000000e+00,0.000000000000000000e+00,4.499827240000000422e-03
5.320000000000000000e+02,1.000000000000000000e+00,0.000000000000000000e+00,4.618965549999999587e-03
5.320000000000000000e+02,2.000000000000000000e+00,0.000000000000000000e+00,4.621954359999999595e-03
5.330000000000000000e+02,1.000000000000000000e+00,0.000000000000000000e+00,4.743706880000000264e-03
5.330000000000000000e+02,2.000000000000000000e+00,0.000000000000000000e+00,4.739017019999999802e-03
5.340000000000000000e+02,1.000000000000000000e+00,0.000000000000000000e+00,4.852155080000000037e-03
5.340000000000000000e+02,2.000000000000000000e+00,0.000000000000000000e+00,4.855698129999999786e-03
5.350000000000000000e+02,1.000000000000000000e+00,0.000000000000000000e+00,4.967568569999999788e-03
5.350000000000000000e+02,2.000000000000000000e+00,0.000000000000000000e+00,4.963639599999999930e-03
5.360000000000000000e+02,1.000000000000000000e+00,0.000000000000000000e+00,5.069359170000000032e-03
5.360000000000000000e+02,2.000000000000000000e+00,0.000000000000000000e+00,5.071214640000000148e-03
5.370000000000000000e+02,1.000000000000000000e+00,0.000000000000000000e+00,5.176266819999999873e-03
5.370000000000000000e+02,2.000000000000000000e+00,0.000000000000000000e+00,5.174090119999999633e-03
5.380000000000000000e+02,1.000000000000000000e+00,0.000000000000000000e+00,5.270331409999999724e-03
5.380000000000000000e+02,2.000000000000000000e+00,0.000000000000000000e+00,5.271188930000000189e-03
5.390000000000000000e+02,1.000000000000000000e+00,0.000000000000000000e+00,5.367914149999999940e-03
5.390000000000000000e+02,2.000000000000000000e+00,0.000000000000000000e+00,5.365842699999999812e-03
5.400000000000000000e+02,1.000000000000000000e+00,0.000000000000000000e+00,5.455952620000000149e-03
5.400000000000000000e+02,2.000000000000000000e+00,0.000000000000000000e+00,5.457146070000000113e-03
5.410000000000000000e+02,1.000000000000000000e+00,0.000000000000000000e+00,5.544610499999999900e-03
5.410000000000000000e+02,2.000000000000000000e+00,0.000000000000000000e+00,5.542329339999999861e-03
5.420000000000000000e+02,1.000000000000000000e+00,0.000000000000000000e+00,5.624474640000000011e-03
5.420000000000000000e+02,2.000000000000000000e+00,0.000000000000000000e+00,5.625583269999999761e-03
5.430000000000000000e+02,1.000000000000000000e+00,0.000000000000000000e+00,5.706846649999999799e-03
5.430000000000000000e+02,2.000000000000000000e+00,0.000000000000000000e+00,5.704610869999999709e-03
5.440000000000000000e+02,1.000000000000000000e+00,0.000000000000000000e+00,5.775425110000000258e-03
5.440000000000000000e+02,2.000000000000000000e+00,0.000000000000000000e+00,5.777227339999999739e-03
5.450000000000000000e+02,1.000000000000000000e+00,0.000000000000000000e+00,5.851847860000000331e-03
5.450000000000000000e+02,2.000000000000000000e+00,0.000000000000000000e+00,5.847956199999999709e-03
5.460000000000000000e+02,1.000000000000000000e+00,0.000000000000000000e+00,5.911849159999999631e-03
5.460000000000000000e+02,2.000000000000000000e+00,0.000000000000000000e+00,5.915534870000000063e-03
5.470000000000000000e+02,1.000000000000000000e+00,0.000000000000000000e+00,5.979499790000000412e-03
5.470000000000000000e+02,2.000000000000000000e+00,0.000000000000000000e+00,5.974475649999999929e-03
5.480000000000000000e+02,1.000000000000000000e+00,0.000000000000000000e+00,6.029816559999999839e-03
5.480000000000000000e+02,2.000000000000000000e+00,0.000000000000000000e+00,6.034052950000000359e-03
5.490000000000000000e+02,1.000000000000000000e+00,0.000000000000000000e+00,6.095486049999999587e-03
5.490000000000000000e+02,2.000000000000000000e+00,0.000000000000000000e+00,6.089798419999999622e-03
5.500000000000000000e+02,1.000000000000000000e+00,0.000000000000000000e+00,6.138761629999999608e-03
5.500000000000000000e+02,2.000000000000000000e+00,0.000000000000000000e+00,6.143020069999999624e-03
5.510000000000000000e+02,1.000000000000000000e+00,0.000000000000000000e+00,6.192406899999999999e-03
5.510000000000000000e+02,2.000000000000000000e+00,0.000000000000000000e+00,6.188197549999999852e-03
5.520000000000000000e+02,1.000000000000000000e+00,0.000000000000000000e+00,6.230920959999999668e-03
5.520000000000000000e+02,2.000000000000000000e+00,0.000000000000000000e+00,6.232864089999999926e-03
5.530000000000000000e+02,1.000000000000000000e+00,0.000000000000000000e+00,6.274405999999999733e-03
5.530000000000000000e+02,2.000000000000000000e+00,0.000000000000000000e+00,6.272178839999999894e-03
5.540000000000000000e+02,1.000000000000000000e+00,0.000000000000000000e+00,6.307504230000000184e-03
5.540000000000000000e+02,2.000000000000000000e+00,0.000000000000000000e+00,6.308610180000000234e-03
5.550000000000000000e+02,1.000000000000000000e+00,0.000000000000000000e+00,6.346621549999999744e-03
5.550000000000000000e+02,2.000000000000000000e+00,0.000000000000000000e+00,6.343706040000000011e-03
5.560000000000000000e+02,1.000000000000000000e+00,0.000000000000000000e+00,6.370849559999999974e-03
5.560000000000000000e+02,2.000000000000000000e+00,0.000000000000000000e+00,6.373735200000000233e-03
5.570000000000000000e+02,1.000000000000000000e+00,0.000000000000000000e+00,6.404832610000000225e-03
5.570000000000000000e+02,2.000000000000000000e+00,0.000000000000000000e+00,6.400062599999999970e-03
5.580000000000000000e+02,1.000000000000000000e+00,0.000000000000000000e+00,6.422992429999999781e-03
5.580000000000000000e+02,2.000000000000000000e+00,0.000000000000000000e+00,6.426605650000000169e-03
5.590000000000000000e+02,1.000000000000000000e+00,0.000000000000000000e+00,6.448346150000000034e-03
5.590000000000000000e+02,2.000000000000000000e+00,0.000000000000000000e+00,6.444446989999999889e-03
5.600000000000000000e+02,1.000000000000000000e+00,0.000000000000000000e+00,6.460899249999999851e-03
5.600000000000000000e+02,2.000000000000000000e+00,0.000000000000000000e+00,6.462784699999999868e-03
5.610000000000000000e+02,1.000000000000000000e+00,0.000000000000000000e+00,6.481262280000000403e-03
5.610000000000000000e+02,2.000000000000000000e+00,0.000000000000000000e+00,6.478637899999999637e-03
5.620000000000000000e+02,1.000000000000000000e+00,0.000000000000000000e+00,6.488098490000000079e-03
5.620000000000000000e+02,2.000000000000000000e+00,0.000000000000000000e+00,6.489608039999999849e-03
5.630000000000000000e+02,1.000000000000000000e+00,0.000000000000000000e+00,6.501259189999999792e-03
5.630000000000000000e+02,2.000000000000000000e+00,0.000000000000000000e+00,6.498212710000000371e-03
5.640000000000000000e+02,1.000000000000000000e+00,0.000000000000000000e+00,6.502394659999999847e-03
5.640000000000000000e+02,2.000000000000000000e+00,0.000000000000000000e+00,6.504772090000000319e-03
5.650000000000000000e+02,1.000000000000000000e+00,0.000000000000000000e+00,6.510034809999999846e-03
5.650000000000000000e+02,2.000000000000000000e+00,0.000000000000000000e+00,6.506177680000000026e-03
5.660000000000000000e+02,1.000000000000000000e+00,0.000000000000000000e+00,6.505643149999999590e-03
5.660000000000000000e+02,2.000000000000000000e+00,0.000000000000000000e+00,6.508173840000000022e-03
5.670000000000000000e+02,1.000000000000000000e+00,0.000000000000000000e+00,6.509527919999999988e-03
5.670000000000000000e+02,2.000000000000000000e+00,0.000000000000000000e+00,6.506018280000000313e-03
5.680000000000000000e+02,1.000000000000000000e+00,0.000000000000000000e+00,6.498999790000000408e-03
5.680000000000000000e+02,2.000000000000000000e+00,0.000000000000000000e+00,6.500805989999999639e-03
5.690000000000000000e+02,1.000000000000000000e+00,0.000000000000000000e+00,6.494521349999999964e-03
5.690000000000000000e+02,2.000000000000000000e+00,0.000000000000000000e+00,6.492294089999999657e-03
5.700000000000000000e+02,1.000000000000000000e+00,0.000000000000000000e+00,6.483719389999999944e-03
5.700000000000000000e+02,2.000000000000000000e+00,0.000000000000000000e+00,6.483468150000000312e-03
5.710000000000000000e+02,1.000000000000000000e+00,0.000000000000000000e+00,6.470753909999999928e-03
5.710000000000000000e+02,2.000000000000000000e+00,0.000000000000000000e+00,6.470820339999999900e-03
5.720000000000000000e+02,1.000000000000000000e+00,0.000000000000000000e+00,6.457880889999999957e-03
5.720000000000000000e+02,2.000000000000000000e+00,0.000000000000000000e+00,6.455773819999999913e-03
5.730000000000000000e+02,1.000000000000000000e+00,0.000000000000000000e+00,6.440751140000000076e-03
5.730000000000000000e+02,2.000000000000000000e+00,0.000000000000000000e+00,6.441332620000000259e-03
5.740000000000000000e+02,1.000000000000000000e+00,0.000000000000000000e+00,6.421313040000000381e-03
5.740000000000000000e+02,2.000000000000000000e+00,0.000000000000000000e+00,6.420371589999999615e-03
5.750000000000000000e+02,1.000000000000000000e+00,0.000000000000000000e+00,6.402008409999999927e-03
5.750000000000000000e+02,2.000000000000000000e+00,0.000000000000000000e+00,6.399884259999999610e-03
5.760000000000000000e+02,1.000000000000000000e+00,0.000000000000000000e+00,6.374981909999999884e-03
5.760000000000000000e+02,2.000000000000000000e+00,0.000000000000000000e+00,6.377344499999999805e-03
5.770000000000000000e+02,1.000000000000000000e+00,0.000000000000000000e+00,6.354390019999999611e-03
5.770000000000000000e+02,2.000000000000000000e+00,0.000000000000000000e+00,6.349476930000000352e-03
5.780000000000000000e+02,1.000000000000000000e+00,0.000000000000000000e+00,6.320630469999999682e-03
5.780000000000000000e+02,2.000000000000000000e+00,0.000000000000000000e+00,6.324502979999999629e-03
5.790000000000000000e+02,1.000000000000000000e+00,0.000000000000000000e+00,6.300742750000000274e-03
5.790000000000000000e+02,2.000000000000000000e+00,0.000000000000000000e+00,6.295172760000000353e-03
5.800000000000000000e+02,1.000000000000000000e+00,0.000000000000000000e+00,6.260982160000000234e-03
5.800000000000000000e+02,2.000000000000000000e+00,0.000000000000000000e+00,6.264951660000000339e-03
5.810000000000000000e+02,1.000000000000000000e+00,0.000000000000000000e+00,6.236203099999999659e-03
5.810000000000000000e+02,2.000000000000000000e+00,0.000000000000000000e+00,6.231004620000000181e-03
5.820000000000000000e+02,1.000000000000000000e+00,0.000000000000000000e+00,6.195476509999999805e-03
5.820000000000000000e+02,2.000000000000000000e+00,0.000000000000000000e+00,6.198428120000000138e-03
5.830000000000000000e+02,1.000000000000000000e+00,0.000000000000000000e+00,6.164423490000000248e-03
5.830000000000000000e+02,2.000000000000000000e+00,0.000000000000000000e+00,6.160619529999999608e-03
5.840000000000000000e+02,1.000000000000000000e+00,0.000000000000000000e+00,6.121727700000000223e-03
5.840000000000000000e+02,2.000000000000000000e+00,0.000000000000000000e+00,6.123221939999999586e-03
5.850000000000000000e+02,1.000000000000000000e+00,0.000000000000000000e+00,6.087198509999999958e-03
5.850000000000000000e+02,2.000000000000000000e+00,0.000000000000000000e+00,6.084346289999999734e-03
5.860000000000000000e+02,1.000000000000000000e+00,0.000000000000000000e+00,6.041428179999999877e-03
5.860000000000000000e+02,2.000000000000000000e+00,0.000000000000000000e+00,6.042596980000000326e-03
5.870000000000000000e+02,1.000000000000000000e+00,0.000000000000000000e+00,6.003247510000000314e-03
5.870000000000000000e+02,2.000000000000000000e+00,0.000000000000000000e+00,6.000255650000000350e-03
5.880000000000000000e+02,1.000000000000000000e+00,0.000000000000000000e+00,5.957218910000000069e-03
5.880000000000000000e+02,2.000000000000000000e+00,0.000000000000000000e+00,5.958242780000000231e-03
5.890000000000000000e+02,1.000000000000000000e+00,0.000000000000000000e+00,5.914217319999999847e-03
5.890000000000000000e+02,2.000000000000000000e+00,0.000000000000000000e+00,5.911900589999999692e-03
5.900000000000000000e+02,1.000000000000000000e+00,0.000000000000000000e+00,5.865887230000000133e-03
5.900000000000000000e+02,2.000000000000000000e+00,0.000000000000000000e+00,5.866058510000000080e-03
5.910000000000000000e+02,1.000000000000000000e+00,0.000000000000000000e+00,5.822309549999999875e-03
5.910000000000000000e+02,2.000000000000000000e+00,0.000000000000000000e+00,5.820072289999999628e-03
5.920000000000000000e+02,1.000000000000000000e+00,0.000000000000000000e+00,5.769489660000000006e-03
5.920000000000000000e+02,2.000000000000000000e+00,0.000000000000000000e+00,5.770555420000000185e-03
5.930000000000000000e+02,1.000000000000000000e+00,0.000000000000000000e+00,5.724091189999999836e-03
5.930000000000000000e+02,2.000000000000000000e+00,0.000000000000000000e+00,5.720440830000000400e-03
5.940000000000000000e+02,1.000000000000000000e+00,0.000000000000000000e+00,5.669300280000000129e-03
5.940000000000000000e+02,2.000000000000000000e+00,0.000000000000000000e+00,5.671440479999999631e-03
5.950000000000000000e+02,1.000000000000000000e+00,0.000000000000000000e+00,5.621973950000000268e-03
5.950000000000000000e+02,2.000000000000000000e+00,0.000000000000000000e+00,5.617995550000000164e-03
5.960000000000000000e+02,1.000000000000000000e+00,0.000000000000000000e+00,5.565295419999999674e-03
5.960000000000000000e+02,2.000000000000000000e+00,0.000000000000000000e+00,5.566899670000000078e-03
5.970000000000000000e+02,1.000000000000000000e+00,0.000000000000000000e+00,5.517104119999999626e-03
5.970000000000000000e+02,2.000000000000000000e+00,0.000000000000000000e+00,5.513813410000000317e-03
5.980000000000000000e+02,1.000000000000000000e+00,0.000000000000000000e+00,5.457066239999999908e-03
5.980000000000000000e+02,2.000000000000000000e+00,0.000000000000000000e+00,5.458565349999999761e-03
5.990000000000000000e+02,1.000000000000000000e+00,0.000000000000000000e+00,5.407484189999999837e-03
5.990000000000000000e+02,2.000000000000000000e+00,0.000000000000000000e+00,5.403576630000000297e-03
6.000000000000000000e+02,1.000000000000000000e+00,0.000000000000000000e+00,5.347377119999999900e-03
6.000000000000000000e+02,2.000000000000000000e+00,0.000000000000000000e+00,5.349303270000000353e-03
6.010000000000000000e+02,1.000000000000000000e+00,0.000000000000000000e+00,5.294332669999999609e-03
6.010000000000000000e+02,2.000000000000000000e+00,0.000000000000000000e+00,5.290926779999999968e-03
6.020000000000000000e+02,1.000000000000000000e+00,0.000000000000000000e+00,5.234222260000000009e-03
6.020000000000000000e+02,2.000000000000000000e+00,0.000000000000000000e+00,5.234769929999999981e-03
6.030000000000000000e+02,1.000000000000000000e+00,0.000000000000000000e+00,5.180369120000000160e-03
6.030000000000000000e+02,2.000000000000000000e+00,0.000000000000000000e+00,5.178293920000000272e-03
6.040000000000000000e+02,1.000000000000000000e+00,0.000000000000000000e+00,5.119436580000000063e-03
6.040000000000000000e+02,2.000000000000000000e+00,0.000000000000000000e+00,5.119180360000000381e-03
6.050000000000000000e+02,1.000000000000000000e+00,0.000000000000000000e+00,5.062314140000000358e-03
6.050000000000000000e+02,2.000000000000000000e+00,0.000000000000000000e+00,5.060672070000000154e-03
6.060000000000000000e+02,1.000000000000000000e+00,0.000000000000000000e+00,5.003041130000000086e-03
6.060000000000000000e+02,2.000000000000000000e+00,0.000000000000000000e+00,5.002230310000000367e-03
6.070000000000000000e+02,1.000000000000000000e+00,0.000000000000000000e+00,4.943074870000000419e-03
6.070000000000000000e+02,2.000000000000000000e+00,0.000000000000000000e+00,4.942262180000000366e-03
6.080000000000000000e+02,1.000000000000000000e+00,0.000000000000000000e+00,4.884202990000000195e-03
6.080000000000000000e+02,2.000000000000000000e+00,0.000000000000000000e+00,4.882386070000000432e-03
6.090000000000000000e+02,1.000000000000000000e+00,0.000000000000000000e+00,4.823786529999999663e-03
6.090000000000000000e+02,2.000000000000000000e+00,0.000000000000000000e+00,4.823679909999999821e-03
6.100000000000000000e+02,1.000000000000000000e+00,0.000000000000000000e+00,4.763796790000000142e-03
6.100000000000000000e+02,2.000000000000000000e+00,0.000000000000000000e+00,4.761844670000000244e-03
6.110000000000000000e+02,1.000000000000000000e+00,0.000000000000000000e+00,4.702332130000000388e-03
6.110000000000000000e+02,2.000000000000000000e+00,0.000000000000000000e+00,4.701877660000000105e-03
6.120000000000000000e+02,1.000000000000000000e+00,0.000000000000000000e+00,4.643006499999999606e-03
6.120000000000000000e+02,2.000000000000000000e+00,0.000000000000000000e+00,4.641419750000000399e-03
6.130000000000000000e+02,1.000000000000000000e+00,0.000000000000000000e+00,4.580416119999999869e-03
6.130000000000000000e+02,2.000000000000000000e+00,0.000000000000000000e+00,4.579943510000000079e-03
6.140000000000000000e+02,1.000000000000000000e+00,0.000000000000000000e+00,4.521020829999999879e-03
6.140000000000000000e+02,2.000000000000000000e+00,0.000000000000000000e+00,4.519018439999999623e-03
6.150000000000000000e+02,1.000000000000000000e+00,0.000000000000000000e+00,4.459189910000000388e-03
6.150000000000000000e+02,2.000000000000000000e+00,0.000000000000000000e+00,4.459053999999999622e-03
6.160000000000000000e+02,1.000000000000000000e+00,0.000000000000000000e+00,4.397814750000000363e-03
6.160000000000000000e+02,2.000000000000000000e+00,0.000000000000000000e+00,4.396110439999999925e-03
6.170000000000000000e+02,1.000000000000000000e+00,0.000000000000000000e+00,4.336537799999999956e-03
6.170000000000000000e+02,2.000000000000000000e+00,0.000000000000000000e+00,4.335470939999999836e-03
6.180000000000000000e+02,1.000000000000000000e+00,0.000000000000000000e+00,4.275701290000000383e-03
6.180000000000000000e+02,2.000000000000000000e+00,0.000000000000000000e+00,4.274886749999999916e-03
6.190000000000000000e+02,1.000000000000000000e+00,0.000000000000000000e+00,4.213883889999999778e-03
6.190000000000000000e+02,2.000000000000000000e+00,0.000000000000000000e+00,4.212581590000000209e-03
6.200000000000000000e+02,1.000000000000000000e+00,0.000000000000000000e+00,4.153060800000000358e-03
6.200000000000000000e+02,2.000000000000000000e+00,0.000000000000000000e+00,4.151771070000000001e-03
6.210000000000000000e+02,1.000000000000000000e+00,0.000000000000000000e+00,4.092387180000000430e-03
6.210000000000000000e+02,2.000000000000000000e+00,0.000000000000000000e+00,4.091745939999999644e-03
6.220000000000000000e+02,1.000000000000000000e+00,0.000000000000000000e+00,4.031254710000000373e-03
6.220000000000000000e+02,2.000000000000000000e+00,0.000000000000000000e+00,4.029592579999999660e-03
6.230000000000000000e+02,1.000000000000000000e+00,0.000000000000000000e+00,3.970002200000000321e-03
6.230000000000000000e+02,2.000000000000000000e+00,0.000000000000000000e+00,3.969416899999999790e-03
6.240000000000000000e+02,1.000000000000000000e+00,0.000000000000000000e+00,3.910976049999999836e-03
6.240000000000000000e+02,2.000000000000000000e+00,0.000000000000000000e+00,3.909260670000000264e-03
6.250000000000000000e+02,1.000000000000000000e+00,0.000000000000000000e+00,3.848882699999999889e-03
6.250000000000000000e+02,2.000000000000000000e+00,0.000000000000000000e+00,3.848596589999999946e-03
6.260000000000000000e+02,1.000000000000000000e+00,0.000000000000000000e+00,3.790593359999999950e-03
6.260000000000000000e+02,2.000000000000000000e+00,0.000000000000000000e+00,3.788399200000000088e-03
6.270000000000000000e+02,1.000000000000000000e+00,0.000000000000000000e+00,3.729964509999999806e-03
6.270000000000000000e+02,2.000000000000000000e+00,0.000000000000000000e+00,3.729950850000000179e-03
6.280000000000000000e+02,1.000000000000000000e+00,0.000000000000000000e+00,3.670892719999999977e-03
6.280000000000000000e+02,2.000000000000000000e+00,0.000000000000000000e+00,3.668939840000000081e-03
6.290000000000000000e+02,1.000000000000000000e+00,0.000000000000000000e+00,3.610791559999999845e-03
6.290000000000000000e+02,2.000000000000000000e+00,0.000000000000000000e+00,3.610217199999999835e-03
6.300000000000000000e+02,1.000000000000000000e+00,0.000000000000000000e+00,3.553421650000000188e-03
6.300000000000000000e+02,2.000000000000000000e+00,0.000000000000000000e+00,3.551925090000000122e-03
6.310000000000000000e+02,1.000000000000000000e+00,0.000000000000000000e+00,3.493714949999999868e-03
6.310000000000000000e+02,2.000000000000000000e+00,0.000000000000000000e+00,3.493047860000000025e-03
6.320000000000000000e+02,1.000000000000000000e+00,0.000000000000000000e+00,3.436756129999999926e-03
6.320000000000000000e+02,2.000000000000000000e+00,0.000000000000000000e+00,3.434993370000000157e-03
6.330000000000000000e+02,1.000000000000000000e+00,0.000000000000000000e+00,3.378337390000000096e-03
6.330000000000000000e+02,2.000000000000000000e+00,0.000000000000000000e+00,3.378092169999999828e-03
6.340000000000000000e+02,1.000000000000000000e+00,0.000000000000000000e+00,3.321334930000000192e-03
6.340000000000000000e+02,2.000000000000000000e+00,0.000000000000000000e+00,3.319427189999999903e-03
6.350000000000000000e+02,1.000000000000000000e+00,0.000000000000000000e+00,3.263944960000000027e-03
6.350000000000000000e+02,2.000000000000000000e+00,0.000000000000000000e+00,3.263429160000000211e-03
6.360000000000000000e+02,1.000000000000000000e+00,0.000000000000000000e+00,3.209056330000000044e-03
6.360000000000000000e+02,2.000000000000000000e+00,0.000000000000000000e+00,3.207513830000000097e-03
6.370000000000000000e+02,1.000000000000000000e+00,0.000000000000000000e+00,3.151534049999999906e-03
6.370000000000000000e+02,2.000000000000000000e+00,0.000000000000000000e+00,3.151007920000000167e-03
6.380000000000000000e+02,1.000000000000000000e+00,0.000000000000000000e+00,3.097437729999999879e-03
6.380000000000000000e+02,2.000000000000000000e+00,0.000000000000000000e+00,3.095529359999999938e-03
6.390000000000000000e+02,1.000000000000000000e+00,0.000000000000000000e+00,3.041669849999999956e-03
6.390000000000000000e+02,2.000000000000000000e+00,0.000000000000000000e+00,3.041599019999999785e-03
6.400000000000000000e+02,1.000000000000000000e+00,0.000000000000000000e+00,2.987843679999999894e-03
6.400000000000000000e+02,2.000000000000000000e+00,0.000000000000000000e+00,2.985804219999999877e-03
6.410000000000000000e+02,1.000000000000000000e+00,0.000000000000000000e+00,2.932976849999999972e-03
6.410000000000000000e+02,2.000000000000000000e+00,0.000000000000000000e+00,2.932670840000000181e-03
6.420000000000000000e+02,1.000000000000000000e+00,0.000000000000000000e+00,2.881353579999999977e-03
6.420000000000000000e+02,2.000000000000000000e+00,0.000000000000000000e+00,2.879620749999999875e-03
6.430000000000000000e+02,1.000000000000000000e+00,0.000000000000000000e+00,2.826470480000000014e-03
6.430000000000000000e+02,2.000000000000000000e+00,0.000000000000000000e+00,2.826230759999999887e-03
6.440000000000000000e+02,1.000000000000000000e+00,0.000000000000000000e+00,2.776102270000000132e-03
6.440000000000000000e+02,2.000000000000000000e+00,0.000000000000000000e+00,2.773968219999999908e-03
6.450000000000000000e+02,1.000000000000000000e+00,0.000000000000000000e+00,2.723612680000000140e-03
6.450000000000000000e+02,2.000000000000000000e+00,0.000000000000000000e+00,2.723627259999999994e-03
6.460000000000000000e+02,1.000000000000000000e+00,0.000000000000000000e+00,2.672545890000000042e-03
6.460000000000000000e+02,2.000000000000000000e+00,0.000000000000000000e+00,2.670844129999999823e-03
6.470000000000000000e+02,1.000000000000000000e+00,0.000000000000000000e+00,2.621735129999999952e-03
6.470000000000000000e+02,2.000000000000000000e+00,0.000000000000000000e+00,2.620862619999999969e-03
6.480000000000000000e+02,1.000000000000000000e+00,0.000000000000000000e+00,2.572825459999999835e-03
6.480000000000000000e+02,2.000000000000000000e+00,0.000000000000000000e+00,2.571875160000000170e-03
6.490000000000000000e+02,1.000000000000000000e+00,0.000000000000000000e+00,2.523065740000000196e-03
6.490000000000000000e+02,2.000000000000000000e+00,0.000000000000000000e+00,2.521959409999999929e-03
6.500000000000000000e+02,1.000000000000000000e+00,0.000000000000000000e+00,2.474459620000000158e-03
6.500000000000000000e+02,2.000000000000000000e+00,0.000000000000000000e+00,2.473386619999999852e-03
6.510000000000000000e+02,1.000000000000000000e+00,0.000000000000000000e+00,2.426989449999999993e-03
6.510000000000000000e+02,2.000000000000000000e+00,0.000000000000000000e+00,2.426128459999999949e-03
6.520000000000000000e+02,1.000000000000000000e+00,0.000000000000000000e+00,2.378898190000000058e-03
6.520000000000000000e+02,2.000000000000000000e+00,0.000000000000000000e+00,2.377755149999999894e-03
6.530000000000000000e+02,1.000000000000000000e+00,0.000000000000000000e+00,2.332427949999999871e-03
6.530000000000000000e+02,2.000000000000000000e+00,0.000000000000000000e+00,2.331487650000000147e-03
6.540000000000000000e+02,1.000000000000000000e+00,0.000000000000000000e+00,2.287054220000000158e-03
6.540000000000000000e+02,2.000000000000000000e+00,0.000000000000000000e+00,2.285939460000000183e-03
6.550000000000000000e+02,1.000000000000000000e+00,0.000000000000000000e+00,2.240552490000000032e-03
6.550000000000000000e+02,2.000000000000000000e+00,0.000000000000000000e+00,2.239894950000000193e-03
6.560000000000000000e+02,1.000000000000000000e+00,0.000000000000000000e+00,2.196427580000000213e-03
6.560000000000000000e+02,2.000000000000000000e+00,0.000000000000000000e+00,2.194909579999999947e-03
6.570000000000000000e+02,1.000000000000000000e+00,0.000000000000000000e+00,2.152369170000000085e-03
6.570000000000000000e+02,2.000000000000000000e+00,0.000000000000000000e+00,2.151892460000000198e-03
6.580000000000000000e+02,1.000000000000000000e+00,0.000000000000000000e+00,2.108281620000000169e-03
6.580000000000000000e+02,2.000000000000000000e+00,0.000000000000000000e+00,2.107094459999999791e-03
6.590000000000000000e+02,1.000000000000000000e+00,0.000000000000000000e+00,2.065627549999999972e-03
6.590000000000000000e+02,2.000000000000000000e+00,0.000000000000000000e+00,2.064571280000000036e-03
6.600000000000000000e+02,1.000000000000000000e+00,0.000000000000000000e+00,2.023886459999999811e-03
6.600000000000000000e+02,2.000000000000000000e+00,0.000000000000000000e+00,2.023141090000000076e-03
6.610000000000000000e+02,1.000000000000000000e+00,0.000000000000000000e+00,1.982086740000000170e-03
6.610000000000000000e+02,2.000000000000000000e+00,0.000000000000000000e+00,1.981039940000000124e-03
6.620000000000000000e+02,1.000000000000000000e+00,0.000000000000000000e+00,1.941524760000000027e-03
6.620000000000000000e+02,2.000000000000000000e+00,0.000000000000000000e+00,1.940390850000000026e-03
6.630000000000000000e+02,1.000000000000000000e+00,0.000000000000000000e+00,1.901521090000000058e-03
6.630000000000000000e+02,2.000000000000000000e+00,0.000000000000000000e+00,1.900997510000000104e-03
6.640000000000000000e+02,1.000000000000000000e+00,0.000000000000000000e+00,1.861486859999999903e-03
6.640000000000000000e+02,2.000000000000000000e+00,0.000000000000000000e+00,1.860155719999999997e-03
6.650000000000000000e+02,1.000000000000000000e+00,0.000000000000000000e+00,1.822547660000000064e-03
6.650000000000000000e+02,2.000000000000000000e+00,0.000000000000000000e+00,1.821918799999999901e-03
6.660000000000000000e+02,1.000000000000000000e+00,0.000000000000000000e+00,1.785698519999999933e-03
6.660000000000000000e+02,2.000000000000000000e+00,0.000000000000000000e+00,1.784386279999999967e-03
6.670000000000000000e+02,1.000000000000000000e+00,0.000000000000000000e+00,1.746510620000000071e-03
6.670000000000000000e+02,2.000000000000000000e+00,0.000000000000000000e+00,1.746355829999999935e-03
6.680000000000000000e+02,1.000000000000000000e+00,0.000000000000000000e+00,1.711535429999999939e-03
6.680000000000000000e+02,2.000000000000000000e+00,0.000000000000000000e+00,1.709392809999999915e-03
6.690000000000000000e+02,1.000000000000000000e+00,0.000000000000000000e+00,1.673862799999999975e-03
6.690000000000000000e+02,2.000000000000000000e+00,0.000000000000000000e+00,1.674439580000000073e-03
6.700000000000000000e+02,1.000000000000000000e+00,0.000000000000000000e+00,1.639229529999999910e-03
6.700000000000000000e+02,2.000000000000000000e+00,0.000000000000000000e+00,1.637067650000000084e-03
6.710000000000000000e+02,1.000000000000000000e+00,0.000000000000000000e+00,1.603258649999999988e-03
6.710000000000000000e+02,2.000000000000000000e+00,0.000000000000000000e+00,1.603138480000000079e-03
6.720000000000000000e+02,1.000000000000000000e+00,0.000000000000000000e+00,1.570622260000000079e-03
6.720000000000000000e+02,2.000000000000000000e+00,0.000000000000000000e+00,1.569324549999999950e-03
6.730000000000000000e+02,1.000000000000000000e+00,0.000000000000000000e+00,1.535369460000000083e-03
6.730000000000000000e+02,2.000000000000000000e+00,0.000000000000000000e+00,1.534907050000000085e-03
6.740000000000000000e+02,1.000000000000000000e+00,0.000000000000000000e+00,1.503643380000000036e-03
6.740000000000000000e+02,2.000000000000000000e+00,0.000000000000000000e+00,1.502100070000000074e-03
6.750000000000000000e+02,1.000000000000000000e+00,0.000000000000000000e+00,1.470800570000000080e-03
6.750000000000000000e+02,2.000000000000000000e+00,0.000000000000000000e+00,1.470769229999999974e-03
6.760000000000000000e+02,1.000000000000000000e+00,0.000000000000000000e+00,1.439243320000000012e-03
6.760000000000000000e+02,2.000000000000000000e+00,0.000000000000000000e+00,1.437646249999999975e-03
6.770000000000000000e+02,1.000000000000000000e+00,0.000000000000000000e+00,1.407613679999999935e-03
6.770000000000000000e+02,2.000000000000000000e+00,0.000000000000000000e+00,1.407287849999999977e-03
6.780000000000000000e+02,1.000000000000000000e+00,0.000000000000000000e+00,1.378933319999999961e-03
6.780000000000000000e+02,2.000000000000000000e+00,0.000000000000000000e+00,1.377592370000000005e-03
6.790000000000000000e+02,1.000000000000000000e+00,0.000000000000000000e+00,1.347772660000000084e-03
6.790000000000000000e+02,2.000000000000000000e+00,0.000000000000000000e+00,1.347443590000000063e-03
6.800000000000000000e+02,1.000000000000000000e+00,0.000000000000000000e+00,1.319159899999999960e-03
6.800000000000000000e+02,2.000000000000000000e+00,0.000000000000000000e+00,1.317759410000000041e-03
6.810000000000000000e+02,1.000000000000000000e+00,0.000000000000000000e+00,1.289998949999999990e-03
6.810000000000000000e+02,2.000000000000000000e+00,0.000000000000000000e+00,1.289791790000000080e-03
6.820000000000000000e+02,1.000000000000000000e+00,0.000000000000000000e+00,1.262475679999999984e-03
6.820000000000000000e+02,2.000000000000000000e+00,0.000000000000000000e+00,1.260970680000000031e-03
6.830000000000000000e+02,1.000000000000000000e+00,0.000000000000000000e+00,1.234734529999999969e-03
6.830000000000000000e+02,2.000000000000000000e+00,0.000000000000000000e+00,1.234437149999999955e-03
6.840000000000000000e+02,1.000000000000000000e+00,0.000000000000000000e+00,1.209045890000000085e-03
6.840000000000000000e+02,2.000000000000000000e+00,0.000000000000000000e+00,1.207827459999999973e-03
6.850000000000000000e+02,1.000000000000000000e+00,0.000000000000000000e+00,1.181431740000000010e-03
6.850000000000000000e+02,2.000000000000000000e+00,0.000000000000000000e+00,1.181057799999999953e-03
6.860000000000000000e+02,1.000000000000000000e+00,0.000000000000000000e+00,1.157158740000000007e-03
6.860000000000000000e+02,2.000000000000000000e+00,0.000000000000000000e+00,1.155607359999999981e-03
6.870000000000000000e+02,1.000000000000000000e+00,0.000000000000000000e+00,1.131407550000000043e-03
6.870000000000000000e+02,2.000000000000000000e+00,0.000000000000000000e+00,1.131487550000000002e-03
6.880000000000000000e+02,1.000000000000000000e+00,0.000000000000000000e+00,1.106932649999999929e-03
6.880000000000000000e+02,2.000000000000000000e+00,0.000000000000000000e+00,1.105428479999999913e-03
6.890000000000000000e+02,1.000000000000000000e+00,0.000000000000000000e+00,1.082938359999999949e-03
6.890000000000000000e+02,2.000000000000000000e+00,0.000000000000000000e+00,1.082418080000000036e-03
6.900000000000000000e+02,1.000000000000000000e+00,0.000000000000000000e+00,1.060863869999999990e-03
6.900000000000000000e+02,2.000000000000000000e+00,0.000000000000000000e+00,1.060019840000000048e-03
6.910000000000000000e+02,1.000000000000000000e+00,0.000000000000000000e+00,1.037685289999999922e-03
6.910000000000000000e+02,2.000000000000000000e+00,0.000000000000000000e+00,1.036661149999999970e-03
6.920000000000000000e+02,1.000000000000000000e+00,0.000000000000000000e+00,1.013912839999999956e-03
6.920000000000000000e+02,2.000000000000000000e+00,0.000000000000000000e+00,1.013891280000000020e-03
6.930000000000000000e+02,1.000000000000000000e+00,0.000000000000000000e+00,9.954935619999999950e-04
6.930000000000000000e+02,2.000000000000000000e+00,0.000000000000000000e+00,9.929915680000000414e-04
6.940000000000000000e+02,1.000000000000000000e+00,0.000000000000000000e+00,9.695991400000000078e-04
6.940000000000000000e+02,2.000000000000000000e+00,0.000000000000000000e+00,9.714230490000000341e-04
6.950000000000000000e+02,1.000000000000000000e+00,0.000000000000000000e+00,9.535679430000000264e-04
6.950000000000000000e+02,2.000000000000000000e+00,0.000000000000000000e+00,9.496994809999999504e-04
6.960000000000000000e+02,1.000000000000000000e+00,0.000000000000000000e+00,9.296343209999999475e-04
6.960000000000000000e+02,2.000000000000000000e+00,0.000000000000000000e+00,9.316334039999999740e-04
6.970000000000000000e+02,1.000000000000000000e+00,0.000000000000000000e+00,9.132407219999999926e-04
6.970000000000000000e+02,2.000000000000000000e+00,0.000000000000000000e+00,9.104831169999999833e-04
6.980000000000000000e+02,1.000000000000000000e+00,0.000000000000000000e+00,8.918311809999999746e-04
6.980000000000000000e+02,2.000000000000000000e+00,0.000000000000000000e+00,8.918803060000000298e-04
6.990000000000000000e+02,1.000000000000000000e+00,0.000000000000000000e+00,8.745001400000000430e-04
6.990000000000000000e+02,2.000000000000000000e+00,0.000000000000000000e+00,8.737745060000000515e-04
7.000000000000000000e+02,1.000000000000000000e+00,0.000000000000000000e+00,8.547993169999999795e-04
7.000000000000000000e+02,2.000000000000000000e+00,0.000000000000000000e+00,8.538696230000000515e-04
7.010000000000000000e+02,1.000000000000000000e+00,0.000000000000000000e+00,8.396909290000000069e-04
7.010000000000000000e+02,2.000000000000000000e+00,0.000000000000000000e+00,8.381160730000000031e-04
7.020000000000000000e+02,1.000000000000000000e+00,0.000000000000000000e+00,8.200812250000000334e-04
7.020000000000000000e+02,2.000000000000000000e+00,0.000000000000000000e+00,8.212322070000000135e-04
7.030000000000000000e+02,1.000000000000000000e+00,0.000000000000000000e+00,8.058482359999999921e-04
7.030000000000000000e+02,2.000000000000000000e+00,0.000000000000000000e+00,8.025524020000000163e-04
7.040000000000000000e+02,1.000000000000000000e+00,0.000000000000000000e+00,7.864684499999999561e-04
7.040000000000000000e+02,2.000000000000000000e+00,0.000000000000000000e+00,7.879254919999999609e-04
7.050000000000000000e+02,1.000000000000000000e+00,0.000000000000000000e+00,7.742692230000000403e-04
7.050000000000000000e+02,2.000000000000000000e+00,0.000000000000000000e+00,7.718789010000000166e-04
7.060000000000000000e+02,1.000000000000000000e+00,0.000000000000000000e+00,7.556456360000000537e-04
7.060000000000000000e+02,2.000000000000000000e+00,0.000000000000000000e+00,7.557500230000000364e-04
7.070000000000000000e+02,1.000000000000000000e+00,0.000000000000000000e+00,7.418628569999999702e-04
7.070000000000000000e+02,2.000000000000000000e+00,0.000000000000000000e+00,7.408337389999999608e-04
7.080000000000000000e+02,1.000000000000000000e+00,0.000000000000000000e+00,7.276084590000000398e-04
7.080000000000000000e+02,2.000000000000000000e+00,0.000000000000000000e+00,7.264687680000000460e-04
7.090000000000000000e+02,1.000000000000000000e+00,0.000000000000000000e+00,7.124332919999999724e-04
7.090000000000000000e+02,2.000000000000000000e+00,0.000000000000000000e+00,7.125643439999999841e-04
7.100000000000000000e+02,1.000000000000000000e+00,0.000000000000000000e+00,7.015904000000000107e-04
7.100000000000000000e+02,2.000000000000000000e+00,0.000000000000000000e+00,6.990368709999999824e-04
7.110000000000000000e+02,1.000000000000000000e+00,0.000000000000000000e+00,6.849871019999999918e-04
7.110000000000000000e+02,2.000000000000000000e+00,0.000000000000000000e+00,6.866680180000000154e-04
7.120000000000000000e+02,1.000000000000000000e+00,0.000000000000000000e+00,6.745311229999999660e-04
7.120000000000000000e+02,2.000000000000000000e+00,0.000000000000000000e+00,6.710591189999999583e-04
7.130000000000000000e+02,1.000000000000000000e+00,0.000000000000000000e+00,6.580731060000000231e-04
7.130000000000000000e+02,2.000000000000000000e+00,0.000000000000000000e+00,6.596376049999999949e-04
7.140000000000000000e+02,1.000000000000000000e+00,0.000000000000000000e+00,6.494696360000000186e-04
7.140000000000000000e+02,2.000000000000000000e+00,0.000000000000000000e+00,6.468663660000000112e-04
7.150000000000000000e+02,1.000000000000000000e+00,0.000000000000000000e+00,6.348441520000000114e-04
7.150000000000000000e+02,2.000000000000000000e+00,0.000000000000000000e+00,6.351278630000000000e-04
7.160000000000000000e+02,1.000000000000000000e+00,0.000000000000000000e+00,6.247806839999999959e-04
7.160000000000000000e+02,2.000000000000000000e+00,0.000000000000000000e+00,6.234883030000000406e-04
7.170000000000000000e+02,1.000000000000000000e+00,0.000000000000000000e+00,6.136818289999999756e-04
7.170000000000000000e+02,2.000000000000000000e+00,0.000000000000000000e+00,6.127843089999999646e-04
7.180000000000000000e+02,1.000000000000000000e+00,0.000000000000000000e+00,6.012750509999999779e-04
7.180000000000000000e+02,2.000000000000000000e+00,0.000000000000000000e+00,6.011077759999999652e-04
7.190000000000000000e+02,1.000000000000000000e+00,0.000000000000000000e+00,5.924922210000000029e-04
7.190000000000000000e+02,2.000000000000000000e+00,0.000000000000000000e+00,5.905799609999999936e-04
7.200000000000000000e+02,1.000000000000000000e+00,0.000000000000000000e+00,5.812859900000000172e-04
7.200000000000000000e+02,2.000000000000000000e+00,0.000000000000000000e+00,5.816230880000000528e-04
7.210000000000000000e+02,1.000000000000000000e+00,0.000000000000000000e+00,5.724712240000000415e-04
7.210000000000000000e+02,2.000000000000000000e+00,0.000000000000000000e+00,5.708322770000000441e-04
7.220000000000000000e+02,1.000000000000000000e+00,0.000000000000000000e+00,5.626095329999999776e-04
7.220000000000000000e+02,2.000000000000000000e+00,0.000000000000000000e+00,5.621431790000000180e-04
7.230000000000000000e+02,1.000000000000000000e+00,0.000000000000000000e+00,5.558347700000000179e-04
7.230000000000000000e+02,2.000000000000000000e+00,0.000000000000000000e+00,5.543453119999999790e-04
7.240000000000000000e+02,1.000000000000000000e+00,0.000000000000000000e+00,5.419088630000000375e-04
7.240000000000000000e+02,2.000000000000000000e+00,0.000000000000000000e+00,5.430645850000000510e-04
7.250000000000000000e+02,1.000000000000000000e+00,0.000000000000000000e+00,5.386641870000000165e-04
7.250000000000000000e+02,2.000000000000000000e+00,0.000000000000000000e+00,5.341136619999999708e-04
7.260000000000000000e+02,1.000000000000000000e+00,0.000000000000000000e+00,5.240761740000000109e-04
7.260000000000000000e+02,2.000000000000000000e+00,0.000000000000000000e+00,5.280911230000000060e-04
7.270000000000000000e+02,1.000000000000000000e+00,0.000000000000000000e+00,5.228230999999999851e-04
7.270000000000000000e+02,2.000000000000000000e+00,0.000000000000000000e+00,5.168383230000000517e-04
7.280000000000000000e+02,1.000000000000000000e+00,0.000000000000000000e+00,5.073042149999999880e-04
7.280000000000000000e+02,2.000000000000000000e+00,0.000000000000000000e+00,5.109569599999999774e-04
7.290000000000000000e+02,1.000000000000000000e+00,0.000000000000000000e+00,5.064219630000000097e-04
7.290000000000000000e+02,2.000000000000000000e+00,0.000000000000000000e+00,5.021123049999999532e-04
7.300000000000000000e+02,1.000000000000000000e+00,0.000000000000000000e+00,4.925807259999999757e-04
7.300000000000000000e+02,2.000000000000000000e+00,0.000000000000000000e+00,4.942623859999999538e-04
7.310000000000000000e+02,1.000000000000000000e+00,0.000000000000000000e+00,4.906107440000000023e-04
7.310000000000000000e+02,2.000000000000000000e+00,0.000000000000000000e+00,4.875988849999999901e-04
7.320000000000000000e+02,1.000000000000000000e+00,0.000000000000000000e+00,4.805046899999999865e-04
7.320000000000000000e+02,2.000000000000000000e+00,0.000000000000000000e+00,4.816515870000000264e-04
7.330000000000000000e+02,1.000000000000000000e+00,0.000000000000000000e+00,4.771639259999999982e-04
7.330000000000000000e+02,2.000000000000000000e+00,0.000000000000000000e+00,4.742809529999999791e-04
7.340000000000000000e+02,1.000000000000000000e+00,0.000000000000000000e+00,4.677768460000000230e-04
7.340000000000000000e+02,2.000000000000000000e+00,0.000000000000000000e+00,4.687525320000000026e-04
7.350000000000000000e+02,1.000000000000000000e+00,0.000000000000000000e+00,4.654257260000000231e-04
7.350000000000000000e+02,2.000000000000000000e+00,0.000000000000000000e+00,4.628639180000000079e-04
7.360000000000000000e+02,1.000000000000000000e+00,0.000000000000000000e+00,4.559150659999999951e-04
7.360000000000000000e+02,2.000000000000000000e+00,0.000000000000000000e+00,4.565420269999999944e-04
7.370000000000000000e+02,1.000000000000000000e+00,0.000000000000000000e+00,4.532360409999999806e-04
7.370000000000000000e+02,2.000000000000000000e+00,0.000000000000000000e+00,4.509040499999999812e-04
7.380000000000000000e+02,1.000000000000000000e+00,0.000000000000000000e+00,4.461302750000000253e-04
7.380000000000000000e+02,2.000000000000000000e+00,0.000000000000000000e+00,4.464669360000000182e-04
7.390000000000000000e+02,1.000000000000000000e+00,0.000000000000000000e+00,4.420292389999999996e-04
7.390000000000000000e+02,2.000000000000000000e+00,0.000000000000000000e+00,4.400793999999999865e-04
7.400000000000000000e+02,1.000000000000000000e+00,0.000000000000000000e+00,4.349619710000000080e-04
7.400000000000000000e+02,2.000000000000000000e+00,0.000000000000000000e+00,4.350298860000000089e-04
7.410000000000000000e+02,1.000000000000000000e+00,0.000000000000000000e+00,4.331932879999999988e-04
7.410000000000000000e+02,2.000000000000000000e+00,0.000000000000000000e+00,4.310005469999999964e-04
7.420000000000000000e+02,1.000000000000000000e+00,0.000000000000000000e+00,4.247185569999999783e-04
7.420000000000000000e+02,2.000000000000000000e+00,0.000000000000000000e+00,4.255242599999999780e-04
7.430000000000000000e+02,1.000000000000000000e+00,0.000000000000000000e+00,4.234583659999999845e-04
7.430000000000000000e+02,2.000000000000000000e+00,0.000000000000000000e+00,4.205008580000000164e-04
7.440000000000000000e+02,1.000000000000000000e+00,0.000000000000000000e+00,4.169326599999999771e-04
7.440000000000000000e+02,2.000000000000000000e+00,0.000000000000000000e+00,4.178712690000000070e-04
7.450000000000000000e+02,1.000000000000000000e+00,0.000000000000000000e+00,4.147050810000000231e-04
7.450000000000000000e+02,2.000000000000000000e+00,0.000000000000000000e+00,4.123073529999999936e-04
7.460000000000000000e+02,1.000000000000000000e+00,0.000000000000000000e+00,4.085447909999999805e-04
7.460000000000000000e+02,2.000000000000000000e+00,0.000000000000000000e+00,4.085415930000000197e-04
7.470000000000000000e+02,1.000000000000000000e+00,0.000000000000000000e+00,4.067997799999999793e-04
7.470000000000000000e+02,2.000000000000000000e+00,0.000000000000000000e+00,4.052177790000000110e-04
7.480000000000000000e+02,1.000000000000000000e+00,0.000000000000000000e+00,4.006399350000000017e-04
7.480000000000000000e+02,2.000000000000000000e+00,0.000000000000000000e+00,4.004686209999999734e-04
7.490000000000000000e+02,1.000000000000000000e+00,0.000000000000000000e+00,4.002422740000000242e-04
7.490000000000000000e+02,2.000000000000000000e+00,0.000000000000000000e+00,3.976932819999999731e-04
7.500000000000000000e+02,1.000000000000000000e+00,0.000000000000000000e+00,3.931074279999999862e-04
7.500000000000000000e+02,2.000000000000000000e+00,0.000000000000000000e+00,3.946932209999999813e-04
7.510000000000000000e+02,1.000000000000000000e+00,0.000000000000000000e+00,3.932135130000000145e-04
7.510000000000000000e+02,2.000000000000000000e+00,0.000000000000000000e+00,3.891858690000000055e-04
7.520000000000000000e+02,1.000000000000000000e+00,0.000000000000000000e+00,3.859801849999999800e-04
7.520000000000000000e+02,2.000000000000000000e+00,0.000000000000000000e+00,3.877875000000000137e-04
7.530000000000000000e+02,1.000000000000000000e+00,0.000000000000000000e+00,3.874173010000000247e-04
7.530000000000000000e+02,2.000000000000000000e+00,0.000000000000000000e+00,3.842438309999999732e-04
7.540000000000000000e+02,1.000000000000000000e+00,0.000000000000000000e+00,3.797013929999999769e-04
7.540000000000000000e+02,2.000000000000000000e+00,0.000000000000000000e+00,3.805344000000000001e-04
7.550000000000000000e+02,1.000000000000000000e+00,0.000000000000000000e+00,3.808002350000000229e-04
7.550000000000000000e+02,2.000000000000000000e+00,0.000000000000000000e+00,3.779816320000000209e-04
7.560000000000000000e+02,1.000000000000000000e+00,0.000000000000000000e+00,3.751506619999999954e-04
7.560000000000000000e+02,2.000000000000000000e+00,0.000000000000000000e+00,3.760176570000000056e-04
7.570000000000000000e+02,1.000000000000000000e+00,0.000000000000000000e+00,3.744815499999999925e-04
7.570000000000000000e+02,2.000000000000000000e+00,0.000000000000000000e+00,3.718519899999999756e-04
7.580000000000000000e+02,1.000000000000000000e+00,0.000000000000000000e+00,3.701091619999999794e-04
7.580000000000000000e+02,2.000000000000000000e+00,0.000000000000000000e+00,3.702462170000000194e-04
7.590000000000000000e+02,1.000000000000000000e+00,0.000000000000000000e+00,3.705267550000000015e-04
7.590000000000000000e+02,2.000000000000000000e+00,0.000000000000000000e+00,3.685538639999999967e-04
7.600000000000000000e+02,1.000000000000000000e+00,0.000000000000000000e+00,3.643047039999999792e-04
7.600000000000000000e+02,2.000000000000000000e+00,0.000000000000000000e+00,3.644761530000000102e-04
7.610000000000000000e+02,1.000000000000000000e+00,0.000000000000000000e+00,3.639065969999999949e-04
7.610000000000000000e+02,2.000000000000000000e+00,0.000000000000000000e+00,3.611876409999999963e-04
7.620000000000000000e+02,1.000000000000000000e+00,0.000000000000000000e+00,3.572397500000000113e-04
7.620000000000000000e+02,2.000000000000000000e+00,0.000000000000000000e+00,3.588589629999999861e-04
7.630000000000000000e+02,1.000000000000000000e+00,0.000000000000000000e+00,3.604180289999999831e-04
7.630000000000000000e+02,2.000000000000000000e+00,0.000000000000000000e+00,3.557222820000000051e-04
7.640000000000000000e+02,1.000000000000000000e+00,0.000000000000000000e+00,3.528863760000000246e-04
7.640000000000000000e+02,2.000000000000000000e+00,0.000000000000000000e+00,3.563066020000000070e-04
7.650000000000000000e+02,1.000000000000000000e+00,0.000000000000000000e+00,3.613102530000000139e-04
7.650000000000000000e+02,2.000000000000000000e+00,0.000000000000000000e+00,3.549886410000000240e-04
7.660000000000000000e+02,1.000000000000000000e+00,0.000000000000000000e+00,3.493135889999999990e-04
7.660000000000000000e+02,2.000000000000000000e+00,0.000000000000000000e+00,3.539303589999999965e-04
7.670000000000000000e+02,1.000000000000000000e+00,0.000000000000000000e+00,3.549664429999999809e-04
7.670000000000000000e+02,2.000000000000000000e+00,0.000000000000000000e+00,3.490066549999999972e-04
7.680000000000000000e+02,1.000000000000000000e+00,0.000000000000000000e+00,3.474828519999999883e-04
7.680000000000000000e+02,2.000000000000000000e+00,0.000000000000000000e+00,3.497949659999999945e-04
7.690000000000000000e+02,1.000000000000000000e+00,0.000000000000000000e+00,3.498682350000000148e-04
7.690000000000000000e+02,2.000000000000000000e+00,0.000000000000000000e+00,3.471023199999999798e-04
7.700000000000000000e+02,1.000000000000000000e+00,0.000000000000000000e+00,3.461008530000000169e-04
7.700000000000000000e+02,2.000000000000000000e+00,0.000000000000000000e+00,3.453702109999999786e-04
7.710000000000000000e+02,1.000000000000000000e+00,0.000000000000000000e+00,3.455281259999999871e-04
7.710000000000000000e+02,2.000000000000000000e+00,0.000000000000000000e+00,3.450248289999999760e-04
7.720000000000000000e+02,1.000000000000000000e+00,0.000000000000000000e+00,3.434655179999999823e-04
7.720000000000000000e+02,2.000000000000000000e+00,0.000000000000000000e+00,3.415349900000000014e-04
7.730000000000000000e+02,1.000000000000000000e+00,0.000000000000000000e+00,3.408068499999999945e-04
7.730000000000000000e+02,2.000000000000000000e+00,0.000000000000000000e+00,3.406578239999999750e-04
7.740000000000000000e+02,1.000000000000000000e+00,0.000000000000000000e+00,3.415325850000000161e-04
7.740000000000000000e+02,2.000000000000000000e+00,0.000000000000000000e+00,3.395287679999999864e-04
7.750000000000000000e+02,1.000000000000000000e+00,0.000000000000000000e+00,3.378063859999999867e-04
7.750000000000000000e+02,2.000000000000000000e+00,0.000000000000000000e+00,3.377508449999999814e-04
7.760000000000000000e+02,1.000000000000000000e+00,0.000000000000000000e+00,3.385774900000000013e-04
7.760000000000000000e+02,2.000000000000000000e+00,0.000000000000000000e+00,3.362670250000000197e-04
7.770000000000000000e+02,1.000000000000000000e+00,0.000000000000000000e+00,3.353009810000000018e-04
7.770000000000000000e+02,2.000000000000000000e+00,0.000000000000000000e+00,3.356487500000000074e-04
7.780000000000000000e+02,1.000000000000000000e+00,0.000000000000000000e+00,3.348585770000000236e-04
7.780000000000000000e+02,2.000000000000000000e+00,0.000000000000000000e+00,3.326348019999999942e-04
7.790000000000000000e+02,1.000000000000000000e+00,0.000000000000000000e+00,3.332000170000000080e-04
7.790000000000000000e+02,2.000000000000000000e+00,0.000000000000000000e+00,3.325689889999999967e-04
7.800000000000000000e+02,1.000000000000000000e+00,0.000000000000000000e+00,3.328552000000000247e-04
7.800000000000000000e+02,2.000000000000000000e+00,0.000000000000000000e+00,3.320691089999999930e-04
7.810000000000000000e+02,1.000000000000000000e+00,0.000000000000000000e+00,3.317085250000000192e-04
7.810000000000000000e+02,2.000000000000000000e+00,0.000000000000000000e+00,3.297681000000000115e-04
7.820000000000000000e+02,1.000000000000000000e+00,0.000000000000000000e+00,3.288467250000000190e-04
7.820000000000000000e+02,2.000000000000000000e+00,0.000000000000000000e+00,3.289950319999999841e-04
7.830000000000000000e+02,1.000000000000000000e+00,0.000000000000000000e+00,3.304569900000000238e-04
7.830000000000000000e+02,2.000000000000000000e+00,0.000000000000000000e+00,3.278555660000000128e-04
7.840000000000000000e+02,1.000000000000000000e+00,0.000000000000000000e+00,3.254427239999999858e-04
7.840000000000000000e+02,2.000000000000000000e+00,0.000000000000000000e+00,3.261575890000000194e-04
7.850000000000000000e+02,1.000000000000000000e+00,0.000000000000000000e+00,3.276791000000000252e-04
7.850000000000000000e+02,2.000000000000000000e+00,0.000000000000000000e+00,3.246950800000000131e-04
7.860000000000000000e+02,1.000000000000000000e+00,0.000000000000000000e+00,3.247862449999999734e-04
7.860000000000000000e+02,2.000000000000000000e+00,0.000000000000000000e+00,3.252812139999999765e-04
7.870000000000000000e+02,1.000000000000000000e+00,0.000000000000000000e+00,3.249847560000000191e-04
7.870000000000000000e+02,2.000000000000000000e+00,0.000000000000000000e+00,3.228810869999999920e-04
7.880000000000000000e+02,1.000000000000000000e+00,0.000000000000000000e+00,3.223886679999999911e-04
7.880000000000000000e+02,2.000000000000000000e+00,0.000000000000000000e+00,3.218053970000000260e-04
7.890000000000000000e+02,1.000000000000000000e+00,0.000000000000000000e+00,3.229926840000000047e-04
7.890000000000000000e+02,2.000000000000000000e+00,0.000000000000000000e+00,3.215964519999999849e-04
7.900000000000000000e+02,1.000000000000000000e+00,0.000000000000000000e+00,3.198507660000000246e-04
7.900000000000000000e+02,2.000000000000000000e+00,0.000000000000000000e+00,3.192812419999999899e-04
7.910000000000000000e+02,1.000000000000000000e+00,0.000000000000000000e+00,3.206091039999999837e-04
7.910000000000000000e+02,2.000000000000000000e+00,0.000000000000000000e+00,3.185482419999999953e-04
7.920000000000000000e+02,1.000000000000000000e+00,0.000000000000000000e+00,3.181669310000000096e-04
7.920000000000000000e+02,2.000000000000000000e+00,0.000000000000000000e+00,3.184470420000000174e-04
7.930000000000000000e+02,1.000000000000000000e+00,0.000000000000000000e+00,3.188452039999999988e-04
7.930000000000000000e+02,2.000000000000000000e+00,0.000000000000000000e+00,3.161652220000000135e-04
7.940000000000000000e+02,1.000000000000000000e+00,0.000000000000000000e+00,3.153960329999999906e-04
7.940000000000000000e+02,2.000000000000000000e+00,0.000000000000000000e+00,3.158290819999999988e-04
7.950000000000000000e+02,1.000000000000000000e+00,0.000000000000000000e+00,3.172491039999999888e-04
7.950000000000000000e+02,2.000000000000000000e+00,0.000000000000000000e+00,3.147998019999999862e-04
7.960000000000000000e+02,1.000000000000000000e+00,0.000000000000000000e+00,3.128074809999999910e-04
7.960000000000000000e+02,2.000000000000000000e+00,0.000000000000000000e+00,3.130573600000000197e-04
7.970000000000000000e+02,1.000000000000000000e+00,0.000000000000000000e+00,3.148589170000000220e-04
7.970000000000000000e+02,2.000000000000000000e+00,0.000000000000000000e+00,3.122193410000000200e-04
7.980000000000000000e+02,1.000000000000000000e+00,0.000000000000000000e+00,3.115056299999999830e-04
7.980000000000000000e+02,2.000000000000000000e+00,0.000000000000000000e+00,3.121064499999999737e-04
7.990000000000000000e+02,1.000000000000000000e+00,0.000000000000000000e+00,3.122869549999999768e-04
7.990000000000000000e+02,2.000000000000000000e+00,0.000000000000000000e+00,3.096328729999999873e-04
8.000000000000000000e+02,1.000000000000000000e+00,0.000000000000000000e+00,3.093833470000000117e-04
8.000000000000000000e+02,2.000000000000000000e+00,0.000000000000000000e+00,3.094400769999999822e-04
8.010000000000000000e+02,1.000000000000000000e+00,0.000000000000000000e+00,3.108963500000000240e-04
8.010000000000000000e+02,2.000000000000000000e+00,0.000000000000000000e+00,3.088656520000000153e-04
8.020000000000000000e+02,1.000000000000000000e+00,0.000000000000000000e+00,3.061914579999999958e-04
8.020000000000000000e+02,2.000000000000000000e+00,0.000000000000000000e+00,3.063055200000000251e-04
8.030000000000000000e+02,1.000000000000000000e+00,0.000000000000000000e+00,3.081232559999999977e-04
8.030000000000000000e+02,2.000000000000000000e+00,0.000000000000000000e+00,3.057070619999999747e-04
8.040000000000000000e+02,1.000000000000000000e+00,0.000000000000000000e+00,3.081983649999999841e-04
8.040000000000000000e+02,2.000000000000000000e+00,0.000000000000000000e+00,3.074952590000000182e-04
8.050000000000000000e+02,1.000000000000000000e+00,0.000000000000000000e+00,3.047841340000000078e-04
8.050000000000000000e+02,2.000000000000000000e+00,0.000000000000000000e+00,3.050211690000000217e-04
8.060000000000000000e+02,1.000000000000000000e+00,0.000000000000000000e+00,3.075513769999999947e-04
8.060000000000000000e+02,2.000000000000000000e+00,0.000000000000000000e+00,3.032997000000000058e-04
8.070000000000000000e+02,1.000000000000000000e+00,0.000000000000000000e+00,3.011026290000000123e-04
8.070000000000000000e+02,2.000000000000000000e+00,0.000000000000000000e+00,3.042696810000000132e-04
8.080000000000000000e+02,1.000000000000000000e+00,0.000000000000000000e+00,3.045990130000000178e-04
8.080000000000000000e+02,2.000000000000000000e+00,0.000000000000000000e+00,2.992734969999999851e-04
8.090000000000000000e+02,1.000000000000000000e+00,0.000000000000000000e+00,2.976302840000000119e-04
8.090000000000000000e+02,2.000000000000000000e+00,0.000000000000000000e+00,2.999566089999999917e-04
8.100000000000000000e+02,1.000000000000000000e+00,0.000000000000000000e+00,3.021071530000000115e-04
8.100000000000000000e+02,2.000000000000000000e+00,0.000000000000000000e+00,2.986063619999999971e-04
8.110000000000000000e+02,1.000000000000000000e+00,0.000000000000000000e+00,2.971004050000000197e-04
8.110000000000000000e+02,2.000000000000000000e+00,0.000000000000000000e+00,2.973145580000000131e-04
8.120000000000000000e+02,1.000000000000000000e+00,0.000000000000000000e+00,2.974247070000000112e-04
8.120000000000000000e+02,2.000000000000000000e+00,0.000000000000000000e+00,2.960254119999999791e-04
8.130000000000000000e+02,1.000000000000000000e+00,0.000000000000000000e+00,2.967808040000000005e-04
8.130000000000000000e+02,2.000000000000000000e+00,0.000000000000000000e+00,2.950851610000000051e-04
8.140000000000000000e+02,1.000000000000000000e+00,0.000000000000000000e+00,2.930048489999999978e-04
8.140000000000000000e+02,2.000000000000000000e+00,0.000000000000000000e+00,2.934674030000000169e-04
8.150000000000000000e+02,1.000000000000000000e+00,0.000000000000000000e+00,2.960385439999999816e-04
8.150000000000000000e+02,2.000000000000000000e+00,0.000000000000000000e+00,2.923418220000000207e-04
8.160000000000000000e+02,1.000000000000000000e+00,0.000000000000000000e+00,2.905771619999999826e-04
8.160000000000000000e+02,2.000000000000000000e+00,0.000000000000000000e+00,2.928228139999999825e-04
8.170000000000000000e+02,1.000000000000000000e+00,0.000000000000000000e+00,2.939440460000000092e-04
8.170000000000000000e+02,2.000000000000000000e+00,0.000000000000000000e+00,2.892947359999999851e-04
8.180000000000000000e+02,1.000000000000000000e+00,0.000000000000000000e+00,2.873916279999999979e-04
8.180000000000000000e+02,2.000000000000000000e+00,0.000000000000000000e+00,2.895556590000000112e-04
8.190000000000000000e+02,1.000000000000000000e+00,0.000000000000000000e+00,2.919919029999999867e-04
8.190000000000000000e+02,2.000000000000000000e+00,0.000000000000000000e+00,2.880748990000000197e-04
8.200000000000000000e+02,1.000000000000000000e+00,0.000000000000000000e+00,2.850512449999999753e-04
8.200000000000000000e+02,2.000000000000000000e+00,0.000000000000000000e+00,2.864465959999999917e-04
8.210000000000000000e+02,1.000000000000000000e+00,0.000000000000000000e+00,2.883162059999999855e-04
8.210000000000000000e+02,2.000000000000000000e+00,0.000000000000000000e+00,2.849950670000000216e-04
8.220000000000000000e+02,1.000000000000000000e+00,0.000000000000000000e+00,2.842484490000000150e-04
8.220000000000000000e+02,2.000000000000000000e+00,0.000000000000000000e+00,2.850112940000000170e-04
8.230000000000000000e+02,1.000000000000000000e+00,0.000000000000000000e+00,2.852248689999999890e-04
8.230000000000000000e+02,2.000000000000000000e+00,0.000000000000000000e+00,2.826064159999999888e-04
8.240000000000000000e+02,1.000000000000000000e+00,0.000000000000000000e+00,2.810278399999999958e-04
8.240000000000000000e+02,2.000000000000000000e+00,0.000000000000000000e+00,2.813152809999999878e-04
8.250000000000000000e+02,1.000000000000000000e+00,0.000000000000000000e+00,2.832894390000000257e-04
8.250000000000000000e+02,2.000000000000000000e+00,0.000000000000000000e+00,2.806761489999999950e-04
8.260000000000000000e+02,1.000000000000000000e+00,0.000000000000000000e+00,2.780495069999999735e-04
8.260000000000000000e+02,2.000000000000000000e+00,0.000000000000000000e+00,2.787731929999999968e-04
8.270000000000000000e+02,1.000000000000000000e+00,0.000000000000000000e+00,2.801956940000000017e-04
8.270000000000000000e+02,2.000000000000000000e+00,0.000000000000000000e+00,2.770974780000000077e-04
8.280000000000000000e+02,1.000000000000000000e+00,0.000000000000000000e+00,2.765060819999999825e-04
8.280000000000000000e+02,2.000000000000000000e+00,0.000000000000000000e+00,2.772810249999999987e-04
8.290000000000000000e+02,1.000000000000000000e+00,0.000000000000000000e+00,2.771805880000000077e-04
8.290000000000000000e+02,2.000000000000000000e+00,0.000000000000000000e+00,2.746308870000000249e-04
8.300000000000000000e+02,1.000000000000000000e+00,0.000000000000000000e+00,2.740208230000000002e-04
8.300000000000000000e+02,2.000000000000000000e+00,0.000000000000000000e+00,2.737292180000000042e-04
8.310000000000000000e+02,1.000000000000000000e+00,0.000000000000000000e+00,2.738752190000000222e-04
8.310000000000000000e+02,2.000000000000000000e+00,0.000000000000000000e+00,2.725912900000000130e-04
8.320000000000000000e+02,1.000000000000000000e+00,0.000000000000000000e+00,2.707844469999999906e-04
8.320000000000000000e+02,2.000000000000000000e+00,0.000000000000000000e+00,2.698200559999999813e-04
8.330000000000000000e+02,1.000000000000000000e+00,0.000000000000000000e+00,2.716423129999999951e-04
8.330000000000000000e+02,2.000000000000000000e+00,0.000000000000000000e+00,2.696962660000000087e-04
8.340000000000000000e+02,1.000000000000000000e+00,0.000000000000000000e+00,2.679016000000000101e-04
8.340000000000000000e+02,2.000000000000000000e+00,0.000000000000000000e+00,2.685187080000000235e-04
8.350000000000000000e+02,1.000000000000000000e+00,0.000000000000000000e+00,2.677872359999999949e-04
8.350000000000000000e+02,2.000000000000000000e+00,0.000000000000000000e+00,2.648521180000000075e-04
8.360000000000000000e+02,1.000000000000000000e+00,0.000000000000000000e+00,2.653028980000000188e-04
8.360000000000000000e+02,2.000000000000000000e+00,0.000000000000000000e+00,2.653789319999999953e-04
8.370000000000000000e+02,1.000000000000000000e+00,0.000000000000000000e+00,2.662791350000000192e-04
8.370000000000000000e+02,2.000000000000000000e+00,0.000000000000000000e+00,2.646126279999999912e-04
8.380000000000000000e+02,1.000000000000000000e+00,0.000000000000000000e+00,2.617709049999999982e-04
8.380000000000000000e+02,2.000000000000000000e+00,0.000000000000000000e+00,2.612181169999999849e-04
8.390000000000000000e+02,1.000000000000000000e+00,0.000000000000000000e+00,2.616122419999999970e-04
8.390000000000000000e+02,2.000000000000000000e+00,0.000000000000000000e+00,2.596959679999999806e-04
8.400000000000000000e+02,1.000000000000000000e+00,0.000000000000000000e+00,2.587197120000000019e-04
8.400000000000000000e+02,2.000000000000000000e+00,0.000000000000000000e+00,2.589333399999999789e-04
8.410000000000000000e+02,1.000000000000000000e+00,0.000000000000000000e+00,2.601031329999999833e-04
8.410000000000000000e+02,2.000000000000000000e+00,0.000000000000000000e+00,2.570349519999999967e-04
8.420000000000000000e+02,1.000000000000000000e+00,0.000000000000000000e+00,2.551771869999999980e-04
8.420000000000000000e+02,2.000000000000000000e+00,0.000000000000000000e+00,2.565138039999999742e-04
8.430000000000000000e+02,1.000000000000000000e+00,0.000000000000000000e+00,2.580910800000000118e-04
8.430000000000000000e+02,2.000000000000000000e+00,0.000000000000000000e+00,2.545553139999999969e-04
8.440000000000000000e+02,1.000000000000000000e+00,0.000000000000000000e+00,2.524184689999999908e-04
8.440000000000000000e+02,2.000000000000000000e+00,0.000000000000000000e+00,2.533930860000000135e-04
8.450000000000000000e+02,1.000000000000000000e+00,0.000000000000000000e+00,2.540010230000000263e-04
8.450000000000000000e+02,2.000000000000000000e+00,0.000000000000000000e+00,2.513853989999999977e-04
8.460000000000000000e+02,1.000000000000000000e+00,0.000000000000000000e+00,2.505542560000000073e-04
8.460000000000000000e+02,2.000000000000000000e+00,0.000000000000000000e+00,2.504673300000000223e-04
8.470000000000000000e+02,1.000000000000000000e+00,0.000000000000000000e+00,2.499432279999999856e-04
8.470000000000000000e+02,2.000000000000000000e+00,0.000000000000000000e+00,2.482689939999999876e-04
8.480000000000000000e+02,1.000000000000000000e+00,0.000000000000000000e+00,2.478470809999999886e-04
8.480000000000000000e+02,2.000000000000000000e+00,0.000000000000000000e+00,2.468607249999999810e-04
8.490000000000000000e+02,1.000000000000000000e+00,0.000000000000000000e+00,2.466589770000000219e-04
8.490000000000000000e+02,2.000000000000000000e+00,0.000000000000000000e+00,2.458053489999999968e-04
8.500000000000000000e+02,1.000000000000000000e+00,0.000000000000000000e+00,2.438751659999999926e-04
8.500000000000000000e+02,2.000000000000000000e+00,0.000000000000000000e+00,2.425585729999999915e-04
8.510000000000000000e+02,1.000000000000000000e+00,0.000000000000000000e+00,2.424429480000000006e-04
8.510000000000000000e+02,2.000000000000000000e+00,0.000000000000000000e+00,2.414332289999999970e-04
8.520000000000000000e+02,1.000000000000000000e+00,0.000000000000000000e+00,2.421629669999999883e-04
8.520000000000000000e+02,2.000000000000000000e+00,0.000000000000000000e+00,2.409208790000000018e-04
8.530000000000000000e+02,1.000000000000000000e+00,0.000000000000000000e+00,2.394869219999999925e-04
8.530000000000000000e+02,2.000000000000000000e+00,0.000000000000000000e+00,2.386411110000000114e-04
8.540000000000000000e+02,1.000000000000000000e+00,0.000000000000000000e+00,2.378717779999999947e-04
8.540000000000000000e+02,2.000000000000000000e+00,0.000000000000000000e+00,2.366300939999999931e-04
8.550000000000000000e+02,1.000000000000000000e+00,0.000000000000000000e+00,2.373268510000000123e-04
8.550000000000000000e+02,2.000000000000000000e+00,0.000000000000000000e+00,2.359223689999999981e-04
8.560000000000000000e+02,1.000000000000000000e+00,0.000000000000000000e+00,2.330873340000000067e-04
8.560000000000000000e+02,2.000000000000000000e+00,0.000000000000000000e+00,2.331818899999999969e-04
8.570000000000000000e+02,1.000000000000000000e+00,0.000000000000000000e+00,2.349632790000000032e-04
8.570000000000000000e+02,2.000000000000000000e+00,0.000000000000000000e+00,2.316089389999999976e-04
8.580000000000000000e+02,1.000000000000000000e+00,0.000000000000000000e+00,2.294989279999999957e-04
8.580000000000000000e+02,2.000000000000000000e+00,0.000000000000000000e+00,2.315006470000000060e-04
8.590000000000000000e+02,1.000000000000000000e+00,0.000000000000000000e+00,2.321958890000000073e-04
8.590000000000000000e+02,2.000000000000000000e+00,0.000000000000000000e+00,2.277305699999999889e-04
8.600000000000000000e+02,1.000000000000000000e+00,0.000000000000000000e+00,2.256503480000000015e-04
8.600000000000000000e+02,2.000000000000000000e+00,0.000000000000000000e+00,2.276371089999999872e-04
8.610000000000000000e+02,1.000000000000000000e+00,0.000000000000000000e+00,2.291661320000000089e-04
8.610000000000000000e+02,2.000000000000000000e+00,0.000000000000000000e+00,2.253841260000000071e-04
8.620000000000000000e+02,1.000000000000000000e+00,0.000000000000000000e+00,2.209212559999999880e-04
8.620000000000000000e+02,2.000000000000000000e+00,0.000000000000000000e+00,2.227293859999999906e-04
8.630000000000000000e+02,1.000000000000000000e+00,0.000000000000000000e+00,2.264500279999999985e-04
8.630000000000000000e+02,2.000000000000000000e+00,0.000000000000000000e+00,2.217406850000000018e-04
8.640000000000000000e+02,1.000000000000000000e+00,0.000000000000000000e+00,2.193395069999999885e-04
8.640000000000000000e+02,2.000000000000000000e+00,0.000000000000000000e+00,2.223372680000000091e-04
8.650000000000000000e+02,1.000000000000000000e+00,0.000000000000000000e+00,2.232725389999999871e-04
8.650000000000000000e+02,2.000000000000000000e+00,0.000000000000000000e+00,2.180986510000000123e-04
8.660000000000000000e+02,1.000000000000000000e+00,0.000000000000000000e+00,2.143753980000000019e-04
8.660000000000000000e+02,2.000000000000000000e+00,0.000000000000000000e+00,2.172411440000000099e-04
8.670000000000000000e+02,1.000000000000000000e+00,0.000000000000000000e+00,2.202433569999999951e-04
8.670000000000000000e+02,2.000000000000000000e+00,0.000000000000000000e+00,2.152927439999999931e-04
8.680000000000000000e+02,1.000000000000000000e+00,0.000000000000000000e+00,2.109553300000000116e-04
8.680000000000000000e+02,2.000000000000000000e+00,0.000000000000000000e+00,2.136153509999999870e-04
8.690000000000000000e+02,1.000000000000000000e+00,0.000000000000000000e+00,2.154231300000000098e-04
8.690000000000000000e+02,2.000000000000000000e+00,0.000000000000000000e+00,2.110118020000000102e-04
8.700000000000000000e+02,1.000000000000000000e+00,0.000000000000000000e+00,2.101373150000000127e-04
8.700000000000000000e+02,2.000000000000000000e+00,0.000000000000000000e+00,2.114140529999999972e-04
8.710000000000000000e+02,1.000000000000000000e+00,0.000000000000000000e+00,2.105878649999999943e-04
8.710000000000000000e+02,2.000000000000000000e+00,0.000000000000000000e+00,2.083609839999999889e-04
8.720000000000000000e+02,1.000000000000000000e+00,0.000000000000000000e+00,2.074981200000000062e-04
8.720000000000000000e+02,2.000000000000000000e+00,0.000000000000000000e+00,2.064526279999999924e-04
8.730000000000000000e+02,1.000000000000000000e+00,0.000000000000000000e+00,2.061698310000000109e-04
8.730000000000000000e+02,2.000000000000000000e+00,0.000000000000000000e+00,2.057584820000000027e-04
8.740000000000000000e+02,1.000000000000000000e+00,0.000000000000000000e+00,2.038979760000000062e-04
8.740000000000000000e+02,2.000000000000000000e+00,0.000000000000000000e+00,2.021850339999999892e-04
8.750000000000000000e+02,1.000000000000000000e+00,0.000000000000000000e+00,2.028523440000000097e-04
8.750000000000000000e+02,2.000000000000000000e+00,0.000000000000000000e+00,2.017592469999999929e-04
8.760000000000000000e+02,1.000000000000000000e+00,0.000000000000000000e+00,2.010258390000000024e-04
8.760000000000000000e+02,2.000000000000000000e+00,0.000000000000000000e+00,2.006570959999999959e-04
8.770000000000000000e+02,1.000000000000000000e+00,0.000000000000000000e+00,1.994810040000000075e-04
8.770000000000000000e+02,2.000000000000000000e+00,0.000000000000000000e+00,1.974023120000000051e-04
8.780000000000000000e+02,1.000000000000000000e+00,0.000000000000000000e+00,1.965329820000000010e-04
8.780000000000000000e+02,2.000000000000000000e+00,0.000000000000000000e+00,1.964707210000000135e-04
8.790000000000000000e+02,1.000000000000000000e+00,0.000000000000000000e+00,1.975056669999999915e-04
8.790000000000000000e+02,2.000000000000000000e+00,0.000000000000000000e+00,1.953218970000000028e-04
8.800000000000000000e+02,1.000000000000000000e+00,0.000000000000000000e+00,1.921501430000000063e-04
8.800000000000000000e+02,2.000000000000000000e+00,0.000000000000000000e+00,1.925000760000000115e-04
8.810000000000000000e+02,1.000000000000000000e+00,0.000000000000000000e+00,1.928568939999999901e-04
8.810000000000000000e+02,2.000000000000000000e+00,0.000000000000000000e+00,1.902982029999999883e-04
8.820000000000000000e+02,1.000000000000000000e+00,0.000000000000000000e+00,1.904356980000000048e-04
8.820000000000000000e+02,2.000000000000000000e+00,0.000000000000000000e+00,1.905526949999999887e-04
8.830000000000000000e+02,1.000000000000000000e+00,0.000000000000000000e+00,1.904489790000000082e-04
8.830000000000000000e+02,2.000000000000000000e+00,0.000000000000000000e+00,1.881563969999999915e-04
8.840000000000000000e+02,1.000000000000000000e+00,0.000000000000000000e+00,1.841637609999999866e-04
8.840000000000000000e+02,2.000000000000000000e+00,0.000000000000000000e+00,1.854530689999999966e-04
8.850000000000000000e+02,1.000000000000000000e+00,0.000000000000000000e+00,1.905854350000000023e-04
8.850000000000000000e+02,2.000000000000000000e+00,0.000000000000000000e+00,1.853216380000000086e-04
8.860000000000000000e+02,1.000000000000000000e+00,0.000000000000000000e+00,1.806447470000000107e-04
8.860000000000000000e+02,2.000000000000000000e+00,0.000000000000000000e+00,1.848750389999999875e-04
8.870000000000000000e+02,1.000000000000000000e+00,0.000000000000000000e+00,1.849777769999999999e-04
8.870000000000000000e+02,2.000000000000000000e+00,0.000000000000000000e+00,1.791169429999999970e-04
8.880000000000000000e+02,1.000000000000000000e+00,0.000000000000000000e+00,1.775197050000000077e-04
8.880000000000000000e+02,2.000000000000000000e+00,0.000000000000000000e+00,1.799404399999999919e-04
8.890000000000000000e+02,1.000000000000000000e+00,0.000000000000000000e+00,1.811642849999999883e-04
8.890000000000000000e+02,2.000000000000000000e+00,0.000000000000000000e+00,1.776332260000000032e-04
8.900000000000000000e+02,1.000000000000000000e+00,0.000000000000000000e+00,1.743818200000000129e-04
8.900000000000000000e+02,2.000000000000000000e+00,0.000000000000000000e+00,1.757305950000000074e-04
8.910000000000000000e+02,1.000000000000000000e+00,0.000000000000000000e+00,1.801265539999999984e-04
8.910000000000000000e+02,2.000000000000000000e+00,0.000000000000000000e+00,1.756788640000000112e-04
8.920000000000000000e+02,1.000000000000000000e+00,0.000000000000000000e+00,1.698116589999999868e-04
8.920000000000000000e+02,2.000000000000000000e+00,0.000000000000000000e+00,1.735226600000000020e-04
8.930000000000000000e+02,1.000000000000000000e+00,0.000000000000000000e+00,1.761963589999999936e-04
8.930000000000000000e+02,2.000000000000000000e+00,0.000000000000000000e+00,1.696517949999999870e-04
8.940000000000000000e+02,1.000000000000000000e+00,0.000000000000000000e+00,1.670752240000000083e-04
8.940000000000000000e+02,2.000000000000000000e+00,0.000000000000000000e+00,1.711946249999999974e-04
8.950000000000000000e+02,1.000000000000000000e+00,0.000000000000000000e+00,1.720141939999999940e-04
8.950000000000000000e+02,2.000000000000000000e+00,0.000000000000000000e+00,1.669102060000000030e-04
8.960000000000000000e+02,1.000000000000000000e+00,0.000000000000000000e+00,1.649193630000000109e-04
8.960000000000000000e+02,2.000000000000000000e+00,0.000000000000000000e+00,1.664539270000000095e-04
8.970000000000000000e+02,1.000000000000000000e+00,0.000000000000000000e+00,1.675111289999999887e-04
8.970000000000000000e+02,2.000000000000000000e+00,0.000000000000000000e+00,1.651640029999999943e-04
8.980000000000000000e+02,1.000000000000000000e+00,0.000000000000000000e+00,1.624117160000000128e-04
8.980000000000000000e+02,2.000000000000000000e+00,0.000000000000000000e+00,1.619491759999999920e-04
8.990000000000000000e+02,1.000000000000000000e+00,0.000000000000000000e+00,1.621469029999999991e-04
8.990000000000000000e+02,2.000000000000000000e+00,0.000000000000000000e+00,1.608820030000000106e-04
9.000000000000000000e+02,1.000000000000000000e+00,0.000000000000000000e+00,1.609659379999999937e-04
9.000000000000000000e+02,2.000000000000000000e+00,0.000000000000000000e+00,1.599765110000000057e-04
9.010000000000000000e+02,1.000000000000000000e+00,0.000000000000000000e+00,1.594335630000000032e-04
9.010000000000000000e+02,2.000000000000000000e+00,0.000000000000000000e+00,1.582554520000000050e-04
9.020000000000000000e+02,1.000000000000000000e+00,0.000000000000000000e+00,1.570595140000000079e-04
9.020000000000000000e+02,2.000000000000000000e+00,0.000000000000000000e+00,1.563250160000000089e-04
9.030000000000000000e+02,1.000000000000000000e+00,0.000000000000000000e+00,1.559760710000000132e-04
9.030000000000000000e+02,2.000000000000000000e+00,0.000000000000000000e+00,1.546279729999999969e-04
9.040000000000000000e+02,1.000000000000000000e+00,0.000000000000000000e+00,1.527937850000000064e-04
9.040000000000000000e+02,2.000000000000000000e+00,0.000000000000000000e+00,1.523392440000000071e-04
9.050000000000000000e+02,1.000000000000000000e+00,0.000000000000000000e+00,1.542085620000000021e-04
9.050000000000000000e+02,2.000000000000000000e+00,0.000000000000000000e+00,1.517856889999999958e-04
9.060000000000000000e+02,1.000000000000000000e+00,0.000000000000000000e+00,1.494454320000000117e-04
9.060000000000000000e+02,2.000000000000000000e+00,0.000000000000000000e+00,1.508269440000000047e-04
9.070000000000000000e+02,1.000000000000000000e+00,0.000000000000000000e+00,1.512274360000000000e-04
9.070000000000000000e+02,2.000000000000000000e+00,0.000000000000000000e+00,1.472995730000000011e-04
9.080000000000000000e+02,1.000000000000000000e+00,0.000000000000000000e+00,1.460678609999999978e-04
9.080000000000000000e+02,2.000000000000000000e+00,0.000000000000000000e+00,1.477507420000000030e-04
9.090000000000000000e+02,1.000000000000000000e+00,0.000000000000000000e+00,1.493113470000000033e-04
9.090000000000000000e+02,2.000000000000000000e+00,0.000000000000000000e+00,1.459906059999999941e-04
9.100000000000000000e+02,1.000000000000000000e+00,0.000000000000000000e+00,1.422997819999999932e-04
9.100000000000000000e+02,2.000000000000000000e+00,0.000000000000000000e+00,1.433367289999999987e-04
9.110000000000000000e+02,1.000000000000000000e+00,0.000000000000000000e+00,1.436819060000000072e-04
9.110000000000000000e+02,2.000000000000000000e+00,0.000000000000000000e+00,1.411481349999999869e-04
9.120000000000000000e+02,1.000000000000000000e+00,0.000000000000000000e+00,1.419218820000000116e-04
9.120000000000000000e+02,2.000000000000000000e+00,0.000000000000000000e+00,1.417354910000000006e-04
9.130000000000000000e+02,1.000000000000000000e+00,0.000000000000000000e+00,1.427501379999999910e-04
9.130000000000000000e+02,2.000000000000000000e+00,0.000000000000000000e+00,1.411280149999999888e-04
9.140000000000000000e+02,1.000000000000000000e+00,0.000000000000000000e+00,1.396738599999999950e-04
9.140000000000000000e+02,2.000000000000000000e+00,0.000000000000000000e+00,1.395017799999999917e-04
9.150000000000000000e+02,1.000000000000000000e+00,0.000000000000000000e+00,1.403294370000000065e-04
9.150000000000000000e+02,2.000000000000000000e+00,0.000000000000000000e+00,1.378898529999999872e-04
9.160000000000000000e+02,1.000000000000000000e+00,0.000000000000000000e+00,1.325150049999999945e-04
9.160000000000000000e+02,2.000000000000000000e+00,0.000000000000000000e+00,1.343741520000000004e-04
9.170000000000000000e+02,1.000000000000000000e+00,0.000000000000000000e+00,1.381064039999999938e-04
9.170000000000000000e+02,2.000000000000000000e+00,0.000000000000000000e+00,1.325580809999999884e-04
9.180000000000000000e+02,1.000000000000000000e+00,0.000000000000000000e+00,1.293191299999999952e-04
9.180000000000000000e+02,2.000000000000000000e+00,0.000000000000000000e+00,1.339574810000000076e-04
9.190000000000000000e+02,1.000000000000000000e+00,0.000000000000000000e+00,1.360823210000000074e-04
9.190000000000000000e+02,2.000000000000000000e+00,0.000000000000000000e+00,1.293066880000000004e-04
9.200000000000000000e+02,1.000000000000000000e+00,0.000000000000000000e+00,1.258469580000000083e-04
9.200000000000000000e+02,2.000000000000000000e+00,0.000000000000000000e+00,1.300967439999999910e-04
9.210000000000000000e+02,1.000000000000000000e+00,0.000000000000000000e+00,1.331874130000000004e-04
9.210000000000000000e+02,2.000000000000000000e+00,0.000000000000000000e+00,1.278416619999999955e-04
9.220000000000000000e+02,1.000000000000000000e+00,0.000000000000000000e+00,1.240101429999999980e-04
9.220000000000000000e+02,2.000000000000000000e+00,0.000000000000000000e+00,1.265658019999999992e-04
9.230000000000000000e+02,1.000000000000000000e+00,0.000000000000000000e+00,1.287345210000000097e-04
9.230000000000000000e+02,2.000000000000000000e+00,0.000000000000000000e+00,1.250066140000000018e-04
9.240000000000000000e+02,1.000000000000000000e+00,0.000000000000000000e+00,1.240978690000000119e-04
9.240000000000000000e+02,2.000000000000000000e+00,0.000000000000000000e+00,1.249814839999999921e-04
9.250000000000000000e+02,1.000000000000000000e+00,0.000000000000000000e+00,1.241409050000000030e-04
9.250000000000000000e+02,2.000000000000000000e+00,0.000000000000000000e+00,1.224269540000000062e-04
9.260000000000000000e+02,1.000000000000000000e+00,0.000000000000000000e+00,1.222781260000000087e-04
9.260000000000000000e+02,2.000000000000000000e+00,0.000000000000000000e+00,1.211111080000000018e-04
9.270000000000000000e+02,1.000000000000000000e+00,0.000000000000000000e+00,1.215591929999999940e-04
9.270000000000000000e+02,2.000000000000000000e+00,0.000000000000000000e+00,1.211908819999999961e-04
9.280000000000000000e+02,1.000000000000000000e+00,0.000000000000000000e+00,1.187737249999999993e-04
9.280000000000000000e+02,2.000000000000000000e+00,0.000000000000000000e+00,1.176684910000000021e-04
9.290000000000000000e+02,1.000000000000000000e+00,0.000000000000000000e+00,1.183960919999999943e-04
9.290000000000000000e+02,2.000000000000000000e+00,0.000000000000000000e+00,1.169166580000000034e-04
9.300000000000000000e+02,1.000000000000000000e+00,0.000000000000000000e+00,1.170259790000000033e-04
9.300000000000000000e+02,2.000000000000000000e+00,0.000000000000000000e+00,1.170196509999999997e-04
9.310000000000000000e+02,1.000000000000000000e+00,0.000000000000000000e+00,1.162179330000000010e-04
9.310000000000000000e+02,2.000000000000000000e+00,0.000000000000000000e+00,1.140041390000000017e-04
9.320000000000000000e+02,1.000000000000000000e+00,0.000000000000000000e+00,1.104935879999999958e-04
9.320000000000000000e+02,2.000000000000000000e+00,0.000000000000000000e+00,1.119889110000000046e-04
9.330000000000000000e+02,1.000000000000000000e+00,0.000000000000000000e+00,1.175083040000000055e-04
9.330000000000000000e+02,2.000000000000000000e+00,0.000000000000000000e+00,1.123780929999999948e-04
9.340000000000000000e+02,1.000000000000000000e+00,0.000000000000000000e+00,1.083025100000000027e-04
9.340000000000000000e+02,2.000000000000000000e+00,0.000000000000000000e+00,1.126476830000000025e-04
9.350000000000000000e+02,1.000000000000000000e+00,0.000000000000000000e+00,1.133450280000000032e-04
9.350000000000000000e+02,2.000000000000000000e+00,0.000000000000000000e+00,1.076487759999999994e-04
9.360000000000000000e+02,1.000000000000000000e+00,0.000000000000000000e+00,1.063645560000000011e-04
9.360000000000000000e+02,2.000000000000000000e+00,0.000000000000000000e+00,1.089334860000000049e-04
9.370000000000000000e+02,1.000000000000000000e+00,0.000000000000000000e+00,1.102817659999999987e-04
9.370000000000000000e+02,2.000000000000000000e+00,0.000000000000000000e+00,1.069758009999999959e-04
9.380000000000000000e+02,1.000000000000000000e+00,0.000000000000000000e+00,1.044203440000000008e-04
9.380000000000000000e+02,2.000000000000000000e+00,0.000000000000000000e+00,1.054886860000000002e-04
9.390000000000000000e+02,1.000000000000000000e+00,0.000000000000000000e+00,1.082594560000000022e-04
9.390000000000000000e+02,2.000000000000000000e+00,0.000000000000000000e+00,1.052770700000000068e-04
9.400000000000000000e+02,1.000000000000000000e+00,0.000000000000000000e+00,1.020012940000000057e-04
9.400000000000000000e+02,2.000000000000000000e+00,0.000000000000000000e+00,1.035171980000000000e-04
9.410000000000000000e+02,1.000000000000000000e+00,0.000000000000000000e+00,1.046025529999999984e-04
9.410000000000000000e+02,2.000000000000000000e+00,0.000000000000000000e+00,1.013369289999999946e-04
9.420000000000000000e+02,1.000000000000000000e+00,0.000000000000000000e+00,1.007707010000000034e-04
9.420000000000000000e+02,2.000000000000000000e+00,0.000000000000000000e+00,1.018330660000000063e-04
9.430000000000000000e+02,1.000000000000000000e+00,0.000000000000000000e+00,1.016146029999999959e-04
9.430000000000000000e+02,2.000000000000000000e+00,0.000000000000000000e+00,9.950482830000000121e-05
9.440000000000000000e+02,1.000000000000000000e+00,0.000000000000000000e+00,9.895277829999999351e-05
9.440000000000000000e+02,2.000000000000000000e+00,0.000000000000000000e+00,9.865230399999999492e-05
9.450000000000000000e+02,1.000000000000000000e+00,0.000000000000000000e+00,9.950100649999999596e-05
9.450000000000000000e+02,2.000000000000000000e+00,0.000000000000000000e+00,9.842961920000000559e-05
9.460000000000000000e+02,1.000000000000000000e+00,0.000000000000000000e+00,9.618633230000000675e-05
9.460000000000000000e+02,2.000000000000000000e+00,0.000000000000000000e+00,9.577593359999999885e-05
9.470000000000000000e+02,1.000000000000000000e+00,0.000000000000000000e+00,9.692439640000000546e-05
9.470000000000000000e+02,2.000000000000000000e+00,0.000000000000000000e+00,9.504975909999999867e-05
9.480000000000000000e+02,1.000000000000000000e+00,0.000000000000000000e+00,9.392557419999999948e-05
9.480000000000000000e+02,2.000000000000000000e+00,0.000000000000000000e+00,9.476361419999999663e-05
9.490000000000000000e+02,1.000000000000000000e+00,0.000000000000000000e+00,9.533774370000000595e-05
9.490000000000000000e+02,2.000000000000000000e+00,0.000000000000000000e+00,9.238731769999999660e-05
9.500000000000000000e+02,1.000000000000000000e+00,0.000000000000000000e+00,9.105427389999999719e-05
9.500000000000000000e+02,2.000000000000000000e+00,0.000000000000000000e+00,9.250610480000000236e-05
9.510000000000000000e+02,1.000000000000000000e+00,0.000000000000000000e+00,9.468066470000000587e-05
9.510000000000000000e+02,2.000000000000000000e+00,0.000000000000000000e+00,9.152517829999999707e-05
9.520000000000000000e+02,1.000000000000000000e+00,0.000000000000000000e+00,8.846519570000000224e-05
9.520000000000000000e+02,2.000000000000000000e+00,0.000000000000000000e+00,9.022089949999999737e-05
9.530000000000000000e+02,1.000000000000000000e+00,0.000000000000000000e+00,9.280592360000000456e-05
9.530000000000000000e+02,2.000000000000000000e+00,0.000000000000000000e+00,8.909522520000000539e-05
9.540000000000000000e+02,1.000000000000000000e+00,0.000000000000000000e+00,8.742095189999999911e-05
9.540000000000000000e+02,2.000000000000000000e+00,0.000000000000000000e+00,8.967130200000000199e-05
9.550000000000000000e+02,1.000000000000000000e+00,0.000000000000000000e+00,9.047348940000000343e-05
9.550000000000000000e+02,2.000000000000000000e+00,0.000000000000000000e+00,8.688887679999999461e-05
9.560000000000000000e+02,1.000000000000000000e+00,0.000000000000000000e+00,8.569879420000000030e-05
9.560000000000000000e+02,2.000000000000000000e+00,0.000000000000000000e+00,8.686122470000000133e-05
9.570000000000000000e+02,1.000000000000000000e+00,0.000000000000000000e+00,8.646398190000000343e-05
9.570000000000000000e+02,2.000000000000000000e+00,0.000000000000000000e+00,8.497907759999999422e-05
9.580000000000000000e+02,1.000000000000000000e+00,0.000000000000000000e+00,8.342582070000000613e-05
9.580000000000000000e+02,2.000000000000000000e+00,0.000000000000000000e+00,8.274512350000000262e-05
9.590000000000000000e+02,1.000000000000000000e+00,0.000000000000000000e+00,8.561242020000000511e-05
9.590000000000000000e+02,2.000000000000000000e+00,0.000000000000000000e+00,8.395457669999999975e-05
9.600000000000000000e+02,1.000000000000000000e+00,0.000000000000000000e+00,8.053115700000000143e-05
9.600000000000000000e+02,2.000000000000000000e+00,0.000000000000000000e+00,8.238478330000000612e-05
9.610000000000000000e+02,1.000000000000000000e+00,0.000000000000000000e+00,8.433111060000000002e-05
9.610000000000000000e+02,2.000000000000000000e+00,0.000000000000000000e+00,7.952241670000000117e-05
9.620000000000000000e+02,1.000000000000000000e+00,0.000000000000000000e+00,7.781169939999999603e-05
9.620000000000000000e+02,2.000000000000000000e+00,0.000000000000000000e+00,8.155630180000000612e-05
9.630000000000000000e+02,1.000000000000000000e+00,0.000000000000000000e+00,8.453790089999999350e-05
9.630000000000000000e+02,2.000000000000000000e+00,0.000000000000000000e+00,7.957877289999999899e-05
9.640000000000000000e+02,1.000000000000000000e+00,0.000000000000000000e+00,7.610846110000000315e-05
9.640000000000000000e+02,2.000000000000000000e+00,0.000000000000000000e+00,7.889025119999999497e-05
9.650000000000000000e+02,1.000000000000000000e+00,0.000000000000000000e+00,7.971764840000000166e-05
9.650000000000000000e+02,2.000000000000000000e+00,0.000000000000000000e+00,7.663443000000000143e-05
9.660000000000000000e+02,1.000000000000000000e+00,0.000000000000000000e+00,7.677259579999999659e-05
9.660000000000000000e+02,2.000000000000000000e+00,0.000000000000000000e+00,7.701528440000000376e-05
9.670000000000000000e+02,1.000000000000000000e+00,0.000000000000000000e+00,7.644417820000000549e-05
9.670000000000000000e+02,2.000000000000000000e+00,0.000000000000000000e+00,7.596178619999999996e-05
9.680000000000000000e+02,1.000000000000000000e+00,0.000000000000000000e+00,7.640201750000000258e-05
9.680000000000000000e+02,2.000000000000000000e+00,0.000000000000000000e+00,7.463790169999999632e-05
9.690000000000000000e+02,1.000000000000000000e+00,0.000000000000000000e+00,7.470757389999999325e-05
9.690000000000000000e+02,2.000000000000000000e+00,0.000000000000000000e+00,7.538706960000000012e-05
9.700000000000000000e+02,1.000000000000000000e+00,0.000000000000000000e+00,7.443190239999999990e-05
9.700000000000000000e+02,2.000000000000000000e+00,0.000000000000000000e+00,7.264144810000000172e-05
9.710000000000000000e+02,1.000000000000000000e+00,0.000000000000000000e+00,7.257580540000000411e-05
9.710000000000000000e+02,2.000000000000000000e+00,0.000000000000000000e+00,7.248130230000000038e-05
9.720000000000000000e+02,1.000000000000000000e+00,0.000000000000000000e+00,7.306032119999999639e-05
9.720000000000000000e+02,2.000000000000000000e+00,0.000000000000000000e+00,7.227776259999999333e-05
9.730000000000000000e+02,1.000000000000000000e+00,0.000000000000000000e+00,7.156362280000000008e-05
9.730000000000000000e+02,2.000000000000000000e+00,0.000000000000000000e+00,7.071108460000000053e-05
9.740000000000000000e+02,1.000000000000000000e+00,0.000000000000000000e+00,7.085253760000000394e-05
9.740000000000000000e+02,2.000000000000000000e+00,0.000000000000000000e+00,7.041869139999999900e-05
9.750000000000000000e+02,1.000000000000000000e+00,0.000000000000000000e+00,7.094540279999999840e-05
9.750000000000000000e+02,2.000000000000000000e+00,0.000000000000000000e+00,6.992520880000000069e-05
9.760000000000000000e+02,1.000000000000000000e+00,0.000000000000000000e+00,6.713363550000000428e-05
9.760000000000000000e+02,2.000000000000000000e+00,0.000000000000000000e+00,6.751533499999999620e-05
9.770000000000000000e+02,1.000000000000000000e+00,0.000000000000000000e+00,6.967234050000000118e-05
9.770000000000000000e+02,2.000000000000000000e+00,0.000000000000000000e+00,6.707599739999999769e-05
9.780000000000000000e+02,1.000000000000000000e+00,0.000000000000000000e+00,6.634898129999999394e-05
9.780000000000000000e+02,2.000000000000000000e+00,0.000000000000000000e+00,6.812735409999999331e-05
9.790000000000000000e+02,1.000000000000000000e+00,0.000000000000000000e+00,6.799872009999999626e-05
9.790000000000000000e+02,2.000000000000000000e+00,0.000000000000000000e+00,6.515960370000000151e-05
9.800000000000000000e+02,1.000000000000000000e+00,0.000000000000000000e+00,6.438923179999999431e-05
9.800000000000000000e+02,2.000000000000000000e+00,0.000000000000000000e+00,6.540669209999999472e-05
9.810000000000000000e+02,1.000000000000000000e+00,0.000000000000000000e+00,6.711685449999999994e-05
9.810000000000000000e+02,2.000000000000000000e+00,0.000000000000000000e+00,6.529150289999999983e-05
9.820000000000000000e+02,1.000000000000000000e+00,0.000000000000000000e+00,6.316189940000000629e-05
9.820000000000000000e+02,2.000000000000000000e+00,0.000000000000000000e+00,6.359087030000000072e-05
9.830000000000000000e+02,1.000000000000000000e+00,0.000000000000000000e+00,6.450542630000000003e-05
9.830000000000000000e+02,2.000000000000000000e+00,0.000000000000000000e+00,6.291313230000000149e-05
9.840000000000000000e+02,1.000000000000000000e+00,0.000000000000000000e+00,6.290329619999999685e-05
9.840000000000000000e+02,2.000000000000000000e+00,0.000000000000000000e+00,6.316203419999999891e-05
9.850000000000000000e+02,1.000000000000000000e+00,0.000000000000000000e+00,6.302354949999999594e-05
9.850000000000000000e+02,2.000000000000000000e+00,0.000000000000000000e+00,6.174492199999999918e-05
9.860000000000000000e+02,1.000000000000000000e+00,0.000000000000000000e+00,6.151105039999999759e-05
9.860000000000000000e+02,2.000000000000000000e+00,0.000000000000000000e+00,6.140292810000000281e-05
9.870000000000000000e+02,1.000000000000000000e+00,0.000000000000000000e+00,6.236868220000000543e-05
9.870000000000000000e+02,2.000000000000000000e+00,0.000000000000000000e+00,6.133449140000000219e-05
9.880000000000000000e+02,1.000000000000000000e+00,0.000000000000000000e+00,5.898677899999999830e-05
9.880000000000000000e+02,2.000000000000000000e+00,0.000000000000000000e+00,5.926707750000000227e-05
9.890000000000000000e+02,1.000000000000000000e+00,0.000000000000000000e+00,6.073194999999999711e-05
9.890000000000000000e+02,2.000000000000000000e+00,0.000000000000000000e+00,5.871385600000000003e-05
9.900000000000000000e+02,1.000000000000000000e+00,0.000000000000000000e+00,5.804243920000000173e-05
9.900000000000000000e+02,2.000000000000000000e+00,0.000000000000000000e+00,5.930241480000000110e-05
9.910000000000000000e+02,1.000000000000000000e+00,0.000000000000000000e+00,5.946800300000000208e-05
9.910000000000000000e+02,2.000000000000000000e+00,0.000000000000000000e+00,5.707795040000000102e-05
9.920000000000000000e+02,1.000000000000000000e+00,0.000000000000000000e+00,5.632757839999999878e-05
9.920000000000000000e+02,2.000000000000000000e+00,0.000000000000000000e+00,5.733878469999999808e-05
9.930000000000000000e+02,1.000000000000000000e+00,0.000000000000000000e+00,5.894186270000000293e-05
9.930000000000000000e+02,2.000000000000000000e+00,0.000000000000000000e+00,5.705954880000000231e-05
9.940000000000000000e+02,1.000000000000000000e+00,0.000000000000000000e+00,5.453908760000000176e-05
9.940000000000000000e+02,2.000000000000000000e+00,0.000000000000000000e+00,5.543119330000000116e-05
9.950000000000000000e+02,1.000000000000000000e+00,0.000000000000000000e+00,5.706191210000000107e-05
9.950000000000000000e+02,2.000000000000000000e+00,0.000000000000000000e+00,5.495574249999999927e-05
9.960000000000000000e+02,1.000000000000000000e+00,0.000000000000000000e+00,5.522127929999999665e-05
9.960000000000000000e+02,2.000000000000000000e+00,0.000000000000000000e+00,5.602779450000000078e-05
9.970000000000000000e+02,1.000000000000000000e+00,0.000000000000000000e+00,5.536299520000000123e-05
9.970000000000000000e+02,2.000000000000000000e+00,0.000000000000000000e+00,5.406192880000000101e-05
9.980000000000000000e+02,1.000000000000000000e+00,0.000000000000000000e+00,5.353387870000000026e-05
9.980000000000000000e+02,2.000000000000000000e+00,0.000000000000000000e+00,5.339355330000000282e-05
9.990000000000000000e+02,1.000000000000000000e+00,0.000000000000000000e+00,5.485294559999999729e-05
9.990000000000000000e+02,2.000000000000000000e+00,0.000000000000000000e+00,5.399341670000000216e-05
1.000000000000000000e+03,1.000000000000000000e+00,0.000000000000000000e+00,5.214302190000000059e-05
1.000000000000000000e+03,2.000000000000000000e+00,0.000000000000000000e+00,5.226415419999999747e-05
1.001000000000000000e+03,1.000000000000000000e+00,0.000000000000000000e+00,5.266392020000000031e-05
1.001000000000000000e+03,2.000000000000000000e+00,0.000000000000000000e+00,5.141870900000000081e-05
1.002000000000000000e+03,1.000000000000000000e+00,0.000000000000000000e+00,5.188591959999999898e-05
1.002000000000000000e+03,2.000000000000000000e+00,0.000000000000000000e+00,5.205537599999999733e-05
1.003000000000000000e+03,1.000000000000000000e+00,0.000000000000000000e+00,5.186663699999999690e-05
1.003000000000000000e+03,2.000000000000000000e+00,0.000000000000000000e+00,5.090365580000000165e-05
1.004000000000000000e+03,1.000000000000000000e+00,0.000000000000000000e+00,5.069656200000000117e-05
1.004000000000000000e+03,2.000000000000000000e+00,0.000000000000000000e+00,5.070933930000000068e-05
1.005000000000000000e+03,1.000000000000000000e+00,0.000000000000000000e+00,5.274756899999999811e-05
1.005000000000000000e+03,2.000000000000000000e+00,0.000000000000000000e+00,5.114935800000000035e-05
1.006000000000000000e+03,1.000000000000000000e+00,0.000000000000000000e+00,4.633416189999999874e-05
1.006000000000000000e+03,2.000000000000000000e+00,0.000000000000000000e+00,4.879333409999999711e-05
1.007000000000000000e+03,1.000000000000000000e+00,0.000000000000000000e+00,5.458621109999999758e-05
1.007000000000000000e+03,2.000000000000000000e+00,0.000000000000000000e+00,4.891774160000000274e-05
1.008000000000000000e+03,1.000000000000000000e+00,0.000000000000000000e+00,4.642701930000000133e-05
1.008000000000000000e+03,2.000000000000000000e+00,0.000000000000000000e+00,5.219174319999999787e-05
1.009000000000000000e+03,1.000000000000000000e+00,0.000000000000000000e+00,5.218686560000000062e-05
1.009000000000000000e+03,2.000000000000000000e+00,0.000000000000000000e+00,4.625430340000000331e-05
1.010000000000000000e+03,1.000000000000000000e+00,0.000000000000000000e+00,4.342135070000000186e-05
1.010000000000000000e+03,2.000000000000000000e+00,0.000000000000000000e+00,4.715426650000000187e-05
1.011000000000000000e+03,1.000000000000000000e+00,0.000000000000000000e+00,5.134555350000000130e-05
1.011000000000000000e+03,2.000000000000000000e+00,0.000000000000000000e+00,4.735601830000000270e-05
1.012000000000000000e+03,1.000000000000000000e+00,0.000000000000000000e+00,4.242362629999999743e-05
1.012000000000000000e+03,2.000000000000000000e+00,0.000000000000000000e+00,4.555923170000000187e-05
1.013000000000000000e+03,1.000000000000000000e+00,0.000000000000000000e+00,4.815890069999999854e-05
1.013000000000000000e+03,2.000000000000000000e+00,0.000000000000000000e+00,4.426117429999999937e-05
1.014000000000000000e+03,1.000000000000000000e+00,0.000000000000000000e+00,4.444002590000000093e-05
1.014000000000000000e+03,2.000000000000000000e+00,0.000000000000000000e+00,4.664004750000000062e-05
1.015000000000000000e+03,1.000000000000000000e+00,0.000000000000000000e+00,4.678938780000000026e-05
1.015000000000000000e+03,2.000000000000000000e+00,0.000000000000000000e+00,4.497839069999999670e-05
1.016000000000000000e+03,1.000000000000000000e+00,0.000000000000000000e+00,4.472785419999999985e-05
1.016000000000000000e+03,2.000000000000000000e+00,0.000000000000000000e+00,4.455642420000000139e-05
1.017000000000000000e+03,1.000000000000000000e+00,0.000000000000000000e+00,4.484138140000000180e-05
1.017000000000000000e+03,2.000000000000000000e+00,0.000000000000000000e+00,4.499635499999999857e-05
1.018000000000000000e+03,1.000000000000000000e+00,0.000000000000000000e+00,4.348817560000000276e-05
1.018000000000000000e+03,2.000000000000000000e+00,0.000000000000000000e+00,4.256379110000000097e-05
1.019000000000000000e+03,1.000000000000000000e+00,0.000000000000000000e+00,4.412779389999999988e-05
1.019000000000000000e+03,2.000000000000000000e+00,0.000000000000000000e+00,4.348067400000000084e-05
1.020000000000000000e+03,1.000000000000000000e+00,0.000000000000000000e+00,4.264136290000000192e-05
1.020000000000000000e+03,2.000000000000000000e+00,0.000000000000000000e+00,4.353542020000000123e-05
1.021000000000000000e+03,1.000000000000000000e+00,0.000000000000000000e+00,4.399891959999999809e-05
1.021000000000000000e+03,2.000000000000000000e+00,0.000000000000000000e+00,4.163884800000000320e-05
1.022000000000000000e+03,1.000000000000000000e+00,0.000000000000000000e+00,4.079941070000000304e-05
1.022000000000000000e+03,2.000000000000000000e+00,0.000000000000000000e+00,4.255109570000000082e-05
1.023000000000000000e+03,1.000000000000000000e+00,0.000000000000000000e+00,4.401320840000000237e-05
1.023000000000000000e+03,2.000000000000000000e+00,0.000000000000000000e+00,4.176203399999999725e-05
1.024000000000000000e+03,1.000000000000000000e+00,0.000000000000000000e+00,3.971528639999999714e-05
1.024000000000000000e+03,2.000000000000000000e+00,0.000000000000000000e+00,4.089937420000000224e-05
1.025000000000000000e+03,1.000000000000000000e+00,0.000000000000000000e+00,4.187214280000000293e-05
1.025000000000000000e+03,2.000000000000000000e+00,0.000000000000000000e+00,4.043731260000000242e-05
1.026000000000000000e+03,1.000000000000000000e+00,0.000000000000000000e+00,4.143268560000000256e-05
1.026000000000000000e+03,2.000000000000000000e+00,0.000000000000000000e+00,4.146636679999999978e-05
1.027000000000000000e+03,1.000000000000000000e+00,0.000000000000000000e+00,4.078948170000000234e-05
1.027000000000000000e+03,2.000000000000000000e+00,0.000000000000000000e+00,4.051648409999999859e-05
1.028000000000000000e+03,1.000000000000000000e+00,0.000000000000000000e+00,3.904008189999999827e-05
1.028000000000000000e+03,2.000000000000000000e+00,0.000000000000000000e+00,3.898856900000000330e-05
1.029000000000000000e+03,1.000000000000000000e+00,0.000000000000000000e+00,4.201795169999999704e-05
1.029000000000000000e+03,2.000000000000000000e+00,0.000000000000000000e+00,4.014175089999999675e-05
1.030000000000000000e+03,1.000000000000000000e+00,0.000000000000000000e+00,3.616046539999999778e-05
1.030000000000000000e+03,2.000000000000000000e+00,0.000000000000000000e+00,3.887998889999999872e-05
1.031000000000000000e+03,1.000000000000000000e+00,0.000000000000000000e+00,4.108610460000000012e-05
1.031000000000000000e+03,2.000000000000000000e+00,0.000000000000000000e+00,3.673344920000000028e-05
1.032000000000000000e+03,1.000000000000000000e+00,0.000000000000000000e+00,3.532643860000000139e-05
1.032000000000000000e+03,2.000000000000000000e+00,0.000000000000000000e+00,3.923878309999999955e-05
1.033000000000000000e+03,1.000000000000000000e+00,0.000000000000000000e+00,4.172897200000000322e-05
1.033000000000000000e+03,2.000000000000000000e+00,0.000000000000000000e+00,3.726388119999999866e-05
1.034000000000000000e+03,1.000000000000000000e+00,0.000000000000000000e+00,3.463140949999999777e-05
1.034000000000000000e+03,2.000000000000000000e+00,0.000000000000000000e+00,3.806519629999999992e-05
1.035000000000000000e+03,1.000000000000000000e+00,0.000000000000000000e+00,4.035061030000000175e-05
1.035000000000000000e+03,2.000000000000000000e+00,0.000000000000000000e+00,3.686359270000000331e-05
1.036000000000000000e+03,1.000000000000000000e+00,0.000000000000000000e+00,3.370424339999999899e-05
1.036000000000000000e+03,2.000000000000000000e+00,0.000000000000000000e+00,3.623005899999999843e-05
1.037000000000000000e+03,1.000000000000000000e+00,0.000000000000000000e+00,3.979499410000000289e-05
1.037000000000000000e+03,2.000000000000000000e+00,0.000000000000000000e+00,3.639744329999999726e-05
1.038000000000000000e+03,1.000000000000000000e+00,0.000000000000000000e+00,3.387869740000000300e-05
1.038000000000000000e+03,2.000000000000000000e+00,0.000000000000000000e+00,3.703002160000000334e-05
1.039000000000000000e+03,1.000000000000000000e+00,0.000000000000000000e+00,3.815087589999999695e-05
1.039000000000000000e+03,2.000000000000000000e+00,0.000000000000000000e+00,3.456742499999999879e-05
1.040000000000000000e+03,1.000000000000000000e+00,0.000000000000000000e+00,3.406785930000000225e-05
1.040000000000000000e+03,2.000000000000000000e+00,0.000000000000000000e+00,3.625242140000000264e-05
1.041000000000000000e+03,1.000000000000000000e+00,0.000000000000000000e+00,3.798002509999999889e-05
1.041000000000000000e+03,2.000000000000000000e+00,0.000000000000000000e+00,3.600623660000000243e-05
1.042000000000000000e+03,1.000000000000000000e+00,0.000000000000000000e+00,3.247264660000000023e-05
1.042000000000000000e+03,2.000000000000000000e+00,0.000000000000000000e+00,3.380942029999999806e-05
1.043000000000000000e+03,1.000000000000000000e+00,0.000000000000000000e+00,3.587158339999999712e-05
1.043000000000000000e+03,2.000000000000000000e+00,0.000000000000000000e+00,3.407096999999999746e-05
1.044000000000000000e+03,1.000000000000000000e+00,0.000000000000000000e+00,3.644760570000000143e-05
1.044000000000000000e+03,2.000000000000000000e+00,0.000000000000000000e+00,3.644086120000000192e-05
1.045000000000000000e+03,1.000000000000000000e+00,0.000000000000000000e+00,3.176421200000000277e-05
1.045000000000000000e+03,2.000000000000000000e+00,0.000000000000000000e+00,3.362301140000000302e-05
1.046000000000000000e+03,1.000000000000000000e+00,0.000000000000000000e+00,3.603975520000000021e-05
1.046000000000000000e+03,2.000000000000000000e+00,0.000000000000000000e+00,3.179037050000000243e-05
1.047000000000000000e+03,1.000000000000000000e+00,0.000000000000000000e+00,3.145224899999999750e-05
1.047000000000000000e+03,2.000000000000000000e+00,0.000000000000000000e+00,3.567948840000000315e-05
1.048000000000000000e+03,1.000000000000000000e+00,0.000000000000000000e+00,3.614725299999999671e-05
1.048000000000000000e+03,2.000000000000000000e+00,0.000000000000000000e+00,3.202056770000000067e-05
1.049000000000000000e+03,1.000000000000000000e+00,0.000000000000000000e+00,2.894356539999999917e-05
1.049000000000000000e+03,2.000000000000000000e+00,0.000000000000000000e+00,3.206169240000000294e-05
1.050000000000000000e+03,1.000000000000000000e+00,0.000000000000000000e+00,3.502918250000000214e-05
1.050000000000000000e+03,2.000000000000000000e+00,0.000000000000000000e+00,3.191711850000000035e-05
1.051000000000000000e+03,1.000000000000000000e+00,0.000000000000000000e+00,3.042500120000000020e-05
1.051000000000000000e+03,2.000000000000000000e+00,0.000000000000000000e+00,3.240722929999999779e-05
1.052000000000000000e+03,1.000000000000000000e+00,0.000000000000000000e+00,3.343652009999999706e-05
1.052000000000000000e+03,2.000000000000000000e+00,0.000000000000000000e+00,3.186718120000000339e-05
1.053000000000000000e+03,1.000000000000000000e+00,0.000000000000000000e+00,3.227872890000000087e-05
1.053000000000000000e+03,2.000000000000000000e+00,0.000000000000000000e+00,3.235191260000000018e-05
1.054000000000000000e+03,1.000000000000000000e+00,0.000000000000000000e+00,2.936842469999999844e-05
1.054000000000000000e+03,2.000000000000000000e+00,0.000000000000000000e+00,3.033749390000000081e-05
1.055000000000000000e+03,1.000000000000000000e+00,0.000000000000000000e+00,3.199659830000000060e-05
1.055000000000000000e+03,2.000000000000000000e+00,0.000000000000000000e+00,2.938884760000000045e-05
1.056000000000000000e+03,1.000000000000000000e+00,0.000000000000000000e+00,2.873500530000000033e-05
1.056000000000000000e+03,2.000000000000000000e+00,0.000000000000000000e+00,3.155260479999999717e-05
1.057000000000000000e+03,1.000000000000000000e+00,0.000000000000000000e+00,3.284088919999999905e-05
1.057000000000000000e+03,2.000000000000000000e+00,0.000000000000000000e+00,2.953067849999999953e-05
1.058000000000000000e+03,1.000000000000000000e+00,0.000000000000000000e+00,2.781246579999999886e-05
1.058000000000000000e+03,2.000000000000000000e+00,0.000000000000000000e+00,3.047566830000000092e-05
1.059000000000000000e+03,1.000000000000000000e+00,0.000000000000000000e+00,3.265342569999999772e-05
1.059000000000000000e+03,2.000000000000000000e+00,0.000000000000000000e+00,2.999139510000000013e-05
1.060000000000000000e+03,1.000000000000000000e+00,0.000000000000000000e+00,2.728674589999999835e-05
1.060000000000000000e+03,2.000000000000000000e+00,0.000000000000000000e+00,2.926960200000000057e-05
1.061000000000000000e+03,1.000000000000000000e+00,0.000000000000000000e+00,3.096070510000000186e-05
1.061000000000000000e+03,2.000000000000000000e+00,0.000000000000000000e+00,2.885943149999999969e-05
1.062000000000000000e+03,1.000000000000000000e+00,0.000000000000000000e+00,2.834319570000000087e-05
1.062000000000000000e+03,2.000000000000000000e+00,0.000000000000000000e+00,2.976601929999999940e-05
1.063000000000000000e+03,1.000000000000000000e+00,0.000000000000000000e+00,2.988309629999999910e-05
1.063000000000000000e+03,2.000000000000000000e+00,0.000000000000000000e+00,2.858759099999999922e-05
1.064000000000000000e+03,1.000000000000000000e+00,0.000000000000000000e+00,2.855168979999999916e-05
1.064000000000000000e+03,2.000000000000000000e+00,0.000000000000000000e+00,2.890147439999999964e-05
1.065000000000000000e+03,1.000000000000000000e+00,0.000000000000000000e+00,2.947667949999999910e-05
1.065000000000000000e+03,2.000000000000000000e+00,0.000000000000000000e+00,2.926264630000000066e-05
1.066000000000000000e+03,1.000000000000000000e+00,0.000000000000000000e+00,2.740664700000000140e-05
1.066000000000000000e+03,2.000000000000000000e+00,0.000000000000000000e+00,2.734324390000000149e-05
1.067000000000000000e+03,1.000000000000000000e+00,0.000000000000000000e+00,2.833244420000000023e-05
1.067000000000000000e+03,2.000000000000000000e+00,0.000000000000000000e+00,2.770248409999999896e-05
1.068000000000000000e+03,1.000000000000000000e+00,0.000000000000000000e+00,2.769619790000000048e-05
1.068000000000000000e+03,2.000000000000000000e+00,0.000000000000000000e+00,2.833198850000000102e-05
1.069000000000000000e+03,1.000000000000000000e+00,0.000000000000000000e+00,2.788354299999999921e-05
1.069000000000000000e+03,2.000000000000000000e+00,0.000000000000000000e+00,2.685904739999999983e-05
1.070000000000000000e+03,1.000000000000000000e+00,0.000000000000000000e+00,2.632874759999999904e-05
1.070000000000000000e+03,2.000000000000000000e+00,0.000000000000000000e+00,2.703053340000000153e-05
1.071000000000000000e+03,1.000000000000000000e+00,0.000000000000000000e+00,2.854197690000000097e-05
1.071000000000000000e+03,2.000000000000000000e+00,0.000000000000000000e+00,2.743514199999999917e-05
1.072000000000000000e+03,1.000000000000000000e+00,0.000000000000000000e+00,2.524952890000000048e-05
1.072000000000000000e+03,2.000000000000000000e+00,0.000000000000000000e+00,2.634607179999999855e-05
1.073000000000000000e+03,1.000000000000000000e+00,0.000000000000000000e+00,2.755321039999999950e-05
1.073000000000000000e+03,2.000000000000000000e+00,0.000000000000000000e+00,2.595722750000000134e-05
1.074000000000000000e+03,1.000000000000000000e+00,0.000000000000000000e+00,2.596517080000000082e-05
1.074000000000000000e+03,2.000000000000000000e+00,0.000000000000000000e+00,2.724216599999999846e-05
1.075000000000000000e+03,1.000000000000000000e+00,0.000000000000000000e+00,2.754443789999999907e-05
1.075000000000000000e+03,2.000000000000000000e+00,0.000000000000000000e+00,2.601098339999999873e-05
1.076000000000000000e+03,1.000000000000000000e+00,0.000000000000000000e+00,2.421603570000000022e-05
1.076000000000000000e+03,2.000000000000000000e+00,0.000000000000000000e+00,2.559078959999999854e-05
1.077000000000000000e+03,1.000000000000000000e+00,0.000000000000000000e+00,2.725675789999999982e-05
1.077000000000000000e+03,2.000000000000000000e+00,0.000000000000000000e+00,2.557482720000000160e-05
1.078000000000000000e+03,1.000000000000000000e+00,0.000000000000000000e+00,2.440592759999999972e-05
1.078000000000000000e+03,2.000000000000000000e+00,0.000000000000000000e+00,2.553157550000000097e-05
1.079000000000000000e+03,1.000000000000000000e+00,0.000000000000000000e+00,2.595538600000000059e-05
1.079000000000000000e+03,2.000000000000000000e+00,0.000000000000000000e+00,2.501101959999999985e-05
1.080000000000000000e+03,1.000000000000000000e+00,0.000000000000000000e+00,2.499627870000000095e-05
1.080000000000000000e+03,2.000000000000000000e+00,0.000000000000000000e+00,2.525974410000000005e-05
1.081000000000000000e+03,1.000000000000000000e+00,0.000000000000000000e+00,2.473685110000000119e-05
1.081000000000000000e+03,2.000000000000000000e+00,0.000000000000000000e+00,2.459497140000000128e-05
1.082000000000000000e+03,1.000000000000000000e+00,0.000000000000000000e+00,2.520148370000000062e-05
1.082000000000000000e+03,2.000000000000000000e+00,0.000000000000000000e+00,2.467305409999999839e-05
1.083000000000000000e+03,1.000000000000000000e+00,0.000000000000000000e+00,2.498162010000000115e-05
1.083000000000000000e+03,2.000000000000000000e+00,0.000000000000000000e+00,2.550758069999999939e-05
1.084000000000000000e+03,1.000000000000000000e+00,0.000000000000000000e+00,2.446131579999999962e-05
1.084000000000000000e+03,2.000000000000000000e+00,0.000000000000000000e+00,2.374605369999999887e-05
1.085000000000000000e+03,1.000000000000000000e+00,0.000000000000000000e+00,2.349282689999999867e-05
1.085000000000000000e+03,2.000000000000000000e+00,0.000000000000000000e+00,2.380174329999999857e-05
1.086000000000000000e+03,1.000000000000000000e+00,0.000000000000000000e+00,2.447970249999999892e-05
1.086000000000000000e+03,2.000000000000000000e+00,0.000000000000000000e+00,2.405231390000000011e-05
1.087000000000000000e+03,1.000000000000000000e+00,0.000000000000000000e+00,2.308569839999999917e-05
1.087000000000000000e+03,2.000000000000000000e+00,0.000000000000000000e+00,2.321727119999999933e-05
1.088000000000000000e+03,1.000000000000000000e+00,0.000000000000000000e+00,2.349491550000000004e-05
1.088000000000000000e+03,2.000000000000000000e+00,0.000000000000000000e+00,2.313143860000000041e-05
1.089000000000000000e+03,1.000000000000000000e+00,0.000000000000000000e+00,2.377297590000000032e-05
1.089000000000000000e+03,2.000000000000000000e+00,0.000000000000000000e+00,2.373759400000000148e-05
1.090000000000000000e+03,1.000000000000000000e+00,0.000000000000000000e+00,2.204038550000000026e-05
1.090000000000000000e+03,2.000000000000000000e+00,0.000000000000000000e+00,2.226347030000000064e-05
1.091000000000000000e+03,1.000000000000000000e+00,0.000000000000000000e+00,2.310411910000000153e-05
1.091000000000000000e+03,2.000000000000000000e+00,0.000000000000000000e+00,2.207359480000000134e-05
1.092000000000000000e+03,1.000000000000000000e+00,0.000000000000000000e+00,2.135325149999999831e-05
1.092000000000000000e+03,2.000000000000000000e+00,0.000000000000000000e+00,2.271607720000000123e-05
1.093000000000000000e+03,1.000000000000000000e+00,0.000000000000000000e+00,2.352818499999999842e-05
1.093000000000000000e+03,2.000000000000000000e+00,0.000000000000000000e+00,2.161360690000000009e-05
1.094000000000000000e+03,1.000000000000000000e+00,0.000000000000000000e+00,2.160706329999999878e-05
1.094000000000000000e+03,2.000000000000000000e+00,0.000000000000000000e+00,2.307439960000000077e-05
1.095000000000000000e+03,1.000000000000000000e+00,0.000000000000000000e+00,2.431543509999999832e-05
1.095000000000000000e+03,2.000000000000000000e+00,0.000000000000000000e+00,2.297484060000000141e-05
1.096000000000000000e+03,1.000000000000000000e+00,0.000000000000000000e+00,2.050802680000000149e-05
1.096000000000000000e+03,2.000000000000000000e+00,0.000000000000000000e+00,2.165739489999999839e-05
1.097000000000000000e+03,1.000000000000000000e+00,0.000000000000000000e+00,2.391954940000000075e-05
1.097000000000000000e+03,2.000000000000000000e+00,0.000000000000000000e+00,2.196394299999999917e-05
1.098000000000000000e+03,1.000000000000000000e+00,0.000000000000000000e+00,2.011866029999999974e-05
1.098000000000000000e+03,2.000000000000000000e+00,0.000000000000000000e+00,2.258103069999999943e-05
1.099000000000000000e+03,1.000000000000000000e+00,0.000000000000000000e+00,2.401248710000000028e-05
1.099000000000000000e+03,2.000000000000000000e+00,0.000000000000000000e+00,2.082017309999999871e-05
1.100000000000000000e+03,1.000000000000000000e+00,0.000000000000000000e+00,1.941089400000000105e-05
1.100000000000000000e+03,2.000000000000000000e+00,0.000000000000000000e+00,2.222409280000000052e-05
1.101000000000000000e+03,1.000000000000000000e+00,0.000000000000000000e+00,2.367597759999999835e-05
1.101000000000000000e+03,2.000000000000000000e+00,0.000000000000000000e+00,2.116951450000000086e-05
1.102000000000000000e+03,1.000000000000000000e+00,0.000000000000000000e+00,1.842254560000000131e-05
1.102000000000000000e+03,2.000000000000000000e+00,0.000000000000000000e+00,2.026232930000000163e-05
1.103000000000000000e+03,1.000000000000000000e+00,0.000000000000000000e+00,2.235186539999999925e-05
1.103000000000000000e+03,2.000000000000000000e+00,0.000000000000000000e+00,2.036216500000000056e-05
1.104000000000000000e+03,1.000000000000000000e+00,0.000000000000000000e+00,1.944209939999999841e-05
1.104000000000000000e+03,2.000000000000000000e+00,0.000000000000000000e+00,2.110424409999999893e-05
1.105000000000000000e+03,1.000000000000000000e+00,0.000000000000000000e+00,2.102773330000000038e-05
1.105000000000000000e+03,2.000000000000000000e+00,0.000000000000000000e+00,1.950901309999999956e-05
1.106000000000000000e+03,1.000000000000000000e+00,0.000000000000000000e+00,1.935223229999999983e-05
1.106000000000000000e+03,2.000000000000000000e+00,0.000000000000000000e+00,2.009072800000000054e-05
1.107000000000000000e+03,1.000000000000000000e+00,0.000000000000000000e+00,2.140871470000000007e-05
1.107000000000000000e+03,2.000000000000000000e+00,0.000000000000000000e+00,2.076424539999999970e-05
1.108000000000000000e+03,1.000000000000000000e+00,0.000000000000000000e+00,1.856018390000000023e-05
1.108000000000000000e+03,2.000000000000000000e+00,0.000000000000000000e+00,1.911652679999999965e-05
1.109000000000000000e+03,1.000000000000000000e+00,0.000000000000000000e+00,2.022834900000000151e-05
1.109000000000000000e+03,2.000000000000000000e+00,0.000000000000000000e+00,1.922227660000000126e-05
1.110000000000000000e+03,1.000000000000000000e+00,0.000000000000000000e+00,1.987202409999999940e-05
1.110000000000000000e+03,2.000000000000000000e+00,0.000000000000000000e+00,2.060641119999999973e-05
1.111000000000000000e+03,1.000000000000000000e+00,0.000000000000000000e+00,2.030171699999999894e-05
1.111000000000000000e+03,2.000000000000000000e+00,0.000000000000000000e+00,1.960331079999999936e-05
1.112000000000000000e+03,1.000000000000000000e+00,0.000000000000000000e+00,1.940611009999999937e-05
1.112000000000000000e+03,2.000000000000000000e+00,0.000000000000000000e+00,1.969689830000000044e-05
1.113000000000000000e+03,1.000000000000000000e+00,0.000000000000000000e+00,2.126386390000000143e-05
1.113000000000000000e+03,2.000000000000000000e+00,0.000000000000000000e+00,2.056783240000000047e-05
1.114000000000000000e+03,1.000000000000000000e+00,0.000000000000000000e+00,1.800278069999999969e-05
1.114000000000000000e+03,2.000000000000000000e+00,0.000000000000000000e+00,1.912629929999999889e-05
1.115000000000000000e+03,1.000000000000000000e+00,0.000000000000000000e+00,2.107318590000000020e-05
1.115000000000000000e+03,2.000000000000000000e+00,0.000000000000000000e+00,1.886417010000000097e-05
1.116000000000000000e+03,1.000000000000000000e+00,0.000000000000000000e+00,1.732862050000000151e-05
1.116000000000000000e+03,2.000000000000000000e+00,0.000000000000000000e+00,1.992018069999999932e-05
1.117000000000000000e+03,1.000000000000000000e+00,0.000000000000000000e+00,2.045152150000000110e-05
1.117000000000000000e+03,2.000000000000000000e+00,0.000000000000000000e+00,1.759989949999999929e-05
1.118000000000000000e+03,1.000000000000000000e+00,0.000000000000000000e+00,1.670025409999999910e-05
1.118000000000000000e+03,2.000000000000000000e+00,0.000000000000000000e+00,1.879397999999999857e-05
1.119000000000000000e+03,1.000000000000000000e+00,0.000000000000000000e+00,2.016513329999999952e-05
1.119000000000000000e+03,2.000000000000000000e+00,0.000000000000000000e+00,1.854322130000000122e-05
1.120000000000000000e+03,1.000000000000000000e+00,0.000000000000000000e+00,1.644029749999999893e-05
1.120000000000000000e+03,2.000000000000000000e+00,0.000000000000000000e+00,1.733666210000000055e-05
1.121000000000000000e+03,1.000000000000000000e+00,0.000000000000000000e+00,1.828742140000000100e-05
1.121000000000000000e+03,2.000000000000000000e+00,0.000000000000000000e+00,1.736773419999999930e-05
1.122000000000000000e+03,1.000000000000000000e+00,0.000000000000000000e+00,1.705432990000000081e-05
1.122000000000000000e+03,2.000000000000000000e+00,0.000000000000000000e+00,1.779904179999999849e-05
1.123000000000000000e+03,1.000000000000000000e+00,0.000000000000000000e+00,1.858122920000000012e-05
1.123000000000000000e+03,2.000000000000000000e+00,0.000000000000000000e+00,1.752405980000000120e-05
1.124000000000000000e+03,1.000000000000000000e+00,0.000000000000000000e+00,1.798051639999999855e-05
1.124000000000000000e+03,2.000000000000000000e+00,0.000000000000000000e+00,1.849310980000000169e-05
1.125000000000000000e+03,1.000000000000000000e+00,0.000000000000000000e+00,1.821905940000000072e-05
1.125000000000000000e+03,2.000000000000000000e+00,0.000000000000000000e+00,1.827551780000000081e-05
1.126000000000000000e+03,1.000000000000000000e+00,0.000000000000000000e+00,1.794810029999999997e-05
1.126000000000000000e+03,2.000000000000000000e+00,0.000000000000000000e+00,1.711106739999999901e-05
1.127000000000000000e+03,1.000000000000000000e+00,0.000000000000000000e+00,1.776783589999999974e-05
1.127000000000000000e+03,2.000000000000000000e+00,0.000000000000000000e+00,1.830073319999999927e-05
1.128000000000000000e+03,1.000000000000000000e+00,0.000000000000000000e+00,1.758083229999999846e-05
1.128000000000000000e+03,2.000000000000000000e+00,0.000000000000000000e+00,1.755552539999999970e-05
1.129000000000000000e+03,1.000000000000000000e+00,0.000000000000000000e+00,1.748050030000000127e-05
1.129000000000000000e+03,2.000000000000000000e+00,0.000000000000000000e+00,1.652708879999999973e-05
1.130000000000000000e+03,1.000000000000000000e+00,0.000000000000000000e+00,1.589750399999999910e-05
1.130000000000000000e+03,2.000000000000000000e+00,0.000000000000000000e+00,1.700484960000000058e-05
1.131000000000000000e+03,1.000000000000000000e+00,0.000000000000000000e+00,1.737538290000000161e-05
1.131000000000000000e+03,2.000000000000000000e+00,0.000000000000000000e+00,1.627944470000000030e-05
1.132000000000000000e+03,1.000000000000000000e+00,0.000000000000000000e+00,1.543067889999999876e-05
1.132000000000000000e+03,2.000000000000000000e+00,0.000000000000000000e+00,1.583254379999999840e-05
1.133000000000000000e+03,1.000000000000000000e+00,0.000000000000000000e+00,1.620450989999999952e-05
1.133000000000000000e+03,2.000000000000000000e+00,0.000000000000000000e+00,1.600106390000000160e-05
1.134000000000000000e+03,1.000000000000000000e+00,0.000000000000000000e+00,1.636492129999999871e-05
1.134000000000000000e+03,2.000000000000000000e+00,0.000000000000000000e+00,1.627819050000000012e-05
1.135000000000000000e+03,1.000000000000000000e+00,0.000000000000000000e+00,1.674012569999999882e-05
1.135000000000000000e+03,2.000000000000000000e+00,0.000000000000000000e+00,1.621869659999999977e-05
1.136000000000000000e+03,1.000000000000000000e+00,0.000000000000000000e+00,1.463018690000000046e-05
1.136000000000000000e+03,2.000000000000000000e+00,0.000000000000000000e+00,1.584833009999999902e-05
1.137000000000000000e+03,1.000000000000000000e+00,0.000000000000000000e+00,1.890900439999999874e-05
1.137000000000000000e+03,2.000000000000000000e+00,0.000000000000000000e+00,1.607431199999999905e-05
1.138000000000000000e+03,1.000000000000000000e+00,0.000000000000000000e+00,1.080654089999999950e-05
1.138000000000000000e+03,2.000000000000000000e+00,0.000000000000000000e+00,1.493994470000000068e-05
1.139000000000000000e+03,1.000000000000000000e+00,0.000000000000000000e+00,1.808937629999999913e-05
1.139000000000000000e+03,2.000000000000000000e+00,0.000000000000000000e+00,1.296686299999999993e-05
1.140000000000000000e+03,1.000000000000000000e+00,0.000000000000000000e+00,1.342632220000000058e-05
1.140000000000000000e+03,2.000000000000000000e+00,0.000000000000000000e+00,1.750674329999999870e-05
1.141000000000000000e+03,1.000000000000000000e+00,0.000000000000000000e+00,1.808588029999999919e-05
1.141000000000000000e+03,2.000000000000000000e+00,0.000000000000000000e+00,1.517978689999999940e-05
1.142000000000000000e+03,1.000000000000000000e+00,0.000000000000000000e+00,1.232939580000000008e-05
1.142000000000000000e+03,2.000000000000000000e+00,0.000000000000000000e+00,1.418040389999999996e-05
1.143000000000000000e+03,1.000000000000000000e+00,0.000000000000000000e+00,1.708528099999999855e-05
1.143000000000000000e+03,2.000000000000000000e+00,0.000000000000000000e+00,1.518560000000000077e-05
1.144000000000000000e+03,1.000000000000000000e+00,0.000000000000000000e+00,1.323095090000000023e-05
1.144000000000000000e+03,2.000000000000000000e+00,0.000000000000000000e+00,1.486200579999999919e-05
1.145000000000000000e+03,1.000000000000000000e+00,0.000000000000000000e+00,1.617042720000000063e-05
1.145000000000000000e+03,2.000000000000000000e+00,0.000000000000000000e+00,1.442665000000000019e-05
1.146000000000000000e+03,1.000000000000000000e+00,0.000000000000000000e+00,1.372397199999999946e-05
1.146000000000000000e+03,2.000000000000000000e+00,0.000000000000000000e+00,1.513455109999999997e-05
1.147000000000000000e+03,1.000000000000000000e+00,0.000000000000000000e+00,1.526664540000000002e-05
1.147000000000000000e+03,2.000000000000000000e+00,0.000000000000000000e+00,1.400113870000000071e-05
1.148000000000000000e+03,1.000000000000000000e+00,0.000000000000000000e+00,1.417234829999999927e-05
1.148000000000000000e+03,2.000000000000000000e+00,0.000000000000000000e+00,1.456108800000000074e-05
1.149000000000000000e+03,1.000000000000000000e+00,0.000000000000000000e+00,1.427543999999999999e-05
1.149000000000000000e+03,2.000000000000000000e+00,0.000000000000000000e+00,1.457991909999999935e-05
1.150000000000000000e+03,1.000000000000000000e+00,0.000000000000000000e+00,1.385046360000000072e-05
1.150000000000000000e+03,2.000000000000000000e+00,0.000000000000000000e+00,1.293408749999999952e-05
1.151000000000000000e+03,1.000000000000000000e+00,0.000000000000000000e+00,1.374166909999999937e-05
1.151000000000000000e+03,2.000000000000000000e+00,0.000000000000000000e+00,1.437615930000000069e-05
1.152000000000000000e+03,1.000000000000000000e+00,0.000000000000000000e+00,1.536514639999999855e-05
1.152000000000000000e+03,2.000000000000000000e+00,0.000000000000000000e+00,1.468714929999999922e-05
1.153000000000000000e+03,1.000000000000000000e+00,0.000000000000000000e+00,1.265534099999999942e-05
1.153000000000000000e+03,2.000000000000000000e+00,0.000000000000000000e+00,1.328173810000000081e-05
1.154000000000000000e+03,1.000000000000000000e+00,0.000000000000000000e+00,1.351189249999999965e-05
1.154000000000000000e+03,2.000000000000000000e+00,0.000000000000000000e+00,1.272442680000000033e-05
1.155000000000000000e+03,1.000000000000000000e+00,0.000000000000000000e+00,1.376521040000000039e-05
1.155000000000000000e+03,2.000000000000000000e+00,0.000000000000000000e+00,1.416115479999999956e-05
1.156000000000000000e+03,1.000000000000000000e+00,0.000000000000000000e+00,1.393308459999999968e-05
1.156000000000000000e+03,2.000000000000000000e+00,0.000000000000000000e+00,1.360149569999999936e-05
1.157000000000000000e+03,1.000000000000000000e+00,0.000000000000000000e+00,1.355770340000000028e-05
1.157000000000000000e+03,2.000000000000000000e+00,0.000000000000000000e+00,1.365118910000000054e-05
1.158000000000000000e+03,1.000000000000000000e+00,0.000000000000000000e+00,1.434627790000000006e-05
1.158000000000000000e+03,2.000000000000000000e+00,0.000000000000000000e+00,1.394066489999999951e-05
1.159000000000000000e+03,1.000000000000000000e+00,0.000000000000000000e+00,1.167006239999999943e-05
1.159000000000000000e+03,2.000000000000000000e+00,0.000000000000000000e+00,1.239204899999999998e-05
1.160000000000000000e+03,1.000000000000000000e+00,0.000000000000000000e+00,1.311262180000000077e-05
1.160000000000000000e+03,2.000000000000000000e+00,0.000000000000000000e+00,1.190114879999999943e-05
1.161000000000000000e+03,1.000000000000000000e+00,0.000000000000000000e+00,1.284427599999999933e-05
1.161000000000000000e+03,2.000000000000000000e+00,0.000000000000000000e+00,1.365315240000000012e-05
1.162000000000000000e+03,1.000000000000000000e+00,0.000000000000000000e+00,1.201432940000000024e-05
1.162000000000000000e+03,2.000000000000000000e+00,0.000000000000000000e+00,1.195799010000000062e-05
1.163000000000000000e+03,1.000000000000000000e+00,0.000000000000000000e+00,1.358023360000000077e-05
1.163000000000000000e+03,2.000000000000000000e+00,0.000000000000000000e+00,1.233858759999999982e-05
1.164000000000000000e+03,1.000000000000000000e+00,0.000000000000000000e+00,1.173133050000000076e-05
1.164000000000000000e+03,2.000000000000000000e+00,0.000000000000000000e+00,1.366488199999999932e-05
1.165000000000000000e+03,1.000000000000000000e+00,0.000000000000000000e+00,1.398334259999999997e-05
1.165000000000000000e+03,2.000000000000000000e+00,0.000000000000000000e+00,1.162026460000000070e-05
1.166000000000000000e+03,1.000000000000000000e+00,0.000000000000000000e+00,1.078008340000000027e-05
1.166000000000000000e+03,2.000000000000000000e+00,0.000000000000000000e+00,1.274019130000000064e-05
1.167000000000000000e+03,1.000000000000000000e+00,0.000000000000000000e+00,1.442046650000000028e-05
1.167000000000000000e+03,2.000000000000000000e+00,0.000000000000000000e+00,1.261150620000000076e-05
1.168000000000000000e+03,1.000000000000000000e+00,0.000000000000000000e+00,1.010614529999999926e-05
1.168000000000000000e+03,2.000000000000000000e+00,0.000000000000000000e+00,1.156160609999999924e-05
1.169000000000000000e+03,1.000000000000000000e+00,0.000000000000000000e+00,1.289561990000000044e-05
1.169000000000000000e+03,2.000000000000000000e+00,0.000000000000000000e+00,1.141822899999999953e-05
1.170000000000000000e+03,1.000000000000000000e+00,0.000000000000000000e+00,1.189561499999999944e-05
1.170000000000000000e+03,2.000000000000000000e+00,0.000000000000000000e+00,1.274475389999999957e-05
1.171000000000000000e+03,1.000000000000000000e+00,0.000000000000000000e+00,1.188289959999999958e-05
1.171000000000000000e+03,2.000000000000000000e+00,0.000000000000000000e+00,1.160367849999999990e-05
1.172000000000000000e+03,1.000000000000000000e+00,0.000000000000000000e+00,1.190727099999999932e-05
1.172000000000000000e+03,2.000000000000000000e+00,0.000000000000000000e+00,1.144228600000000058e-05
1.173000000000000000e+03,1.000000000000000000e+00,0.000000000000000000e+00,1.225180520000000039e-05
1.173000000000000000e+03,2.000000000000000000e+00,0.000000000000000000e+00,1.272275440000000015e-05
1.174000000000000000e+03,1.000000000000000000e+00,0.000000000000000000e+00,1.104863079999999947e-05
1.174000000000000000e+03,2.000000000000000000e+00,0.000000000000000000e+00,1.082993109999999916e-05
1.175000000000000000e+03,1.000000000000000000e+00,0.000000000000000000e+00,1.144426860000000029e-05
1.175000000000000000e+03,2.000000000000000000e+00,0.000000000000000000e+00,1.106587200000000029e-05
1.176000000000000000e+03,1.000000000000000000e+00,0.000000000000000000e+00,1.203633119999999995e-05
1.176000000000000000e+03,2.000000000000000000e+00,0.000000000000000000e+00,1.237832579999999928e-05
1.177000000000000000e+03,1.000000000000000000e+00,0.000000000000000000e+00,1.145989009999999941e-05
1.177000000000000000e+03,2.000000000000000000e+00,0.000000000000000000e+00,1.114959699999999922e-05
1.178000000000000000e+03,1.000000000000000000e+00,0.000000000000000000e+00,1.074074879999999949e-05
1.178000000000000000e+03,2.000000000000000000e+00,0.000000000000000000e+00,1.085552050000000075e-05
1.179000000000000000e+03,1.000000000000000000e+00,0.000000000000000000e+00,1.219093020000000074e-05
1.179000000000000000e+03,2.000000000000000000e+00,0.000000000000000000e+00,1.172894059999999952e-05
1.180000000000000000e+03,1.000000000000000000e+00,0.000000000000000000e+00,9.999433360000000237e-06
1.180000000000000000e+03,2.000000000000000000e+00,0.000000000000000000e+00,1.073879650000000000e-05
1.181000000000000000e+03,1.000000000000000000e+00,0.000000000000000000e+00,1.191649700000000030e-05
1.181000000000000000e+03,2.000000000000000000e+00,0.000000000000000000e+00,1.055910409999999946e-05
1.182000000000000000e+03,1.000000000000000000e+00,0.000000000000000000e+00,9.906222729999999356e-06
1.182000000000000000e+03,2.000000000000000000e+00,0.000000000000000000e+00,1.147212950000000053e-05
1.183000000000000000e+03,1.000000000000000000e+00,0.000000000000000000e+00,1.188016719999999980e-05
1.183000000000000000e+03,2.000000000000000000e+00,0.000000000000000000e+00,1.013927269999999929e-05
1.184000000000000000e+03,1.000000000000000000e+00,0.000000000000000000e+00,9.993076019999999921e-06
1.184000000000000000e+03,2.000000000000000000e+00,0.000000000000000000e+00,1.108058429999999964e-05
1.185000000000000000e+03,1.000000000000000000e+00,0.000000000000000000e+00,1.101424619999999939e-05
1.185000000000000000e+03,2.000000000000000000e+00,0.000000000000000000e+00,1.074467520000000047e-05
1.186000000000000000e+03,1.000000000000000000e+00,0.000000000000000000e+00,1.040019579999999998e-05
1.186000000000000000e+03,2.000000000000000000e+00,0.000000000000000000e+00,9.585269080000000013e-06
1.187000000000000000e+03,1.000000000000000000e+00,0.000000000000000000e+00,9.036349780000000784e-06
1.187000000000000000e+03,2.000000000000000000e+00,0.000000000000000000e+00,1.029390869999999961e-05
1.188000000000000000e+03,1.000000000000000000e+00,0.000000000000000000e+00,1.114765420000000074e-05
1.188000000000000000e+03,2.000000000000000000e+00,0.000000000000000000e+00,9.594111490000000145e-06
1.189000000000000000e+03,1.000000000000000000e+00,0.000000000000000000e+00,7.796575089999999240e-06
1.189000000000000000e+03,2.000000000000000000e+00,0.000000000000000000e+00,9.187758239999999649e-06
1.190000000000000000e+03,1.000000000000000000e+00,0.000000000000000000e+00,1.007504570000000028e-05
1.190000000000000000e+03,2.000000000000000000e+00,0.000000000000000000e+00,8.787557199999999268e-06
1.191000000000000000e+03,1.000000000000000000e+00,0.000000000000000000e+00,9.460436239999999412e-06
1.191000000000000000e+03,2.000000000000000000e+00,0.000000000000000000e+00,1.002586800000000082e-05
1.192000000000000000e+03,1.000000000000000000e+00,0.000000000000000000e+00,8.202238250000000479e-06
1.192000000000000000e+03,2.000000000000000000e+00,0.000000000000000000e+00,8.751099819999999722e-06
1.193000000000000000e+03,1.000000000000000000e+00,0.000000000000000000e+00,1.210013420000000081e-05
1.193000000000000000e+03,2.000000000000000000e+00,0.000000000000000000e+00,9.638688319999999703e-06
1.194000000000000000e+03,1.000000000000000000e+00,0.000000000000000000e+00,7.403195820000000201e-06
1.194000000000000000e+03,2.000000000000000000e+00,0.000000000000000000e+00,1.129810249999999963e-05
1.195000000000000000e+03,1.000000000000000000e+00,0.000000000000000000e+00,1.336324729999999944e-05
1.195000000000000000e+03,2.000000000000000000e+00,0.000000000000000000e+00,8.326560029999999251e-06
1.196000000000000000e+03,1.000000000000000000e+00,0.000000000000000000e+00,5.020555939999999677e-06
1.196000000000000000e+03,2.000000000000000000e+00,0.000000000000000000e+00,1.037719620000000013e-05
1.197000000000000000e+03,1.000000000000000000e+00,0.000000000000000000e+00,1.698127190000000135e-05
1.197000000000000000e+03,2.000000000000000000e+00,0.000000000000000000e+00,1.024704940000000079e-05
1.198000000000000000e+03,1.000000000000000000e+00,0.000000000000000000e+00,3.604673719999999939e-06
1.198000000000000000e+03,2.000000000000000000e+00,0.000000000000000000e+00,1.044401209999999972e-05
1.199000000000000000e+03,1.000000000000000000e+00,0.000000000000000000e+00,1.450988629999999962e-05
1.199000000000000000e+03,2.000000000000000000e+00,0.000000000000000000e+00,7.091941269999999805e-06
1.200000000000000000e+03,1.000000000000000000e+00,0.000000000000000000e+00,5.419281219999999997e-06
1.200000000000000000e+03,2.000000000000000000e+00,0.000000000000000000e+00,1.099053100000000070e-05
1.201000000000000000e+03,1.000000000000000000e+00,0.000000000000000000e+00,1.220333610000000063e-05
1.201000000000000000e+03,2.000000000000000000e+00,0.000000000000000000e+00,8.331213720000000598e-06
1.202000000000000000e+03,1.000000000000000000e+00,0.000000000000000000e+00,6.418356020000000374e-06
1.202000000000000000e+03,2.000000000000000000e+00,0.000000000000000000e+00,8.446784810000000762e-06
1.203000000000000000e+03,1.000000000000000000e+00,0.000000000000000000e+00,1.183298129999999954e-05
1.203000000000000000e+03,2.000000000000000000e+00,0.000000000000000000e+00,1.021549049999999970e-05
1.204000000000000000e+03,1.000000000000000000e+00,0.000000000000000000e+00,6.809825060000000278e-06
1.204000000000000000e+03,2.000000000000000000e+00,0.000000000000000000e+00,8.474945819999999723e-06
1.205000000000000000e+03,1.000000000000000000e+00,0.000000000000000000e+00,1.016720740000000041e-05
1.205000000000000000e+03,2.000000000000000000e+00,0.000000000000000000e+00,8.080508729999999237e-06
1.206000000000000000e+03,1.000000000000000000e+00,0.000000000000000000e+00,7.772399510000000455e-06
1.206000000000000000e+03,2.000000000000000000e+00,0.000000000000000000e+00,9.627707380000000254e-06
1.207000000000000000e+03,1.000000000000000000e+00,0.000000000000000000e+00,9.498571160000000409e-06
1.207000000000000000e+03,2.000000000000000000e+00,0.000000000000000000e+00,8.091711390000000834e-06
1.208000000000000000e+03,1.000000000000000000e+00,0.000000000000000000e+00,8.203171329999999631e-06
1.208000000000000000e+03,2.000000000000000000e+00,0.000000000000000000e+00,8.734109630000000361e-06
1.209000000000000000e+03,1.000000000000000000e+00,0.000000000000000000e+00,9.821215279999999614e-06
1.209000000000000000e+03,2.000000000000000000e+00,0.000000000000000000e+00,9.734683249999999323e-06
1.210000000000000000e+03,1.000000000000000000e+00,0.000000000000000000e+00,8.424507949999999806e-06
1.210000000000000000e+03,2.000000000000000000e+00,0.000000000000000000e+00,8.174506900000000296e-06
1.211000000000000000e+03,1.000000000000000000e+00,0.000000000000000000e+00,7.985786210000000429e-06
1.211000000000000000e+03,2.000000000000000000e+00,0.000000000000000000e+00,8.258620950000000830e-06
1.212000000000000000e+03,1.000000000000000000e+00,0.000000000000000000e+00,9.089058700000000467e-06
1.212000000000000000e+03,2.000000000000000000e+00,0.000000000000000000e+00,8.660638549999999161e-06
1.213000000000000000e+03,1.000000000000000000e+00,0.000000000000000000e+00,8.006408010000000164e-06
1.213000000000000000e+03,2.000000000000000000e+00,0.000000000000000000e+00,8.173515029999999431e-06
1.214000000000000000e+03,1.000000000000000000e+00,0.000000000000000000e+00,7.487741539999999815e-06
1.214000000000000000e+03,2.000000000000000000e+00,0.000000000000000000e+00,7.783671180000000604e-06
1.215000000000000000e+03,1.000000000000000000e+00,0.000000000000000000e+00,1.009705369999999961e-05
1.215000000000000000e+03,2.000000000000000000e+00,0.000000000000000000e+00,8.744668789999999971e-06
1.216000000000000000e+03,1.000000000000000000e+00,0.000000000000000000e+00,5.925561239999999650e-06
1.216000000000000000e+03,2.000000000000000000e+00,0.000000000000000000e+00,8.261248330000000396e-06
1.217000000000000000e+03,1.000000000000000000e+00,0.000000000000000000e+00,1.118225019999999941e-05
1.217000000000000000e+03,2.000000000000000000e+00,0.000000000000000000e+00,7.641907309999999251e-06
1.218000000000000000e+03,1.000000000000000000e+00,0.000000000000000000e+00,5.786505979999999663e-06
1.218000000000000000e+03,2.000000000000000000e+00,0.000000000000000000e+00,9.592771060000000348e-06
1.219000000000000000e+03,1.000000000000000000e+00,0.000000000000000000e+00,1.024230909999999973e-05
1.219000000000000000e+03,2.000000000000000000e+00,0.000000000000000000e+00,6.654603350000000285e-06
1.220000000000000000e+03,1.000000000000000000e+00,0.000000000000000000e+00,5.378328289999999738e-06
1.220000000000000000e+03,2.000000000000000000e+00,0.000000000000000000e+00,7.988791249999999878e-06
1.221000000000000000e+03,1.000000000000000000e+00,0.000000000000000000e+00,1.060730910000000047e-05
1.221000000000000000e+03,2.000000000000000000e+00,0.000000000000000000e+00,8.475411729999999342e-06
1.222000000000000000e+03,1.000000000000000000e+00,0.000000000000000000e+00,5.973871050000000325e-06
1.222000000000000000e+03,2.000000000000000000e+00,0.000000000000000000e+00,7.484563789999999607e-06
1.223000000000000000e+03,1.000000000000000000e+00,0.000000000000000000e+00,8.294586439999999264e-06
1.223000000000000000e+03,2.000000000000000000e+00,0.000000000000000000e+00,7.017295290000000203e-06
1.224000000000000000e+03,1.000000000000000000e+00,0.000000000000000000e+00,6.830862359999999941e-06
1.224000000000000000e+03,2.000000000000000000e+00,0.000000000000000000e+00,7.609083689999999621e-06
1.225000000000000000e+03,1.000000000000000000e+00,0.000000000000000000e+00,7.251059490000000136e-06
1.225000000000000000e+03,2.000000000000000000e+00,0.000000000000000000e+00,6.723817189999999785e-06
1.226000000000000000e+03,1.000000000000000000e+00,0.000000000000000000e+00,6.604583940000000023e-06
1.226000000000000000e+03,2.000000000000000000e+00,0.000000000000000000e+00,6.826308210000000110e-06
1.227000000000000000e+03,1.000000000000000000e+00,0.000000000000000000e+00,8.225267870000000387e-06
1.227000000000000000e+03,2.000000000000000000e+00,0.000000000000000000e+00,7.835089739999999371e-06
1.228000000000000000e+03,1.000000000000000000e+00,0.000000000000000000e+00,6.061128060000000015e-06
1.228000000000000000e+03,2.000000000000000000e+00,0.000000000000000000e+00,6.790497489999999614e-06
1.229000000000000000e+03,1.000000000000000000e+00,0.000000000000000000e+00,8.657500150000000451e-06
1.229000000000000000e+03,2.000000000000000000e+00,0.000000000000000000e+00,7.069510149999999584e-06
1.230000000000000000e+03,1.000000000000000000e+00,0.000000000000000000e+00,5.808271110000000383e-06
1.230000000000000000e+03,2.000000000000000000e+00,0.000000000000000000e+00,7.930520199999999294e-06
1.231000000000000000e+03,1.000000000000000000e+00,0.000000000000000000e+00,8.362616059999999587e-06
1.231000000000000000e+03,2.000000000000000000e+00,0.000000000000000000e+00,5.924687680000000414e-06
1.232000000000000000e+03,1.000000000000000000e+00,0.000000000000000000e+00,5.073384700000000398e-06
1.232000000000000000e+03,2.000000000000000000e+00,0.000000000000000000e+00,7.180626229999999980e-06
1.233000000000000000e+03,1.000000000000000000e+00,0.000000000000000000e+00,9.562910390000000163e-06
1.233000000000000000e+03,2.000000000000000000e+00,0.000000000000000000e+00,7.494685240000000248e-06
1.234000000000000000e+03,1.000000000000000000e+00,0.000000000000000000e+00,4.920593839999999627e-06
1.234000000000000000e+03,2.000000000000000000e+00,0.000000000000000000e+00,6.776269399999999778e-06
1.235000000000000000e+03,1.000000000000000000e+00,0.000000000000000000e+00,8.462875040000000836e-06
1.235000000000000000e+03,2.000000000000000000e+00,0.000000000000000000e+00,6.476384180000000156e-06
1.236000000000000000e+03,1.000000000000000000e+00,0.000000000000000000e+00,6.184161760000000213e-06
1.236000000000000000e+03,2.000000000000000000e+00,0.000000000000000000e+00,7.755661949999999535e-06
1.237000000000000000e+03,1.000000000000000000e+00,0.000000000000000000e+00,7.293232090000000051e-06
1.237000000000000000e+03,2.000000000000000000e+00,0.000000000000000000e+00,6.161725629999999817e-06
1.238000000000000000e+03,1.000000000000000000e+00,0.000000000000000000e+00,5.573094500000000009e-06
1.238000000000000000e+03,2.000000000000000000e+00,0.000000000000000000e+00,6.073682399999999655e-06
1.239000000000000000e+03,1.000000000000000000e+00,0.000000000000000000e+00,6.799351500000000320e-06
1.239000000000000000e+03,2.000000000000000000e+00,0.000000000000000000e+00,6.657934589999999719e-06
1.240000000000000000e+03,1.000000000000000000e+00,0.000000000000000000e+00,5.981243759999999931e-06
1.240000000000000000e+03,2.000000000000000000e+00,0.000000000000000000e+00,5.853593359999999795e-06
1.241000000000000000e+03,1.000000000000000000e+00,0.000000000000000000e+00,7.303899530000000269e-06
1.241000000000000000e+03,2.000000000000000000e+00,0.000000000000000000e+00,6.715909180000000205e-06
1.242000000000000000e+03,1.000000000000000000e+00,0.000000000000000000e+00,4.017541320000000038e-06
1.242000000000000000e+03,2.000000000000000000e+00,0.000000000000000000e+00,6.066011710000000366e-06
1.243000000000000000e+03,1.000000000000000000e+00,0.000000000000000000e+00,9.758168740000000547e-06
1.243000000000000000e+03,2.000000000000000000e+00,0.000000000000000000e+00,5.400300249999999626e-06
1.244000000000000000e+03,1.000000000000000000e+00,0.000000000000000000e+00,2.021157720000000174e-06
1.244000000000000000e+03,2.000000000000000000e+00,0.000000000000000000e+00,7.386110499999999864e-06
1.245000000000000000e+03,1.000000000000000000e+00,0.000000000000000000e+00,1.149630959999999961e-05
1.245000000000000000e+03,2.000000000000000000e+00,0.000000000000000000e+00,4.991492760000000401e-06
1.246000000000000000e+03,1.000000000000000000e+00,0.000000000000000000e+00,1.971311069999999793e-06
1.246000000000000000e+03,2.000000000000000000e+00,0.000000000000000000e+00,6.958537410000000345e-06
1.247000000000000000e+03,1.000000000000000000e+00,0.000000000000000000e+00,9.812236400000000588e-06
1.247000000000000000e+03,2.000000000000000000e+00,0.000000000000000000e+00,5.120228319999999938e-06
1.248000000000000000e+03,1.000000000000000000e+00,0.000000000000000000e+00,3.723076139999999825e-06
1.248000000000000000e+03,2.000000000000000000e+00,0.000000000000000000e+00,6.711585290000000042e-06
1.249000000000000000e+03,1.000000000000000000e+00,0.000000000000000000e+00,7.670078069999999911e-06
1.249000000000000000e+03,2.000000000000000000e+00,0.000000000000000000e+00,5.841275860000000399e-06
1.250000000000000000e+03,1.000000000000000000e+00,0.000000000000000000e+00,5.804618680000000294e-06
1.250000000000000000e+03,2.000000000000000000e+00,0.000000000000000000e+00,6.052656490000000016e-06
1.251000000000000000e+03,1.000000000000000000e+00,0.000000000000000000e+00,5.324304349999999895e-06
1.251000000000000000e+03,2.000000000000000000e+00,0.000000000000000000e+00,6.468899569999999939e-06
1.252000000000000000e+03,1.000000000000000000e+00,0.000000000000000000e+00,6.688588490000000181e-06
1.253000000000000000e+03,1.000000000000000000e+00,0.000000000000000000e+00,3.651021320000000030e-05
1.253000000000000000e+03,2.000000000000000000e+00,0.000000000000000000e+00,1.423565099999999920e-05
1.254000000000000000e+03,1.000000000000000000e+00,0.000000000000000000e+00,3.660367129999999870e-05
1.254000000000000000e+03,2.000000000000000000e+00,0.000000000000000000e+00,7.660511139999999931e-06
1.255000000000000000e+03,1.000000000000000000e+00,0.000000000000000000e+00,3.406314880000000002e-05
1.255000000000000000e+03,2.000000000000000000e+00,0.000000000000000000e+00,2.278930579999999866e-05
1.256000000000000000e+03,1.000000000000000000e+00,0.000000000000000000e+00,4.815564469999999845e-05
1.256000000000000000e+03,2.000000000000000000e+00,0.000000000000000000e+00,7.851861250000000835e-06
1.257000000000000000e+03,1.000000000000000000e+00,0.000000000000000000e+00,2.724563399999999847e-05
1.257000000000000000e+03,2.000000000000000000e+00,0.000000000000000000e+00,1.721032510000000020e-05
1.258000000000000000e+03,1.000000000000000000e+00,0.000000000000000000e+00,2.992175249999999876e-05
1.259000000000000000e+03,1.000000000000000000e+00,0.000000000000000000e+00,2.588383099999999921e-05
1.259000000000000000e+03,2.000000000000000000e+00,0.000000000000000000e+00,4.824594909999999896e-06
1.260000000000000000e+03,1.000000000000000000e+00,0.000000000000000000e+00,2.135055089999999953e-05
1.261000000000000000e+03,1.000000000000000000e+00,0.000000000000000000e+00,2.027059180000000027e-05
1.261000000000000000e+03,2.000000000000000000e+00,0.000000000000000000e+00,6.956714189999999835e-06
1.262000000000000000e+03,1.000000000000000000e+00,0.000000000000000000e+00,2.672684499999999940e-05
1.262000000000000000e+03,2.000000000000000000e+00,0.000000000000000000e+00,6.519054860000000132e-06
1.263000000000000000e+03,1.000000000000000000e+00,0.000000000000000000e+00,2.605642000000000150e-05
1.263000000000000000e+03,2.000000000000000000e+00,0.000000000000000000e+00,8.852292979999999454e-06
1.264000000000000000e+03,1.000000000000000000e+00,0.000000000000000000e+00,3.080519540000000052e-05
1.265000000000000000e+03,1.000000000000000000e+00,0.000000000000000000e+00,6.402450149999999909e-06
1.265000000000000000e+03,2.000000000000000000e+00,0.000000000000000000e+00,2.113595109999999981e-05
1.266000000000000000e+03,1.000000000000000000e+00,0.000000000000000000e+00,1.758373459999999834e-05
1.266000000000000000e+03,2.000000000000000000e+00,0.000000000000000000e+00,1.060587630000000039e-05
1.267000000000000000e+03,1.000000000000000000e+00,0.000000000000000000e+00,1.895262759999999892e-05
1.267000000000000000e+03,2.000000000000000000e+00,0.000000000000000000e+00,5.165363620000000299e-06
1.268000000000000000e+03,1.000000000000000000e+00,0.000000000000000000e+00,1.612587349999999837e-05
1.268000000000000000e+03,2.000000000000000000e+00,0.000000000000000000e+00,1.029597989999999969e-05
1.269000000000000000e+03,1.000000000000000000e+00,0.000000000000000000e+00,2.325569759999999972e-05
1.270000000000000000e+03,1.000000000000000000e+00,0.000000000000000000e+00,2.586697760000000160e-05
1.271000000000000000e+03,1.000000000000000000e+00,0.000000000000000000e+00,6.870150600000000257e-06
1.271000000000000000e+03,2.000000000000000000e+00,0.000000000000000000e+00,1.638782699999999972e-05
1.272000000000000000e+03,1.000000000000000000e+00,0.000000000000000000e+00,8.387194580000000173e-06
1.273000000000000000e+03,1.000000000000000000e+00,0.000000000000000000e+00,3.552269240000000249e-05
1.273000000000000000e+03,2.000000000000000000e+00,0.000000000000000000e+00,1.487254790000000002e-05
1.274000000000000000e+03,1.000000000000000000e+00,0.000000000000000000e+00,3.922057370000000263e-05
1.274000000000000000e+03,2.000000000000000000e+00,0.000000000000000000e+00,1.330055289999999916e-05
1.275000000000000000e+03,1.000000000000000000e+00,0.000000000000000000e+00,4.406805190000000292e-05
1.275000000000000000e+03,2.000000000000000000e+00,0.000000000000000000e+00,2.670455870000000147e-05
1.276000000000000000e+03,1.000000000000000000e+00,0.000000000000000000e+00,6.093825139999999800e-05
1.276000000000000000e+03,2.000000000000000000e+00,0.000000000000000000e+00,1.230422859999999943e-05
1.277000000000000000e+03,1.000000000000000000e+00,0.000000000000000000e+00,5.009131070000000127e-05
1.277000000000000000e+03,2.000000000000000000e+00,0.000000000000000000e+00,1.509134290000000002e-05
1.278000000000000000e+03,1.000000000000000000e+00,0.000000000000000000e+00,4.619802080000000142e-05
1.279000000000000000e+03,1.000000000000000000e+00,0.000000000000000000e+00,1.728052269999999973e-05
1.279000000000000000e+03,2.000000000000000000e+00,0.000000000000000000e+00,2.980684309999999987e-05
1.280000000000000000e+03,1.000000000000000000e+00,0.000000000000000000e+00,1.149042799999999921e-05
1.280000000000000000e+03,2.000000000000000000e+00,0.000000000000000000e+00,1.591609190000000149e-05
1.281000000000000000e+03,1.000000000000000000e+00,0.000000000000000000e+00,4.161801000000000102e-05
1.281000000000000000e+03,2.000000000000000000e+00,0.000000000000000000e+00,1.452401499999999955e-05
1.282000000000000000e+03,1.000000000000000000e+00,0.000000000000000000e+00,4.713481200000000092e-05
1.282000000000000000e+03,2.000000000000000000e+00,0.000000000000000000e+00,2.222673460000000115e-05
1.283000000000000000e+03,1.000000000000000000e+00,0.000000000000000000e+00,5.725634300000000029e-05
1.283000000000000000e+03,2.000000000000000000e+00,0.000000000000000000e+00,1.130168509999999946e-05
1.284000000000000000e+03,1.000000000000000000e+00,0.000000000000000000e+00,4.271203439999999977e-05
1.284000000000000000e+03,2.000000000000000000e+00,0.000000000000000000e+00,1.545769919999999989e-05
1.285000000000000000e+03,1.000000000000000000e+00,0.000000000000000000e+00,3.966242390000000235e-05
1.286000000000000000e+03,1.000000000000000000e+00,0.000000000000000000e+00,6.461490800000000392e-06
1.286000000000000000e+03,2.000000000000000000e+00,0.000000000000000000e+00,1.811989820000000018e-05
1.287000000000000000e+03,1.000000000000000000e+00,0.000000000000000000e+00,5.874503140000000208e-06
1.287000000000000000e+03,2.000000000000000000e+00,0.000000000000000000e+00,1.298362709999999929e-05
1.288000000000000000e+03,1.000000000000000000e+00,0.000000000000000000e+00,2.585787079999999933e-05
1.288000000000000000e+03,2.000000000000000000e+00,0.000000000000000000e+00,8.250546130000000294e-06
1.289000000000000000e+03,1.000000000000000000e+00,0.000000000000000000e+00,2.780180419999999950e-05
1.289000000000000000e+03,2.000000000000000000e+00,0.000000000000000000e+00,1.526476210000000095e-05
1.290000000000000000e+03,1.000000000000000000e+00,0.000000000000000000e+00,3.658678039999999846e-05
1.290000000000000000e+03,2.000000000000000000e+00,0.000000000000000000e+00,6.409381439999999582e-06
1.291000000000000000e+03,1.000000000000000000e+00,0.000000000000000000e+00,2.709969480000000053e-05
1.291000000000000000e+03,2.000000000000000000e+00,0.000000000000000000e+00,9.999346480000000177e-06
1.292000000000000000e+03,1.000000000000000000e+00,0.000000000000000000e+00,2.514769349999999867e-05
1.293000000000000000e+03,1.000000000000000000e+00,0.000000000000000000e+00,8.990818620000000589e-06
1.293000000000000000e+03,2.000000000000000000e+00,0.000000000000000000e+00,1.515158299999999923e-05
1.294000000000000000e+03,1.000000000000000000e+00,0.000000000000000000e+00,5.397291340000000326e-06
1.294000000000000000e+03,2.000000000000000000e+00,0.000000000000000000e+00,1.145397349999999995e-05
1.295000000000000000e+03,1.000000000000000000e+00,0.000000000000000000e+00,2.191129919999999854e-05
1.296000000000000000e+03,1.000000000000000000e+00,0.000000000000000000e+00,1.371526710000000030e-05
1.296000000000000000e+03,2.000000000000000000e+00,0.000000000000000000e+00,2.900621390000000024e-05
1.297000000000000000e+03,1.000000000000000000e+00,0.000000000000000000e+00,1.182785640000000010e-05
1.297000000000000000e+03,2.000000000000000000e+00,0.000000000000000000e+00,8.456076309999999214e-06
1.298000000000000000e+03,1.000000000000000000e+00,0.000000000000000000e+00,1.282589100000000069e-05
1.299000000000000000e+03,1.000000000000000000e+00,0.000000000000000000e+00,1.519969949999999981e-05
1.299000000000000000e+03,2.000000000000000000e+00,0.000000000000000000e+00,2.265915419999999886e-05
1.300000000000000000e+03,1.000000000000000000e+00,0.000000000000000000e+00,1.688945540000000151e-05
1.300000000000000000e+03,2.000000000000000000e+00,0.000000000000000000e+00,1.119360880000000044e-05
1.301000000000000000e+03,1.000000000000000000e+00,0.000000000000000000e+00,1.681654409999999930e-05
1.301000000000000000e+03,2.000000000000000000e+00,0.000000000000000000e+00,5.822327120000000264e-06
1.302000000000000000e+03,1.000000000000000000e+00,0.000000000000000000e+00,1.505141810000000044e-05
1.302000000000000000e+03,2.000000000000000000e+00,0.000000000000000000e+00,5.623528880000000183e-06
1.303000000000000000e+03,1.000000000000000000e+00,0.000000000000000000e+00,1.026545250000000029e-05
1.304000000000000000e+03,1.000000000000000000e+00,0.000000000000000000e+00,2.175079439999999851e-05
1.304000000000000000e+03,2.000000000000000000e+00,0.000000000000000000e+00,5.946193280000000109e-06
1.305000000000000000e+03,1.000000000000000000e+00,0.000000000000000000e+00,2.168598600000000044e-05
1.305000000000000000e+03,2.000000000000000000e+00,0.000000000000000000e+00,5.814377269999999682e-06
1.306000000000000000e+03,1.000000000000000000e+00,0.000000000000000000e+00,2.043929339999999990e-05
1.306000000000000000e+03,2.000000000000000000e+00,0.000000000000000000e+00,1.139293040000000081e-05
1.307000000000000000e+03,1.000000000000000000e+00,0.000000000000000000e+00,2.574723419999999928e-05
1.308000000000000000e+03,1.000000000000000000e+00,0.000000000000000000e+00,1.571429610000000030e-05
1.308000000000000000e+03,2.000000000000000000e+00,0.000000000000000000e+00,2.287598199999999995e-05
1.309000000000000000e+03,1.000000000000000000e+00,0.000000000000000000e+00,4.125033199999999623e-06
1.309000000000000000e+03,2.000000000000000000e+00,0.000000000000000000e+00,1.217947409999999967e-05
1.310000000000000000e+03,1.000000000000000000e+00,0.000000000000000000e+00,2.393584839999999983e-05
1.310000000000000000e+03,2.000000000000000000e+00,0.000000000000000000e+00,6.697807569999999781e-06
1.311000000000000000e+03,1.000000000000000000e+00,0.000000000000000000e+00,2.108951829999999931e-05
1.311000000000000000e+03,2.000000000000000000e+00,0.000000000000000000e+00,1.528116570000000084e-05
1.312000000000000000e+03,1.000000000000000000e+00,0.000000000000000000e+00,2.899427010000000076e-05
1.313000000000000000e+03,1.000000000000000000e+00,0.000000000000000000e+00,2.379864390000000158e-05
1.313000000000000000e+03,2.000000000000000000e+00,0.000000000000000000e+00,2.946675650000000153e-05
1.314000000000000000e+03,1.000000000000000000e+00,0.000000000000000000e+00,8.316587999999999799e-06
1.314000000000000000e+03,2.000000000000000000e+00,0.000000000000000000e+00,1.638434759999999986e-05
1.315000000000000000e+03,1.000000000000000000e+00,0.000000000000000000e+00,3.420048550000000264e-05
1.315000000000000000e+03,2.000000000000000000e+00,0.000000000000000000e+00,1.195816989999999978e-05
1.316000000000000000e+03,1.000000000000000000e+00,0.000000000000000000e+00,4.007218219999999961e-05
1.316000000000000000e+03,2.000000000000000000e+00,0.000000000000000000e+00,1.603599900000000089e-05
1.317000000000000000e+03,1.000000000000000000e+00,0.000000000000000000e+00,4.696424609999999745e-05
1.317000000000000000e+03,2.000000000000000000e+00,0.000000000000000000e+00,8.757783520000000601e-06
1.318000000000000000e+03,1.000000000000000000e+00,0.000000000000000000e+00,3.613867539999999812e-05
1.318000000000000000e+03,2.000000000000000000e+00,0.000000000000000000e+00,1.196480019999999923e-05
1.319000000000000000e+03,1.000000000000000000e+00,0.000000000000000000e+00,3.398932619999999762e-05
1.320000000000000000e+03,1.000000000000000000e+00,0.000000000000000000e+00,4.629732180000000171e-06
1.320000000000000000e+03,2.000000000000000000e+00,0.000000000000000000e+00,1.585297110000000114e-05
1.321000000000000000e+03,1.000000000000000000e+00,0.000000000000000000e+00,6.762368479999999843e-06
1.321000000000000000e+03,2.000000000000000000e+00,0.000000000000000000e+00,1.029347810000000039e-05
1.322000000000000000e+03,1.000000000000000000e+00,0.000000000000000000e+00,1.668143490000000004e-05
1.323000000000000000e+03,1.000000000000000000e+00,0.000000000000000000e+00,2.542097069999999854e-05
1.323000000000000000e+03,2.000000000000000000e+00,0.000000000000000000e+00,3.236724950000000284e-05
1.324000000000000000e+03,1.000000000000000000e+00,0.000000000000000000e+00,8.065792119999999290e-06
1.324000000000000000e+03,2.000000000000000000e+00,0.000000000000000000e+00,1.025464980000000027e-05
1.325000000000000000e+03,1.000000000000000000e+00,0.000000000000000000e+00,2.573668209999999945e-05
1.325000000000000000e+03,2.000000000000000000e+00,0.000000000000000000e+00,7.309719349999999757e-06
1.326000000000000000e+03,1.000000000000000000e+00,0.000000000000000000e+00,2.684448530000000069e-05
1.326000000000000000e+03,2.000000000000000000e+00,0.000000000000000000e+00,1.372258540000000010e-05
1.327000000000000000e+03,1.000000000000000000e+00,0.000000000000000000e+00,3.280577190000000205e-05
1.327000000000000000e+03,2.000000000000000000e+00,0.000000000000000000e+00,6.723785439999999596e-06
1.328000000000000000e+03,1.000000000000000000e+00,0.000000000000000000e+00,2.538931049999999971e-05
1.328000000000000000e+03,2.000000000000000000e+00,0.000000000000000000e+00,8.878752559999999452e-06
1.329000000000000000e+03,1.000000000000000000e+00,0.000000000000000000e+00,2.509119850000000049e-05
1.330000000000000000e+03,1.000000000000000000e+00,0.000000000000000000e+00,6.276209400000000367e-06
1.330000000000000000e+03,2.000000000000000000e+00,0.000000000000000000e+00,7.663192309999999167e-06
1.331000000000000000e+03,1.000000000000000000e+00,0.000000000000000000e+00,7.789217550000000241e-06
1.331000000000000000e+03,2.000000000000000000e+00,0.000000000000000000e+00,5.104326629999999813e-06
1.332000000000000000e+03,1.000000000000000000e+00,0.000000000000000000e+00,6.913486929999999772e-06
1.333000000000000000e+03,1.000000000000000000e+00,0.000000000000000000e+00,6.829079890000000080e-06
1.333000000000000000e+03,2.000000000000000000e+00,0.000000000000000000e+00,6.099251809999999669e-06
1.334000000000000000e+03,1.000000000000000000e+00,0.000000000000000000e+00,1.537660999999999846e-05
1.335000000000000000e+03,1.000000000000000000e+00,0.000000000000000000e+00,1.465292359999999998e-06
1.335000000000000000e+03,2.000000000000000000e+00,0.000000000000000000e+00,1.245558879999999983e-05
1.336000000000000000e+03,1.000000000000000000e+00,0.000000000000000000e+00,6.882355249999999618e-06
1.336000000000000000e+03,2.000000000000000000e+00,0.000000000000000000e+00,4.054373779999999849e-06
1.337000000000000000e+03,1.000000000000000000e+00,0.000000000000000000e+00,7.187345189999999593e-06
1.338000000000000000e+03,1.000000000000000000e+00,0.000000000000000000e+00,8.425594669999999785e-06
1.339000000000000000e+03,1.000000000000000000e+00,0.000000000000000000e+00,1.934758940000000057e-05
1.339000000000000000e+03,2.000000000000000000e+00,0.000000000000000000e+00,1.898830220000000116e-05
1.340000000000000000e+03,1.000000000000000000e+00,0.000000000000000000e+00,1.658359919999999871e-05
1.340000000000000000e+03,2.000000000000000000e+00,0.000000000000000000e+00,7.007593819999999647e-06
1.341000000000000000e+03,1.000000000000000000e+00,0.000000000000000000e+00,2.144141439999999911e-05
1.341000000000000000e+03,2.000000000000000000e+00,0.000000000000000000e+00,1.107540640000000022e-05
1.342000000000000000e+03,1.000000000000000000e+00,0.000000000000000000e+00,2.764874520000000141e-05
1.342000000000000000e+03,2.000000000000000000e+00,0.000000000000000000e+00,5.468979980000000292e-06
1.343000000000000000e+03,1.000000000000000000e+00,0.000000000000000000e+00,2.002831329999999970e-05
1.343000000000000000e+03,2.000000000000000000e+00,0.000000000000000000e+00,1.011869299999999938e-05
1.344000000000000000e+03,1.000000000000000000e+00,0.000000000000000000e+00,2.701270840000000140e-05
1.345000000000000000e+03,1.000000000000000000e+00,0.000000000000000000e+00,2.711416789999999955e-05
1.346000000000000000e+03,1.000000000000000000e+00,0.000000000000000000e+00,3.124751989999999832e-05
1.347000000000000000e+03,1.000000000000000000e+00,0.000000000000000000e+00,1.326623119999999982e-05
1.347000000000000000e+03,2.000000000000000000e+00,0.000000000000000000e+00,1.919849300000000010e-05
1.348000000000000000e+03,1.000000000000000000e+00,0.000000000000000000e+00,2.359878630000000166e-05
1.349000000000000000e+03,1.000000000000000000e+00,0.000000000000000000e+00,3.717940300000000003e-05
1.349000000000000000e+03,2.000000000000000000e+00,0.000000000000000000e+00,1.360576490000000040e-05
1.350000000000000000e+03,1.000000000000000000e+00,0.000000000000000000e+00,2.442210680000000045e-05
1.350000000000000000e+03,2.000000000000000000e+00,0.000000000000000000e+00,7.323371310000000375e-06
1.351000000000000000e+03,1.000000000000000000e+00,0.000000000000000000e+00,2.502511470000000156e-05
1.351000000000000000e+03,2.000000000000000000e+00,0.000000000000000000e+00,1.147029639999999975e-05
1.352000000000000000e+03,1.000000000000000000e+00,0.000000000000000000e+00,3.059401589999999761e-05
1.353000000000000000e+03,1.000000000000000000e+00,0.000000000000000000e+00,2.081677629999999948e-05
1.353000000000000000e+03,2.000000000000000000e+00,0.000000000000000000e+00,3.102096640000000005e-05
1.354000000000000000e+03,1.000000000000000000e+00,0.000000000000000000e+00,6.423269449999999908e-06
1.354000000000000000e+03,2.000000000000000000e+00,0.000000000000000000e+00,1.937470679999999859e-05
1.355000000000000000e+03,1.000000000000000000e+00,0.000000000000000000e+00,2.293758799999999923e-05
1.355000000000000000e+03,2.000000000000000000e+00,0.000000000000000000e+00,7.678214560000000749e-06
1.356000000000000000e+03,1.000000000000000000e+00,0.000000000000000000e+00,2.336426539999999992e-05
1.356000000000000000e+03,2.000000000000000000e+00,0.000000000000000000e+00,1.227662419999999918e-05
1.357000000000000000e+03,1.000000000000000000e+00,0.000000000000000000e+00,2.724565390000000163e-05
1.357000000000000000e+03,2.000000000000000000e+00,0.000000000000000000e+00,5.716185889999999856e-06
1.358000000000000000e+03,1.000000000000000000e+00,0.000000000000000000e+00,1.949326700000000162e-05
1.358000000000000000e+03,2.000000000000000000e+00,0.000000000000000000e+00,6.408195840000000059e-06
1.359000000000000000e+03,1.000000000000000000e+00,0.000000000000000000e+00,1.770459119999999843e-05
1.360000000000000000e+03,1.000000000000000000e+00,0.000000000000000000e+00,1.288781680000000047e-05
1.361000000000000000e+03,1.000000000000000000e+00,0.000000000000000000e+00,1.956223340000000054e-05
1.361000000000000000e+03,2.000000000000000000e+00,0.000000000000000000e+00,6.021528249999999635e-06
1.362000000000000000e+03,1.000000000000000000e+00,0.000000000000000000e+00,1.206296859999999998e-05
1.362000000000000000e+03,2.000000000000000000e+00,0.000000000000000000e+00,5.415127289999999723e-06
1.363000000000000000e+03,1.000000000000000000e+00,0.000000000000000000e+00,1.681661510000000020e-05
1.364000000000000000e+03,1.000000000000000000e+00,0.000000000000000000e+00,1.376848030000000051e-05
1.364000000000000000e+03,2.000000000000000000e+00,0.000000000000000000e+00,1.968639230000000139e-05
1.365000000000000000e+03,1.000000000000000000e+00,0.000000000000000000e+00,2.990523059999999791e-06
1.365000000000000000e+03,2.000000000000000000e+00,0.000000000000000000e+00,1.043519090000000008e-05
1.366000000000000000e+03,1.000000000000000000e+00,0.000000000000000000e+00,1.751977990000000158e-05
1.366000000000000000e+03,2.000000000000000000e+00,0.000000000000000000e+00,5.203172200000000381e-06
1.367000000000000000e+03,1.000000000000000000e+00,0.000000000000000000e+00,1.732004750000000013e-05
1.367000000000000000e+03,2.000000000000000000e+00,0.000000000000000000e+00,1.028798070000000030e-05
1.368000000000000000e+03,1.000000000000000000e+00,0.000000000000000000e+00,2.412746960000000050e-05
1.369000000000000000e+03,1.000000000000000000e+00,0.000000000000000000e+00,6.864918390000000127e-06
1.369000000000000000e+03,2.000000000000000000e+00,0.000000000000000000e+00,1.796268629999999984e-05
1.370000000000000000e+03,1.000000000000000000e+00,0.000000000000000000e+00,2.297699599999999860e-06
1.370000000000000000e+03,2.000000000000000000e+00,0.000000000000000000e+00,6.998761479999999834e-06
1.371000000000000000e+03,1.000000000000000000e+00,0.000000000000000000e+00,1.694486450000000057e-05
1.372000000000000000e+03,1.000000000000000000e+00,0.000000000000000000e+00,2.182838399999999880e-05
1.372000000000000000e+03,2.000000000000000000e+00,0.000000000000000000e+00,3.046693489999999875e-05
1.373000000000000000e+03,1.000000000000000000e+00,0.000000000000000000e+00,6.819470989999999685e-06
1.373000000000000000e+03,2.000000000000000000e+00,0.000000000000000000e+00,6.862073090000000339e-06
1.374000000000000000e+03,1.000000000000000000e+00,0.000000000000000000e+00,2.375916189999999889e-05
1.374000000000000000e+03,2.000000000000000000e+00,0.000000000000000000e+00,8.968123079999999604e-06
1.375000000000000000e+03,1.000000000000000000e+00,0.000000000000000000e+00,2.871714289999999922e-05
1.375000000000000000e+03,2.000000000000000000e+00,0.000000000000000000e+00,1.364985980000000025e-05
1.376000000000000000e+03,1.000000000000000000e+00,0.000000000000000000e+00,3.715647939999999804e-05
1.376000000000000000e+03,2.000000000000000000e+00,0.000000000000000000e+00,6.982215050000000000e-06
1.377000000000000000e+03,1.000000000000000000e+00,0.000000000000000000e+00,3.434100000000000206e-05
1.377000000000000000e+03,2.000000000000000000e+00,0.000000000000000000e+00,7.124995489999999914e-06
1.378000000000000000e+03,1.000000000000000000e+00,0.000000000000000000e+00,2.826414089999999986e-05
1.378000000000000000e+03,2.000000000000000000e+00,0.000000000000000000e+00,6.897037600000000225e-06
1.379000000000000000e+03,1.000000000000000000e+00,0.000000000000000000e+00,2.001345660000000001e-05
1.379000000000000000e+03,2.000000000000000000e+00,0.000000000000000000e+00,5.632779110000000336e-06
1.380000000000000000e+03,1.000000000000000000e+00,0.000000000000000000e+00,1.536980150000000057e-05
1.381000000000000000e+03,1.000000000000000000e+00,0.000000000000000000e+00,9.807920669999999533e-06
1.382000000000000000e+03,1.000000000000000000e+00,0.000000000000000000e+00,2.401725540000000127e-05
1.382000000000000000e+03,2.000000000000000000e+00,0.000000000000000000e+00,1.162125869999999970e-05
1.383000000000000000e+03,1.000000000000000000e+00,0.000000000000000000e+00,1.201537740000000037e-05
1.383000000000000000e+03,2.000000000000000000e+00,0.000000000000000000e+00,8.219332400000000025e-06
1.384000000000000000e+03,1.000000000000000000e+00,0.000000000000000000e+00,1.870441580000000058e-05
1.384000000000000000e+03,2.000000000000000000e+00,0.000000000000000000e+00,5.425747940000000253e-06
1.385000000000000000e+03,1.000000000000000000e+00,0.000000000000000000e+00,1.605121500000000078e-05
1.385000000000000000e+03,2.000000000000000000e+00,0.000000000000000000e+00,6.528006539999999593e-06
1.386000000000000000e+03,1.000000000000000000e+00,0.000000000000000000e+00,1.576244360000000067e-05
1.387000000000000000e+03,1.000000000000000000e+00,0.000000000000000000e+00,8.066286079999999652e-06
1.387000000000000000e+03,2.000000000000000000e+00,0.000000000000000000e+00,1.152053750000000015e-05
1.388000000000000000e+03,1.000000000000000000e+00,0.000000000000000000e+00,3.162491929999999951e-06
1.388000000000000000e+03,2.000000000000000000e+00,0.000000000000000000e+00,9.366653400000000826e-06
1.389000000000000000e+03,1.000000000000000000e+00,0.000000000000000000e+00,1.432390049999999989e-05
1.390000000000000000e+03,1.000000000000000000e+00,0.000000000000000000e+00,1.075339840000000037e-05
1.390000000000000000e+03,2.000000000000000000e+00,0.000000000000000000e+00,1.829191319999999891e-05
1.391000000000000000e+03,1.000000000000000000e+00,0.000000000000000000e+00,4.816013840000000367e-06
1.392000000000000000e+03,1.000000000000000000e+00,0.000000000000000000e+00,2.134525070000000159e-05
1.392000000000000000e+03,2.000000000000000000e+00,0.000000000000000000e+00,2.317954329999999969e-05
1.393000000000000000e+03,1.000000000000000000e+00,0.000000000000000000e+00,6.785198219999999747e-06
1.393000000000000000e+03,2.000000000000000000e+00,0.000000000000000000e+00,4.576749899999999906e-06
1.394000000000000000e+03,1.000000000000000000e+00,0.000000000000000000e+00,1.082458869999999976e-05
1.394000000000000000e+03,2.000000000000000000e+00,0.000000000000000000e+00,1.022415330000000072e-05
1.395000000000000000e+03,1.000000000000000000e+00,0.000000000000000000e+00,1.836620000000000044e-05
1.396000000000000000e+03,1.000000000000000000e+00,0.000000000000000000e+00,1.357792350000000017e-05
1.396000000000000000e+03,2.000000000000000000e+00,0.000000000000000000e+00,1.892759980000000166e-05
1.397000000000000000e+03,1.000000000000000000e+00,0.000000000000000000e+00,5.397298959999999592e-06
1.397000000000000000e+03,2.000000000000000000e+00,0.000000000000000000e+00,8.834123860000000412e-06
1.398000000000000000e+03,1.000000000000000000e+00,0.000000000000000000e+00,1.950192010000000007e-05
1.398000000000000000e+03,2.000000000000000000e+00,0.000000000000000000e+00,7.196494819999999891e-06
1.399000000000000000e+03,1.000000000000000000e+00,0.000000000000000000e+00,2.488361730000000142e-05
1.399000000000000000e+03,2.000000000000000000e+00,0.000000000000000000e+00,7.204777170000000017e-06
1.400000000000000000e+03,1.000000000000000000e+00,0.000000000000000000e+00,2.168577329999999925e-05
1.400000000000000000e+03,2.000000000000000000e+00,0.000000000000000000e+00,8.949235379999999815e-06
1.401000000000000000e+03,1.000000000000000000e+00,0.000000000000000000e+00,1.943994510000000140e-05
1.401000000000000000e+03,2.000000000000000000e+00,0.000000000000000000e+00,5.289415499999999603e-06
1.402000000000000000e+03,1.000000000000000000e+00,0.000000000000000000e+00,1.546051079999999898e-05
1.403000000000000000e+03,1.000000000000000000e+00,0.000000000000000000e+00,5.266405390000000377e-06
1.403000000000000000e+03,2.000000000000000000e+00,0.000000000000000000e+00,8.007097619999999373e-06
1.404000000000000000e+03,1.000000000000000000e+00,0.000000000000000000e+00,3.223463159999999909e-06
1.404000000000000000e+03,2.000000000000000000e+00,0.000000000000000000e+00,6.441859160000000189e-06
1.405000000000000000e+03,1.000000000000000000e+00,0.000000000000000000e+00,1.123448650000000034e-05
1.405000000000000000e+03,2.000000000000000000e+00,0.000000000000000000e+00,5.137656890000000063e-06
1.406000000000000000e+03,1.000000000000000000e+00,0.000000000000000000e+00,8.388698050000000168e-06
1.406000000000000000e+03,2.000000000000000000e+00,0.000000000000000000e+00,8.674111939999999362e-06
1.407000000000000000e+03,1.000000000000000000e+00,0.000000000000000000e+00,1.370714270000000075e-05
1.408000000000000000e+03,1.000000000000000000e+00,0.000000000000000000e+00,9.474343050000000172e-06
1.409000000000000000e+03,1.000000000000000000e+00,0.000000000000000000e+00,2.959421269999999855e-06
1.410000000000000000e+03,1.000000000000000000e+00,0.000000000000000000e+00,2.330620790000000086e-05
1.410000000000000000e+03,2.000000000000000000e+00,0.000000000000000000e+00,1.239718769999999950e-05
1.411000000000000000e+03,1.000000000000000000e+00,0.000000000000000000e+00,1.537721199999999856e-05
1.411000000000000000e+03,2.000000000000000000e+00,0.000000000000000000e+00,1.111404849999999998e-05
1.412000000000000000e+03,1.000000000000000000e+00,0.000000000000000000e+00,2.880478399999999862e-05
1.412000000000000000e+03,2.000000000000000000e+00,0.000000000000000000e+00,8.055757429999999968e-06
1.413000000000000000e+03,1.000000000000000000e+00,0.000000000000000000e+00,2.733382879999999852e-05
1.413000000000000000e+03,2.000000000000000000e+00,0.000000000000000000e+00,1.198768400000000000e-05
1.414000000000000000e+03,1.000000000000000000e+00,0.000000000000000000e+00,2.985217260000000165e-05
1.414000000000000000e+03,2.000000000000000000e+00,0.000000000000000000e+00,5.519566489999999839e-06
1.415000000000000000e+03,1.000000000000000000e+00,0.000000000000000000e+00,2.072360479999999972e-05
1.415000000000000000e+03,2.000000000000000000e+00,0.000000000000000000e+00,6.562437440000000341e-06
1.416000000000000000e+03,1.000000000000000000e+00,0.000000000000000000e+00,1.804278609999999941e-05
1.417000000000000000e+03,1.000000000000000000e+00,0.000000000000000000e+00,1.076027489999999929e-05
1.418000000000000000e+03,1.000000000000000000e+00,0.000000000000000000e+00,1.072157089999999987e-05
1.419000000000000000e+03,1.000000000000000000e+00,0.000000000000000000e+00,3.327224950000000179e-05
1.419000000000000000e+03,2.000000000000000000e+00,0.000000000000000000e+00,1.321346899999999998e-05
1.420000000000000000e+03,1.000000000000000000e+00,0.000000000000000000e+00,2.384959829999999881e-05
1.420000000000000000e+03,2.000000000000000000e+00,0.000000000000000000e+00,1.112640570000000066e-05
1.421000000000000000e+03,1.000000000000000000e+00,0.000000000000000000e+00,3.368061250000000160e-05
1.421000000000000000e+03,2.000000000000000000e+00,0.000000000000000000e+00,1.056856980000000048e-05
1.422000000000000000e+03,1.000000000000000000e+00,0.000000000000000000e+00,3.499382530000000015e-05
1.422000000000000000e+03,2.000000000000000000e+00,0.000000000000000000e+00,1.027942980000000074e-05
1.423000000000000000e+03,1.000000000000000000e+00,0.000000000000000000e+00,3.329985859999999749e-05
1.423000000000000000e+03,2.000000000000000000e+00,0.000000000000000000e+00,6.362668470000000271e-06
1.424000000000000000e+03,1.000000000000000000e+00,0.000000000000000000e+00,2.206065460000000087e-05
1.424000000000000000e+03,2.000000000000000000e+00,0.000000000000000000e+00,6.971903860000000139e-06
1.425000000000000000e+03,1.000000000000000000e+00,0.000000000000000000e+00,1.150747950000000011e-05
1.426000000000000000e+03,1.000000000000000000e+00,0.000000000000000000e+00,2.952763859999999856e-05
1.426000000000000000e+03,2.000000000000000000e+00,0.000000000000000000e+00,1.507626620000000018e-05
1.427000000000000000e+03,1.000000000000000000e+00,0.000000000000000000e+00,2.615849309999999947e-05
1.427000000000000000e+03,2.000000000000000000e+00,0.000000000000000000e+00,1.516789429999999931e-05
1.428000000000000000e+03,1.000000000000000000e+00,0.000000000000000000e+00,4.091813849999999909e-05
1.428000000000000000e+03,2.000000000000000000e+00,0.000000000000000000e+00,1.737477679999999892e-05
1.429000000000000000e+03,1.000000000000000000e+00,0.000000000000000000e+00,4.875972850000000137e-05
1.429000000000000000e+03,2.000000000000000000e+00,0.000000000000000000e+00,1.370643429999999924e-05
1.430000000000000000e+03,1.000000000000000000e+00,0.000000000000000000e+00,4.328621779999999836e-05
1.430000000000000000e+03,2.000000000000000000e+00,0.000000000000000000e+00,1.319281179999999974e-05
1.431000000000000000e+03,1.000000000000000000e+00,0.000000000000000000e+00,3.974000179999999789e-05
1.432000000000000000e+03,1.000000000000000000e+00,0.000000000000000000e+00,1.671226449999999876e-05
1.432000000000000000e+03,2.000000000000000000e+00,0.000000000000000000e+00,2.624595010000000062e-05
1.433000000000000000e+03,1.000000000000000000e+00,0.000000000000000000e+00,1.199224619999999917e-05
1.433000000000000000e+03,2.000000000000000000e+00,0.000000000000000000e+00,1.393400900000000037e-05
1.434000000000000000e+03,1.000000000000000000e+00,0.000000000000000000e+00,3.477003970000000212e-05
1.434000000000000000e+03,2.000000000000000000e+00,0.000000000000000000e+00,1.672007449999999963e-05
1.435000000000000000e+03,1.000000000000000000e+00,0.000000000000000000e+00,4.564481279999999945e-05
1.435000000000000000e+03,2.000000000000000000e+00,0.000000000000000000e+00,1.649393320000000160e-05
1.436000000000000000e+03,1.000000000000000000e+00,0.000000000000000000e+00,4.757577750000000123e-05
1.436000000000000000e+03,2.000000000000000000e+00,0.000000000000000000e+00,1.281105029999999975e-05
1.437000000000000000e+03,1.000000000000000000e+00,0.000000000000000000e+00,3.809737090000000126e-05
1.437000000000000000e+03,2.000000000000000000e+00,0.000000000000000000e+00,1.144377569999999997e-05
1.438000000000000000e+03,1.000000000000000000e+00,0.000000000000000000e+00,2.748197099999999946e-05
1.438000000000000000e+03,2.000000000000000000e+00,0.000000000000000000e+00,5.935091510000000054e-06
1.439000000000000000e+03,1.000000000000000000e+00,0.000000000000000000e+00,1.553607090000000095e-05
1.440000000000000000e+03,1.000000000000000000e+00,0.000000000000000000e+00,1.444020380000000091e-06
1.441000000000000000e+03,1.000000000000000000e+00,0.000000000000000000e+00,3.188108610000000124e-06
1.441000000000000000e+03,2.000000000000000000e+00,0.000000000000000000e+00,8.839748639999999666e-06
1.442000000000000000e+03,1.000000000000000000e+00,0.000000000000000000e+00,1.101016739999999954e-05
1.443000000000000000e+03,1.000000000000000000e+00,0.000000000000000000e+00,3.154981059999999767e-05
1.443000000000000000e+03,2.000000000000000000e+00,0.000000000000000000e+00,2.534172730000000033e-05
1.444000000000000000e+03,1.000000000000000000e+00,0.000000000000000000e+00,1.981608500000000053e-05
1.444000000000000000e+03,2.000000000000000000e+00,0.000000000000000000e+00,1.210822989999999916e-05
1.445000000000000000e+03,1.000000000000000000e+00,0.000000000000000000e+00,3.482352050000000234e-05
1.445000000000000000e+03,2.000000000000000000e+00,0.000000000000000000e+00,1.591024720000000069e-05
1.446000000000000000e+03,1.000000000000000000e+00,0.000000000000000000e+00,4.422886829999999995e-05
1.446000000000000000e+03,2.000000000000000000e+00,0.000000000000000000e+00,1.269182429999999982e-05
1.447000000000000000e+03,1.000000000000000000e+00,0.000000000000000000e+00,4.065878750000000022e-05
1.447000000000000000e+03,2.000000000000000000e+00,0.000000000000000000e+00,1.212472139999999984e-05
1.448000000000000000e+03,1.000000000000000000e+00,0.000000000000000000e+00,3.581363720000000327e-05
1.448000000000000000e+03,2.000000000000000000e+00,0.000000000000000000e+00,6.626366660000000388e-06
1.449000000000000000e+03,1.000000000000000000e+00,0.000000000000000000e+00,2.465787080000000065e-05
1.450000000000000000e+03,1.000000000000000000e+00,0.000000000000000000e+00,2.624297629999999845e-05
1.450000000000000000e+03,2.000000000000000000e+00,0.000000000000000000e+00,2.217141940000000094e-05
1.451000000000000000e+03,1.000000000000000000e+00,0.000000000000000000e+00,2.159854789999999966e-05
1.451000000000000000e+03,2.000000000000000000e+00,0.000000000000000000e+00,1.476017130000000023e-05
1.452000000000000000e+03,1.000000000000000000e+00,0.000000000000000000e+00,3.956770780000000269e-05
1.452000000000000000e+03,2.000000000000000000e+00,0.000000000000000000e+00,1.889277109999999870e-05
1.453000000000000000e+03,1.000000000000000000e+00,0.000000000000000000e+00,4.950603779999999737e-05
1.453000000000000000e+03,2.000000000000000000e+00,0.000000000000000000e+00,1.618137499999999887e-05
1.454000000000000000e+03,1.000000000000000000e+00,0.000000000000000000e+00,4.833683109999999746e-05
1.454000000000000000e+03,2.000000000000000000e+00,0.000000000000000000e+00,1.324891069999999975e-05
1.455000000000000000e+03,1.000000000000000000e+00,0.000000000000000000e+00,4.520914630000000121e-05
1.455000000000000000e+03,2.000000000000000000e+00,0.000000000000000000e+00,5.785576240000000346e-06
1.456000000000000000e+03,1.000000000000000000e+00,0.000000000000000000e+00,3.018276720000000139e-05
1.456000000000000000e+03,2.000000000000000000e+00,0.000000000000000000e+00,6.989689979999999831e-06
1.457000000000000000e+03,1.000000000000000000e+00,0.000000000000000000e+00,2.134725350000000088e-05
1.458000000000000000e+03,1.000000000000000000e+00,0.000000000000000000e+00,1.226105249999999987e-06
1.459000000000000000e+03,1.000000000000000000e+00,0.000000000000000000e+00,4.645573509999999706e-05
1.459000000000000000e+03,2.000000000000000000e+00,0.000000000000000000e+00,1.570422019999999908e-05
1.460000000000000000e+03,1.000000000000000000e+00,0.000000000000000000e+00,3.933019130000000186e-05
1.460000000000000000e+03,2.000000000000000000e+00,0.000000000000000000e+00,2.141224549999999919e-05
1.461000000000000000e+03,1.000000000000000000e+00,0.000000000000000000e+00,5.501690630000000300e-05
1.461000000000000000e+03,2.000000000000000000e+00,0.000000000000000000e+00,2.234440829999999908e-05
1.462000000000000000e+03,1.000000000000000000e+00,0.000000000000000000e+00,5.998568529999999773e-05
1.462000000000000000e+03,2.000000000000000000e+00,0.000000000000000000e+00,1.748487679999999978e-05
1.463000000000000000e+03,1.000000000000000000e+00,0.000000000000000000e+00,5.198793549999999782e-05
1.463000000000000000e+03,2.000000000000000000e+00,0.000000000000000000e+00,1.386355489999999916e-05
1.464000000000000000e+03,1.000000000000000000e+00,0.000000000000000000e+00,4.230600729999999844e-05
1.464000000000000000e+03,2.000000000000000000e+00,0.000000000000000000e+00,5.958397490000000415e-06
1.465000000000000000e+03,1.000000000000000000e+00,0.000000000000000000e+00,2.631869510000000055e-05
1.466000000000000000e+03,1.000000000000000000e+00,0.000000000000000000e+00,1.377101770000000021e-05
1.466000000000000000e+03,2.000000000000000000e+00,0.000000000000000000e+00,1.261801159999999987e-05
1.467000000000000000e+03,1.000000000000000000e+00,0.000000000000000000e+00,1.833030219999999831e-05
1.467000000000000000e+03,2.000000000000000000e+00,0.000000000000000000e+00,1.022877399999999993e-05
1.468000000000000000e+03,1.000000000000000000e+00,0.000000000000000000e+00,2.962862520000000117e-05
1.468000000000000000e+03,2.000000000000000000e+00,0.000000000000000000e+00,1.645459590000000077e-05
1.469000000000000000e+03,1.000000000000000000e+00,0.000000000000000000e+00,3.900383670000000057e-05
1.469000000000000000e+03,2.000000000000000000e+00,0.000000000000000000e+00,1.201571500000000020e-05
1.470000000000000000e+03,1.000000000000000000e+00,0.000000000000000000e+00,3.491273069999999861e-05
1.470000000000000000e+03,2.000000000000000000e+00,0.000000000000000000e+00,1.152213069999999932e-05
1.471000000000000000e+03,1.000000000000000000e+00,0.000000000000000000e+00,3.137734849999999789e-05
1.472000000000000000e+03,1.000000000000000000e+00,0.000000000000000000e+00,2.370789039999999953e-05
1.472000000000000000e+03,2.000000000000000000e+00,0.000000000000000000e+00,2.669075640000000141e-05
1.473000000000000000e+03,1.000000000000000000e+00,0.000000000000000000e+00,1.242912640000000019e-05
1.473000000000000000e+03,2.000000000000000000e+00,0.000000000000000000e+00,1.779289059999999929e-05
1.474000000000000000e+03,1.000000000000000000e+00,0.000000000000000000e+00,3.960047739999999821e-05
1.474000000000000000e+03,2.000000000000000000e+00,0.000000000000000000e+00,1.481162359999999984e-05
1.475000000000000000e+03,1.000000000000000000e+00,0.000000000000000000e+00,4.853737360000000300e-05
1.475000000000000000e+03,2.000000000000000000e+00,0.000000000000000000e+00,1.669835889999999879e-05
1.476000000000000000e+03,1.000000000000000000e+00,0.000000000000000000e+00,5.340905500000000020e-05
1.476000000000000000e+03,2.000000000000000000e+00,0.000000000000000000e+00,1.203769469999999979e-05
1.477000000000000000e+03,1.000000000000000000e+00,0.000000000000000000e+00,4.818193479999999945e-05
1.477000000000000000e+03,2.000000000000000000e+00,0.000000000000000000e+00,1.073074720000000056e-05
1.478000000000000000e+03,1.000000000000000000e+00,0.000000000000000000e+00,4.390926559999999706e-05
1.479000000000000000e+03,1.000000000000000000e+00,0.000000000000000000e+00,1.440514059999999941e-05
1.479000000000000000e+03,2.000000000000000000e+00,0.000000000000000000e+00,2.990466099999999845e-05
1.480000000000000000e+03,1.000000000000000000e+00,0.000000000000000000e+00,5.923513719999999916e-06
1.480000000000000000e+03,2.000000000000000000e+00,0.000000000000000000e+00,1.336088700000000054e-05
1.481000000000000000e+03,1.000000000000000000e+00,0.000000000000000000e+00,3.185835839999999795e-05
1.481000000000000000e+03,2.000000000000000000e+00,0.000000000000000000e+00,1.418348849999999918e-05
1.482000000000000000e+03,1.000000000000000000e+00,0.000000000000000000e+00,4.158292830000000272e-05
1.482000000000000000e+03,2.000000000000000000e+00,0.000000000000000000e+00,1.716194550000000026e-05
1.483000000000000000e+03,1.000000000000000000e+00,0.000000000000000000e+00,4.676525340000000221e-05
1.483000000000000000e+03,2.000000000000000000e+00,0.000000000000000000e+00,1.257981490000000050e-05
1.484000000000000000e+03,1.000000000000000000e+00,0.000000000000000000e+00,4.053355910000000045e-05
1.484000000000000000e+03,2.000000000000000000e+00,0.000000000000000000e+00,1.071722890000000072e-05
1.485000000000000000e+03,1.000000000000000000e+00,0.000000000000000000e+00,3.300013050000000285e-05
1.486000000000000000e+03,1.000000000000000000e+00,0.000000000000000000e+00,2.458184479999999888e-05
1.486000000000000000e+03,2.000000000000000000e+00,0.000000000000000000e+00,2.602023060000000038e-05
1.487000000000000000e+03,1.000000000000000000e+00,0.000000000000000000e+00,1.642173060000000072e-05
1.487000000000000000e+03,2.000000000000000000e+00,0.000000000000000000e+00,1.776951210000000099e-05
1.488000000000000000e+03,1.000000000000000000e+00,0.000000000000000000e+00,4.153925770000000084e-05
1.488000000000000000e+03,2.000000000000000000e+00,0.000000000000000000e+00,1.734369770000000104e-05
1.489000000000000000e+03,1.000000000000000000e+00,0.000000000000000000e+00,5.115248639999999666e-05
1.489000000000000000e+03,2.000000000000000000e+00,0.000000000000000000e+00,1.719295869999999923e-05
1.490000000000000000e+03,1.000000000000000000e+00,0.000000000000000000e+00,5.291150689999999735e-05
1.490000000000000000e+03,2.000000000000000000e+00,0.000000000000000000e+00,1.285444579999999939e-05
1.491000000000000000e+03,1.000000000000000000e+00,0.000000000000000000e+00,4.229558680000000334e-05
1.491000000000000000e+03,2.000000000000000000e+00,0.000000000000000000e+00,1.232461829999999959e-05
1.492000000000000000e+03,1.000000000000000000e+00,0.000000000000000000e+00,3.342979399999999993e-05
1.493000000000000000e+03,1.000000000000000000e+00,0.000000000000000000e+00,2.643834739999999893e-05
1.493000000000000000e+03,2.000000000000000000e+00,0.000000000000000000e+00,2.579312320000000158e-05
1.494000000000000000e+03,1.000000000000000000e+00,0.000000000000000000e+00,1.914356279999999971e-05
1.494000000000000000e+03,2.000000000000000000e+00,0.000000000000000000e+00,1.901561789999999896e-05
1.495000000000000000e+03,1.000000000000000000e+00,0.000000000000000000e+00,4.565640130000000308e-05
1.495000000000000000e+03,2.000000000000000000e+00,0.000000000000000000e+00,1.835322630000000169e-05
1.496000000000000000e+03,1.000000000000000000e+00,0.000000000000000000e+00,5.318646460000000094e-05
1.496000000000000000e+03,2.000000000000000000e+00,0.000000000000000000e+00,1.982146810000000062e-05
1.497000000000000000e+03,1.000000000000000000e+00,0.000000000000000000e+00,5.517206889999999673e-05
1.497000000000000000e+03,2.000000000000000000e+00,0.000000000000000000e+00,1.338044749999999976e-05
1.498000000000000000e+03,1.000000000000000000e+00,0.000000000000000000e+00,4.614787949999999968e-05
1.498000000000000000e+03,2.000000000000000000e+00,0.000000000000000000e+00,9.760521419999999327e-06
1.499000000000000000e+03,1.000000000000000000e+00,0.000000000000000000e+00,3.470752949999999663e-05
1.500000000000000000e+03,1.000000000000000000e+00,0.000000000000000000e+00,2.220496990000000136e-05
1.500000000000000000e+03,2.000000000000000000e+00,0.000000000000000000e+00,2.405178500000000133e-05
1.501000000000000000e+03,1.000000000000000000e+00,0.000000000000000000e+00,1.919239490000000081e-05
1.501000000000000000e+03,2.000000000000000000e+00,0.000000000000000000e+00,1.520033219999999988e-05
1.502000000000000000e+03,1.000000000000000000e+00,0.000000000000000000e+00,4.000864109999999885e-05
1.502000000000000000e+03,2.000000000000000000e+00,0.000000000000000000e+00,1.947404969999999883e-05
1.503000000000000000e+03,1.000000000000000000e+00,0.000000000000000000e+00,4.984801120000000111e-05
1.503000000000000000e+03,2.000000000000000000e+00,0.000000000000000000e+00,1.848351210000000126e-05
1.504000000000000000e+03,1.000000000000000000e+00,0.000000000000000000e+00,5.092784030000000145e-05
1.504000000000000000e+03,2.000000000000000000e+00,0.000000000000000000e+00,1.343075540000000022e-05
1.505000000000000000e+03,1.000000000000000000e+00,0.000000000000000000e+00,4.250859990000000334e-05
1.505000000000000000e+03,2.000000000000000000e+00,0.000000000000000000e+00,9.852420490000000317e-06
1.506000000000000000e+03,1.000000000000000000e+00,0.000000000000000000e+00,3.204569559999999979e-05
1.507000000000000000e+03,1.000000000000000000e+00,0.000000000000000000e+00,2.052990999999999874e-05
1.507000000000000000e+03,2.000000000000000000e+00,0.000000000000000000e+00,2.159170189999999915e-05
1.508000000000000000e+03,1.000000000000000000e+00,0.000000000000000000e+00,1.702035310000000025e-05
1.508000000000000000e+03,2.000000000000000000e+00,0.000000000000000000e+00,1.545361509999999987e-05
1.509000000000000000e+03,1.000000000000000000e+00,0.000000000000000000e+00,3.862193659999999841e-05
1.509000000000000000e+03,2.000000000000000000e+00,0.000000000000000000e+00,1.667673290000000111e-05
1.510000000000000000e+03,1.000000000000000000e+00,0.000000000000000000e+00,4.739033350000000091e-05
1.510000000000000000e+03,2.000000000000000000e+00,0.000000000000000000e+00,1.603518759999999929e-05
1.511000000000000000e+03,1.000000000000000000e+00,0.000000000000000000e+00,4.788309259999999672e-05
1.511000000000000000e+03,2.000000000000000000e+00,0.000000000000000000e+00,1.213651929999999989e-05
1.512000000000000000e+03,1.000000000000000000e+00,0.000000000000000000e+00,3.883551300000000000e-05
1.512000000000000000e+03,2.000000000000000000e+00,0.000000000000000000e+00,1.018786560000000005e-05
1.513000000000000000e+03,1.000000000000000000e+00,0.000000000000000000e+00,2.968491569999999995e-05
1.514000000000000000e+03,1.000000000000000000e+00,0.000000000000000000e+00,2.201823750000000130e-05
1.514000000000000000e+03,2.000000000000000000e+00,0.000000000000000000e+00,2.156710539999999899e-05
1.515000000000000000e+03,1.000000000000000000e+00,0.000000000000000000e+00,1.735692169999999846e-05
1.515000000000000000e+03,2.000000000000000000e+00,0.000000000000000000e+00,1.594173590000000040e-05
1.516000000000000000e+03,1.000000000000000000e+00,0.000000000000000000e+00,3.841610429999999876e-05
1.516000000000000000e+03,2.000000000000000000e+00,0.000000000000000000e+00,1.746601149999999994e-05
1.517000000000000000e+03,1.000000000000000000e+00,0.000000000000000000e+00,4.796253059999999865e-05
1.517000000000000000e+03,2.000000000000000000e+00,0.000000000000000000e+00,1.616340029999999993e-05
1.518000000000000000e+03,1.000000000000000000e+00,0.000000000000000000e+00,4.984159749999999710e-05
1.518000000000000000e+03,2.000000000000000000e+00,0.000000000000000000e+00,1.133220909999999924e-05
1.519000000000000000e+03,1.000000000000000000e+00,0.000000000000000000e+00,4.034035350000000035e-05
1.519000000000000000e+03,2.000000000000000000e+00,0.000000000000000000e+00,1.034197579999999971e-05
1.520000000000000000e+03,1.000000000000000000e+00,0.000000000000000000e+00,3.108143300000000054e-05
1.521000000000000000e+03,1.000000000000000000e+00,0.000000000000000000e+00,2.574561449999999928e-05
1.521000000000000000e+03,2.000000000000000000e+00,0.000000000000000000e+00,2.514292759999999961e-05
1.522000000000000000e+03,1.000000000000000000e+00,0.000000000000000000e+00,1.805093680000000161e-05
1.522000000000000000e+03,2.000000000000000000e+00,0.000000000000000000e+00,1.747026510000000029e-05
1.523000000000000000e+03,1.000000000000000000e+00,0.000000000000000000e+00,4.235160040000000267e-05
1.523000000000000000e+03,2.000000000000000000e+00,0.000000000000000000e+00,1.726163289999999953e-05
1.524000000000000000e+03,1.000000000000000000e+00,0.000000000000000000e+00,4.981669760000000173e-05
1.524000000000000000e+03,2.000000000000000000e+00,0.000000000000000000e+00,1.854776159999999845e-05
1.525000000000000000e+03,1.000000000000000000e+00,0.000000000000000000e+00,5.271516470000000253e-05
1.525000000000000000e+03,2.000000000000000000e+00,0.000000000000000000e+00,1.218686189999999959e-05
1.526000000000000000e+03,1.000000000000000000e+00,0.000000000000000000e+00,4.162290520000000113e-05
1.526000000000000000e+03,2.000000000000000000e+00,0.000000000000000000e+00,1.163255459999999987e-05
1.527000000000000000e+03,1.000000000000000000e+00,0.000000000000000000e+00,3.456985340000000035e-05
1.528000000000000000e+03,1.000000000000000000e+00,0.000000000000000000e+00,7.240307810000000116e-06
1.528000000000000000e+03,2.000000000000000000e+00,0.000000000000000000e+00,1.591364619999999859e-05
1.529000000000000000e+03,1.000000000000000000e+00,0.000000000000000000e+00,6.195508840000000108e-06
1.529000000000000000e+03,2.000000000000000000e+00,0.000000000000000000e+00,1.194733480000000082e-05
1.530000000000000000e+03,1.000000000000000000e+00,0.000000000000000000e+00,2.695919310000000012e-05
1.530000000000000000e+03,2.000000000000000000e+00,0.000000000000000000e+00,1.029396290000000056e-05
1.531000000000000000e+03,1.000000000000000000e+00,0.000000000000000000e+00,3.396471379999999865e-05
1.531000000000000000e+03,2.000000000000000000e+00,0.000000000000000000e+00,1.194297939999999965e-05
1.532000000000000000e+03,1.000000000000000000e+00,0.000000000000000000e+00,3.422864470000000118e-05
1.532000000000000000e+03,2.000000000000000000e+00,0.000000000000000000e+00,1.083831760000000038e-05
1.533000000000000000e+03,1.000000000000000000e+00,0.000000000000000000e+00,2.791502540000000105e-05
1.533000000000000000e+03,2.000000000000000000e+00,0.000000000000000000e+00,9.117155730000000698e-06
1.534000000000000000e+03,1.000000000000000000e+00,0.000000000000000000e+00,2.253988170000000008e-05
1.535000000000000000e+03,1.000000000000000000e+00,0.000000000000000000e+00,1.284429080000000050e-05
1.535000000000000000e+03,2.000000000000000000e+00,0.000000000000000000e+00,1.405991279999999969e-05
1.536000000000000000e+03,1.000000000000000000e+00,0.000000000000000000e+00,1.002939220000000057e-05
1.536000000000000000e+03,2.000000000000000000e+00,0.000000000000000000e+00,1.115923369999999967e-05
1.537000000000000000e+03,1.000000000000000000e+00,0.000000000000000000e+00,2.574834359999999937e-05
1.537000000000000000e+03,2.000000000000000000e+00,0.000000000000000000e+00,1.063059070000000006e-05
1.538000000000000000e+03,1.000000000000000000e+00,0.000000000000000000e+00,2.965147469999999906e-05
1.538000000000000000e+03,2.000000000000000000e+00,0.000000000000000000e+00,1.195280570000000007e-05
1.539000000000000000e+03,1.000000000000000000e+00,0.000000000000000000e+00,3.208647210000000019e-05
1.539000000000000000e+03,2.000000000000000000e+00,0.000000000000000000e+00,6.947641210000000393e-06
1.540000000000000000e+03,1.000000000000000000e+00,0.000000000000000000e+00,2.652991220000000094e-05
1.540000000000000000e+03,2.000000000000000000e+00,0.000000000000000000e+00,5.471073939999999927e-06
1.541000000000000000e+03,1.000000000000000000e+00,0.000000000000000000e+00,2.054257860000000162e-05
1.542000000000000000e+03,1.000000000000000000e+00,0.000000000000000000e+00,1.019588010000000031e-05
1.542000000000000000e+03,2.000000000000000000e+00,0.000000000000000000e+00,1.312910150000000015e-05
1.543000000000000000e+03,1.000000000000000000e+00,0.000000000000000000e+00,9.035960490000000006e-06
1.543000000000000000e+03,2.000000000000000000e+00,0.000000000000000000e+00,7.545308869999999770e-06
1.544000000000000000e+03,1.000000000000000000e+00,0.000000000000000000e+00,2.018884020000000156e-05
1.544000000000000000e+03,2.000000000000000000e+00,0.000000000000000000e+00,1.013241669999999977e-05
1.545000000000000000e+03,1.000000000000000000e+00,0.000000000000000000e+00,2.520711990000000106e-05
1.545000000000000000e+03,2.000000000000000000e+00,0.000000000000000000e+00,1.031812730000000072e-05
1.546000000000000000e+03,1.000000000000000000e+00,0.000000000000000000e+00,2.713667140000000102e-05
1.546000000000000000e+03,2.000000000000000000e+00,0.000000000000000000e+00,6.856265979999999735e-06
1.547000000000000000e+03,1.000000000000000000e+00,0.000000000000000000e+00,2.280953700000000028e-05
1.547000000000000000e+03,2.000000000000000000e+00,0.000000000000000000e+00,5.513891140000000314e-06
1.548000000000000000e+03,1.000000000000000000e+00,0.000000000000000000e+00,1.847078749999999853e-05
1.549000000000000000e+03,1.000000000000000000e+00,0.000000000000000000e+00,7.830865310000000433e-06
1.549000000000000000e+03,2.000000000000000000e+00,0.000000000000000000e+00,1.105451390000000066e-05
1.550000000000000000e+03,1.000000000000000000e+00,0.000000000000000000e+00,6.359528370000000053e-06
1.550000000000000000e+03,2.000000000000000000e+00,0.000000000000000000e+00,7.061045930000000200e-06
1.551000000000000000e+03,1.000000000000000000e+00,0.000000000000000000e+00,1.688733990000000125e-05
1.551000000000000000e+03,2.000000000000000000e+00,0.000000000000000000e+00,7.845895129999999617e-06
1.552000000000000000e+03,1.000000000000000000e+00,0.000000000000000000e+00,2.158561159999999852e-05
1.552000000000000000e+03,2.000000000000000000e+00,0.000000000000000000e+00,7.371728739999999726e-06
1.553000000000000000e+03,1.000000000000000000e+00,0.000000000000000000e+00,2.239378730000000158e-05
1.554000000000000000e+03,1.000000000000000000e+00,0.000000000000000000e+00,2.983755440000000102e-05
1.554000000000000000e+03,2.000000000000000000e+00,0.000000000000000000e+00,3.030544680000000162e-05
1.555000000000000000e+03,1.000000000000000000e+00,0.000000000000000000e+00,1.036349910000000051e-05
1.555000000000000000e+03,2.000000000000000000e+00,0.000000000000000000e+00,1.791748489999999983e-05
1.556000000000000000e+03,1.000000000000000000e+00,0.000000000000000000e+00,3.588701469999999662e-05
1.556000000000000000e+03,2.000000000000000000e+00,0.000000000000000000e+00,1.284597200000000041e-05
1.557000000000000000e+03,1.000000000000000000e+00,0.000000000000000000e+00,4.059693659999999898e-05
1.557000000000000000e+03,2.000000000000000000e+00,0.000000000000000000e+00,1.545645050000000144e-05
1.558000000000000000e+03,1.000000000000000000e+00,0.000000000000000000e+00,4.009146910000000076e-05
1.558000000000000000e+03,2.000000000000000000e+00,0.000000000000000000e+00,1.262395279999999963e-05
1.559000000000000000e+03,1.000000000000000000e+00,0.000000000000000000e+00,3.653617160000000128e-05
1.559000000000000000e+03,2.000000000000000000e+00,0.000000000000000000e+00,6.101306900000000393e-06
1.560000000000000000e+03,1.000000000000000000e+00,0.000000000000000000e+00,2.447551440000000111e-05
1.561000000000000000e+03,1.000000000000000000e+00,0.000000000000000000e+00,2.813015630000000161e-05
1.561000000000000000e+03,2.000000000000000000e+00,0.000000000000000000e+00,2.300010320000000168e-05
1.562000000000000000e+03,1.000000000000000000e+00,0.000000000000000000e+00,1.961500649999999883e-05
1.562000000000000000e+03,2.000000000000000000e+00,0.000000000000000000e+00,1.803094460000000045e-05
1.563000000000000000e+03,1.000000000000000000e+00,0.000000000000000000e+00,4.250118440000000161e-05
1.563000000000000000e+03,2.000000000000000000e+00,0.000000000000000000e+00,1.642150609999999992e-05
1.564000000000000000e+03,1.000000000000000000e+00,0.000000000000000000e+00,4.786405609999999926e-05
1.564000000000000000e+03,2.000000000000000000e+00,0.000000000000000000e+00,1.704714429999999999e-05
1.565000000000000000e+03,1.000000000000000000e+00,0.000000000000000000e+00,4.775472039999999982e-05
1.565000000000000000e+03,2.000000000000000000e+00,0.000000000000000000e+00,1.161407060000000040e-05
1.566000000000000000e+03,1.000000000000000000e+00,0.000000000000000000e+00,3.748949680000000274e-05
1.566000000000000000e+03,2.000000000000000000e+00,0.000000000000000000e+00,9.297552430000000163e-06
1.567000000000000000e+03,1.000000000000000000e+00,0.000000000000000000e+00,2.754453090000000016e-05
1.568000000000000000e+03,1.000000000000000000e+00,0.000000000000000000e+00,1.669456789999999855e-05
1.568000000000000000e+03,2.000000000000000000e+00,0.000000000000000000e+00,1.699592189999999959e-05
1.569000000000000000e+03,1.000000000000000000e+00,0.000000000000000000e+00,1.370289929999999928e-05
1.569000000000000000e+03,2.000000000000000000e+00,0.000000000000000000e+00,1.424754249999999997e-05
1.570000000000000000e+03,1.000000000000000000e+00,0.000000000000000000e+00,3.238975730000000339e-05
1.570000000000000000e+03,2.000000000000000000e+00,0.000000000000000000e+00,1.450343809999999963e-05
1.571000000000000000e+03,1.000000000000000000e+00,0.000000000000000000e+00,3.949669430000000259e-05
1.571000000000000000e+03,2.000000000000000000e+00,0.000000000000000000e+00,1.375705380000000009e-05
1.572000000000000000e+03,1.000000000000000000e+00,0.000000000000000000e+00,3.905311700000000036e-05
1.572000000000000000e+03,2.000000000000000000e+00,0.000000000000000000e+00,1.060741429999999922e-05
1.573000000000000000e+03,1.000000000000000000e+00,0.000000000000000000e+00,3.322274440000000308e-05
1.573000000000000000e+03,2.000000000000000000e+00,0.000000000000000000e+00,6.706829249999999903e-06
1.574000000000000000e+03,1.000000000000000000e+00,0.000000000000000000e+00,2.349140799999999862e-05
1.575000000000000000e+03,1.000000000000000000e+00,0.000000000000000000e+00,2.149914999999999896e-05
1.575000000000000000e+03,2.000000000000000000e+00,0.000000000000000000e+00,1.952664779999999843e-05
1.576000000000000000e+03,1.000000000000000000e+00,0.000000000000000000e+00,1.512431739999999978e-05
1.576000000000000000e+03,2.000000000000000000e+00,0.000000000000000000e+00,1.466426750000000063e-05
1.577000000000000000e+03,1.000000000000000000e+00,0.000000000000000000e+00,3.688334069999999701e-05
1.577000000000000000e+03,2.000000000000000000e+00,0.000000000000000000e+00,1.241475460000000061e-05
1.578000000000000000e+03,1.000000000000000000e+00,0.000000000000000000e+00,4.094963530000000234e-05
1.578000000000000000e+03,2.000000000000000000e+00,0.000000000000000000e+00,1.570979019999999910e-05
1.579000000000000000e+03,1.000000000000000000e+00,0.000000000000000000e+00,4.225625389999999984e-05
1.579000000000000000e+03,2.000000000000000000e+00,0.000000000000000000e+00,1.135644559999999963e-05
1.580000000000000000e+03,1.000000000000000000e+00,0.000000000000000000e+00,3.498362670000000065e-05
1.580000000000000000e+03,2.000000000000000000e+00,0.000000000000000000e+00,8.576761180000000832e-06
1.581000000000000000e+03,1.000000000000000000e+00,0.000000000000000000e+00,2.765357969999999944e-05
1.582000000000000000e+03,1.000000000000000000e+00,0.000000000000000000e+00,7.841227669999999354e-06
1.582000000000000000e+03,2.000000000000000000e+00,0.000000000000000000e+00,1.332778780000000032e-05
1.583000000000000000e+03,1.000000000000000000e+00,0.000000000000000000e+00,7.651492349999999915e-06
1.583000000000000000e+03,2.000000000000000000e+00,0.000000000000000000e+00,9.975868689999999357e-06
1.584000000000000000e+03,1.000000000000000000e+00,0.000000000000000000e+00,2.407139509999999921e-05
1.584000000000000000e+03,2.000000000000000000e+00,0.000000000000000000e+00,9.758509779999999305e-06
1.585000000000000000e+03,1.000000000000000000e+00,0.000000000000000000e+00,2.987800060000000055e-05
1.585000000000000000e+03,2.000000000000000000e+00,0.000000000000000000e+00,1.056979680000000025e-05
1.586000000000000000e+03,1.000000000000000000e+00,0.000000000000000000e+00,2.873113180000000109e-05
1.586000000000000000e+03,2.000000000000000000e+00,0.000000000000000000e+00,1.029073129999999919e-05
1.587000000000000000e+03,1.000000000000000000e+00,0.000000000000000000e+00,2.818890799999999896e-05
1.588000000000000000e+03,1.000000000000000000e+00,0.000000000000000000e+00,2.000994880000000047e-05
1.588000000000000000e+03,2.000000000000000000e+00,0.000000000000000000e+00,2.462282530000000068e-05
1.589000000000000000e+03,1.000000000000000000e+00,0.000000000000000000e+00,1.360924470000000002e-05
1.589000000000000000e+03,2.000000000000000000e+00,0.000000000000000000e+00,1.113240339999999997e-05
1.590000000000000000e+03,1.000000000000000000e+00,0.000000000000000000e+00,2.842815170000000054e-05
1.590000000000000000e+03,2.000000000000000000e+00,0.000000000000000000e+00,1.719622259999999960e-05
1.591000000000000000e+03,1.000000000000000000e+00,0.000000000000000000e+00,3.809226509999999699e-05
1.591000000000000000e+03,2.000000000000000000e+00,0.000000000000000000e+00,1.425720920000000082e-05
1.592000000000000000e+03,1.000000000000000000e+00,0.000000000000000000e+00,3.606859869999999796e-05
1.592000000000000000e+03,2.000000000000000000e+00,0.000000000000000000e+00,1.165787480000000072e-05
1.593000000000000000e+03,1.000000000000000000e+00,0.000000000000000000e+00,3.190489929999999882e-05
1.594000000000000000e+03,1.000000000000000000e+00,0.000000000000000000e+00,2.185985319999999849e-05
1.594000000000000000e+03,2.000000000000000000e+00,0.000000000000000000e+00,2.473866780000000008e-05
1.595000000000000000e+03,1.000000000000000000e+00,0.000000000000000000e+00,1.527777510000000123e-05
1.595000000000000000e+03,2.000000000000000000e+00,0.000000000000000000e+00,1.551694920000000106e-05
1.596000000000000000e+03,1.000000000000000000e+00,0.000000000000000000e+00,3.832213260000000076e-05
1.596000000000000000e+03,2.000000000000000000e+00,0.000000000000000000e+00,1.619160499999999962e-05
1.597000000000000000e+03,1.000000000000000000e+00,0.000000000000000000e+00,4.799090840000000326e-05
1.597000000000000000e+03,2.000000000000000000e+00,0.000000000000000000e+00,1.601494359999999868e-05
1.598000000000000000e+03,1.000000000000000000e+00,0.000000000000000000e+00,4.866648039999999734e-05
1.598000000000000000e+03,2.000000000000000000e+00,0.000000000000000000e+00,1.331684969999999958e-05
1.599000000000000000e+03,1.000000000000000000e+00,0.000000000000000000e+00,4.208691899999999711e-05
1.599000000000000000e+03,2.000000000000000000e+00,0.000000000000000000e+00,1.008096380000000053e-05
1.600000000000000000e+03,1.000000000000000000e+00,0.000000000000000000e+00,3.239609070000000029e-05
1.600000000000000000e+03,2.000000000000000000e+00,0.000000000000000000e+00,6.000477149999999887e-06
1.601000000000000000e+03,1.000000000000000000e+00,0.000000000000000000e+00,2.232758740000000036e-05
1.602000000000000000e+03,1.000000000000000000e+00,0.000000000000000000e+00,2.471837130000000002e-06
1.602000000000000000e+03,2.000000000000000000e+00,0.000000000000000000e+00,6.376727099999999915e-06
1.603000000000000000e+03,1.000000000000000000e+00,0.000000000000000000e+00,6.074754589999999654e-06
1.603000000000000000e+03,2.000000000000000000e+00,0.000000000000000000e+00,6.982295300000000362e-06
1.604000000000000000e+03,1.000000000000000000e+00,0.000000000000000000e+00,1.550949670000000149e-05
1.604000000000000000e+03,2.000000000000000000e+00,0.000000000000000000e+00,8.552726889999999368e-06
1.605000000000000000e+03,1.000000000000000000e+00,0.000000000000000000e+00,2.244865279999999893e-05
1.605000000000000000e+03,2.000000000000000000e+00,0.000000000000000000e+00,5.761584659999999864e-06
1.606000000000000000e+03,1.000000000000000000e+00,0.000000000000000000e+00,2.021907019999999872e-05
1.606000000000000000e+03,2.000000000000000000e+00,0.000000000000000000e+00,6.624971529999999949e-06
1.607000000000000000e+03,1.000000000000000000e+00,0.000000000000000000e+00,1.817143610000000029e-05
1.608000000000000000e+03,1.000000000000000000e+00,0.000000000000000000e+00,2.017075389999999928e-05
1.608000000000000000e+03,2.000000000000000000e+00,0.000000000000000000e+00,1.918377419999999962e-05
1.609000000000000000e+03,1.000000000000000000e+00,0.000000000000000000e+00,1.451918629999999969e-05
1.609000000000000000e+03,2.000000000000000000e+00,0.000000000000000000e+00,1.045182409999999936e-05
1.610000000000000000e+03,1.000000000000000000e+00,0.000000000000000000e+00,3.095627940000000275e-05
1.610000000000000000e+03,2.000000000000000000e+00,0.000000000000000000e+00,1.185335669999999993e-05
1.611000000000000000e+03,1.000000000000000000e+00,0.000000000000000000e+00,3.511378080000000063e-05
1.611000000000000000e+03,2.000000000000000000e+00,0.000000000000000000e+00,1.446592259999999967e-05
1.612000000000000000e+03,1.000000000000000000e+00,0.000000000000000000e+00,3.637108559999999667e-05
1.612000000000000000e+03,2.000000000000000000e+00,0.000000000000000000e+00,1.033684869999999992e-05
1.613000000000000000e+03,1.000000000000000000e+00,0.000000000000000000e+00,3.111388819999999738e-05
1.613000000000000000e+03,2.000000000000000000e+00,0.000000000000000000e+00,6.827036810000000359e-06
1.614000000000000000e+03,1.000000000000000000e+00,0.000000000000000000e+00,2.474813840000000150e-05
1.615000000000000000e+03,1.000000000000000000e+00,0.000000000000000000e+00,4.505769630000000285e-06
1.615000000000000000e+03,2.000000000000000000e+00,0.000000000000000000e+00,1.115211570000000012e-05
1.616000000000000000e+03,1.000000000000000000e+00,0.000000000000000000e+00,5.069406600000000342e-06
1.616000000000000000e+03,2.000000000000000000e+00,0.000000000000000000e+00,7.103353280000000394e-06
1.617000000000000000e+03,1.000000000000000000e+00,0.000000000000000000e+00,1.675808150000000077e-05
1.617000000000000000e+03,2.000000000000000000e+00,0.000000000000000000e+00,8.652447049999999732e-06
1.618000000000000000e+03,1.000000000000000000e+00,0.000000000000000000e+00,2.449367799999999876e-05
1.618000000000000000e+03,2.000000000000000000e+00,0.000000000000000000e+00,6.828755700000000400e-06
1.619000000000000000e+03,1.000000000000000000e+00,0.000000000000000000e+00,2.389611199999999927e-05
1.619000000000000000e+03,2.000000000000000000e+00,0.000000000000000000e+00,7.079567840000000176e-06
1.620000000000000000e+03,1.000000000000000000e+00,0.000000000000000000e+00,1.853592129999999876e-05
1.620000000000000000e+03,2.000000000000000000e+00,0.000000000000000000e+00,7.141153349999999888e-06
1.621000000000000000e+03,1.000000000000000000e+00,0.000000000000000000e+00,1.596469430000000157e-05
1.622000000000000000e+03,1.000000000000000000e+00,0.000000000000000000e+00,6.424343080000000049e-06
1.622000000000000000e+03,2.000000000000000000e+00,0.000000000000000000e+00,8.455442539999999277e-06
1.623000000000000000e+03,1.000000000000000000e+00,0.000000000000000000e+00,5.289352729999999969e-06
1.623000000000000000e+03,2.000000000000000000e+00,0.000000000000000000e+00,7.112191950000000087e-06
1.624000000000000000e+03,1.000000000000000000e+00,0.000000000000000000e+00,1.571338460000000023e-05
1.624000000000000000e+03,2.000000000000000000e+00,0.000000000000000000e+00,6.695332100000000060e-06
1.625000000000000000e+03,1.000000000000000000e+00,0.000000000000000000e+00,1.887176620000000137e-05
1.625000000000000000e+03,2.000000000000000000e+00,0.000000000000000000e+00,7.417894629999999953e-06
1.626000000000000000e+03,1.000000000000000000e+00,0.000000000000000000e+00,2.050624429999999877e-05
1.627000000000000000e+03,1.000000000000000000e+00,0.000000000000000000e+00,2.473303310000000041e-05
1.627000000000000000e+03,2.000000000000000000e+00,0.000000000000000000e+00,2.559979330000000078e-05
1.628000000000000000e+03,1.000000000000000000e+00,0.000000000000000000e+00,1.111168160000000002e-05
1.628000000000000000e+03,2.000000000000000000e+00,0.000000000000000000e+00,1.400075700000000057e-05
1.629000000000000000e+03,1.000000000000000000e+00,0.000000000000000000e+00,3.054313780000000313e-05
1.629000000000000000e+03,2.000000000000000000e+00,0.000000000000000000e+00,1.289653519999999989e-05
1.630000000000000000e+03,1.000000000000000000e+00,0.000000000000000000e+00,3.820685739999999715e-05
1.630000000000000000e+03,2.000000000000000000e+00,0.000000000000000000e+00,1.226144999999999930e-05
1.631000000000000000e+03,1.000000000000000000e+00,0.000000000000000000e+00,4.081267289999999758e-05
1.631000000000000000e+03,2.000000000000000000e+00,0.000000000000000000e+00,8.839783219999999321e-06
1.632000000000000000e+03,1.000000000000000000e+00,0.000000000000000000e+00,3.656300609999999673e-05
1.632000000000000000e+03,2.000000000000000000e+00,0.000000000000000000e+00,7.372282959999999723e-06
1.633000000000000000e+03,1.000000000000000000e+00,0.000000000000000000e+00,2.815613569999999999e-05
1.633000000000000000e+03,2.000000000000000000e+00,0.000000000000000000e+00,6.602710309999999822e-06
1.634000000000000000e+03,1.000000000000000000e+00,0.000000000000000000e+00,2.034004709999999856e-05
1.635000000000000000e+03,1.000000000000000000e+00,0.000000000000000000e+00,1.564572260000000149e-05
1.635000000000000000e+03,2.000000000000000000e+00,0.000000000000000000e+00,1.423310219999999966e-05
1.636000000000000000e+03,1.000000000000000000e+00,0.000000000000000000e+00,1.263647430000000043e-05
1.636000000000000000e+03,2.000000000000000000e+00,0.000000000000000000e+00,1.200349010000000044e-05
1.637000000000000000e+03,1.000000000000000000e+00,0.000000000000000000e+00,2.747074929999999995e-05
1.637000000000000000e+03,2.000000000000000000e+00,0.000000000000000000e+00,1.219974010000000047e-05
1.638000000000000000e+03,1.000000000000000000e+00,0.000000000000000000e+00,3.301666869999999888e-05
1.638000000000000000e+03,2.000000000000000000e+00,0.000000000000000000e+00,1.137133509999999972e-05
1.639000000000000000e+03,1.000000000000000000e+00,0.000000000000000000e+00,3.431401860000000270e-05
1.639000000000000000e+03,2.000000000000000000e+00,0.000000000000000000e+00,7.456435060000000004e-06
1.640000000000000000e+03,1.000000000000000000e+00,0.000000000000000000e+00,2.900703339999999861e-05
1.640000000000000000e+03,2.000000000000000000e+00,0.000000000000000000e+00,5.535434779999999932e-06
1.641000000000000000e+03,1.000000000000000000e+00,0.000000000000000000e+00,1.749742049999999894e-05
1.641000000000000000e+03,2.000000000000000000e+00,0.000000000000000000e+00,6.441335060000000185e-06
1.642000000000000000e+03,1.000000000000000000e+00,0.000000000000000000e+00,1.113573460000000011e-05
1.643000000000000000e+03,1.000000000000000000e+00,0.000000000000000000e+00,3.572715520000000086e-06
1.644000000000000000e+03,1.000000000000000000e+00,0.000000000000000000e+00,1.885518549999999898e-05
1.645000000000000000e+03,1.000000000000000000e+00,0.000000000000000000e+00,2.288697170000000153e-05
1.645000000000000000e+03,2.000000000000000000e+00,0.000000000000000000e+00,8.651887909999999676e-06
1.646000000000000000e+03,1.000000000000000000e+00,0.000000000000000000e+00,2.901400389999999970e-05
1.646000000000000000e+03,2.000000000000000000e+00,0.000000000000000000e+00,9.144167939999999796e-06
1.647000000000000000e+03,1.000000000000000000e+00,0.000000000000000000e+00,2.958564780000000157e-05
1.647000000000000000e+03,2.000000000000000000e+00,0.000000000000000000e+00,8.337048409999999181e-06
1.648000000000000000e+03,1.000000000000000000e+00,0.000000000000000000e+00,2.658547749999999994e-05
1.648000000000000000e+03,2.000000000000000000e+00,0.000000000000000000e+00,6.068384130000000027e-06
1.649000000000000000e+03,1.000000000000000000e+00,0.000000000000000000e+00,2.129957380000000085e-05
1.650000000000000000e+03,1.000000000000000000e+00,0.000000000000000000e+00,1.567732680000000046e-05
1.650000000000000000e+03,2.000000000000000000e+00,0.000000000000000000e+00,1.731298440000000110e-05
1.651000000000000000e+03,1.000000000000000000e+00,0.000000000000000000e+00,1.002149849999999974e-05
1.651000000000000000e+03,2.000000000000000000e+00,0.000000000000000000e+00,1.085289369999999948e-05
1.652000000000000000e+03,1.000000000000000000e+00,0.000000000000000000e+00,2.506478590000000108e-05
1.652000000000000000e+03,2.000000000000000000e+00,0.000000000000000000e+00,1.168732340000000007e-05
1.653000000000000000e+03,1.000000000000000000e+00,0.000000000000000000e+00,3.256495140000000319e-05
1.653000000000000000e+03,2.000000000000000000e+00,0.000000000000000000e+00,1.056973730000000084e-05
1.654000000000000000e+03,1.000000000000000000e+00,0.000000000000000000e+00,3.281081259999999675e-05
1.654000000000000000e+03,2.000000000000000000e+00,0.000000000000000000e+00,9.059594839999999540e-06
1.655000000000000000e+03,1.000000000000000000e+00,0.000000000000000000e+00,2.768668550000000074e-05
1.655000000000000000e+03,2.000000000000000000e+00,0.000000000000000000e+00,7.538736880000000295e-06
1.656000000000000000e+03,1.000000000000000000e+00,0.000000000000000000e+00,2.395010039999999937e-05
1.657000000000000000e+03,1.000000000000000000e+00,0.000000000000000000e+00,3.251690169999999845e-06
1.657000000000000000e+03,2.000000000000000000e+00,0.000000000000000000e+00,1.080866719999999998e-05
1.658000000000000000e+03,1.000000000000000000e+00,0.000000000000000000e+00,4.242720610000000065e-06
1.658000000000000000e+03,2.000000000000000000e+00,0.000000000000000000e+00,5.938152690000000287e-06
1.659000000000000000e+03,1.000000000000000000e+00,0.000000000000000000e+00,1.530898960000000154e-05
1.659000000000000000e+03,2.000000000000000000e+00,0.000000000000000000e+00,7.563199830000000298e-06
1.660000000000000000e+03,1.000000000000000000e+00,0.000000000000000000e+00,2.082882140000000008e-05
1.660000000000000000e+03,2.000000000000000000e+00,0.000000000000000000e+00,7.667782750000000833e-06
1.661000000000000000e+03,1.000000000000000000e+00,0.000000000000000000e+00,2.269252279999999970e-05
1.661000000000000000e+03,2.000000000000000000e+00,0.000000000000000000e+00,5.847147510000000071e-06
1.662000000000000000e+03,1.000000000000000000e+00,0.000000000000000000e+00,2.006000190000000160e-05
1.663000000000000000e+03,1.000000000000000000e+00,0.000000000000000000e+00,2.735780270000000094e-05
1.663000000000000000e+03,2.000000000000000000e+00,0.000000000000000000e+00,2.554414029999999916e-05
1.664000000000000000e+03,1.000000000000000000e+00,0.000000000000000000e+00,1.590465469999999910e-05
1.664000000000000000e+03,2.000000000000000000e+00,0.000000000000000000e+00,1.423512669999999932e-05
1.665000000000000000e+03,1.000000000000000000e+00,0.000000000000000000e+00,3.570705229999999921e-05
1.665000000000000000e+03,2.000000000000000000e+00,0.000000000000000000e+00,1.511459830000000028e-05
1.666000000000000000e+03,1.000000000000000000e+00,0.000000000000000000e+00,4.309678730000000309e-05
1.666000000000000000e+03,2.000000000000000000e+00,0.000000000000000000e+00,1.543068329999999948e-05
1.667000000000000000e+03,1.000000000000000000e+00,0.000000000000000000e+00,4.400959149999999966e-05
1.667000000000000000e+03,2.000000000000000000e+00,0.000000000000000000e+00,1.171688319999999962e-05
1.668000000000000000e+03,1.000000000000000000e+00,0.000000000000000000e+00,3.912885570000000223e-05
1.668000000000000000e+03,2.000000000000000000e+00,0.000000000000000000e+00,7.274543740000000249e-06
1.669000000000000000e+03,1.000000000000000000e+00,0.000000000000000000e+00,2.912817689999999885e-05
1.670000000000000000e+03,1.000000000000000000e+00,0.000000000000000000e+00,2.382967970000000036e-05
1.670000000000000000e+03,2.000000000000000000e+00,0.000000000000000000e+00,2.395199730000000034e-05
1.671000000000000000e+03,1.000000000000000000e+00,0.000000000000000000e+00,1.801203260000000018e-05
1.671000000000000000e+03,2.000000000000000000e+00,0.000000000000000000e+00,1.494949529999999923e-05
1.672000000000000000e+03,1.000000000000000000e+00,0.000000000000000000e+00,3.902623999999999855e-05
1.672000000000000000e+03,2.000000000000000000e+00,0.000000000000000000e+00,1.705177130000000045e-05
1.673000000000000000e+03,1.000000000000000000e+00,0.000000000000000000e+00,4.857499469999999978e-05
1.673000000000000000e+03,2.000000000000000000e+00,0.000000000000000000e+00,1.597831380000000091e-05
1.674000000000000000e+03,1.000000000000000000e+00,0.000000000000000000e+00,4.735231339999999926e-05
1.674000000000000000e+03,2.000000000000000000e+00,0.000000000000000000e+00,1.389792600000000067e-05
1.675000000000000000e+03,1.000000000000000000e+00,0.000000000000000000e+00,4.127811819999999951e-05
1.675000000000000000e+03,2.000000000000000000e+00,0.000000000000000000e+00,8.851932709999999337e-06
1.676000000000000000e+03,1.000000000000000000e+00,0.000000000000000000e+00,2.939398249999999890e-05
1.676000000000000000e+03,2.000000000000000000e+00,0.000000000000000000e+00,5.889688230000000415e-06
1.677000000000000000e+03,1.000000000000000000e+00,0.000000000000000000e+00,2.129358480000000133e-05
1.678000000000000000e+03,1.000000000000000000e+00,0.000000000000000000e+00,1.716326200000000156e-05
1.678000000000000000e+03,2.000000000000000000e+00,0.000000000000000000e+00,4.986700900000000345e-06
1.679000000000000000e+03,1.000000000000000000e+00,0.000000000000000000e+00,9.810266170000000644e-06
1.680000000000000000e+03,1.000000000000000000e+00,0.000000000000000000e+00,1.591134150000000149e-05
1.681000000000000000e+03,1.000000000000000000e+00,0.000000000000000000e+00,4.226824490000000113e-05
1.681000000000000000e+03,2.000000000000000000e+00,0.000000000000000000e+00,1.116630200000000062e-05
1.682000000000000000e+03,1.000000000000000000e+00,0.000000000000000000e+00,3.331663930000000032e-05
1.682000000000000000e+03,2.000000000000000000e+00,0.000000000000000000e+00,1.423805389999999932e-05
1.683000000000000000e+03,1.000000000000000000e+00,0.000000000000000000e+00,3.994037840000000091e-05
1.683000000000000000e+03,2.000000000000000000e+00,0.000000000000000000e+00,1.544914989999999935e-05
1.684000000000000000e+03,1.000000000000000000e+00,0.000000000000000000e+00,4.303179980000000035e-05
1.684000000000000000e+03,2.000000000000000000e+00,0.000000000000000000e+00,9.885098430000000043e-06
1.685000000000000000e+03,1.000000000000000000e+00,0.000000000000000000e+00,3.608452280000000293e-05
1.685000000000000000e+03,2.000000000000000000e+00,0.000000000000000000e+00,7.738722959999999555e-06
1.686000000000000000e+03,1.000000000000000000e+00,0.000000000000000000e+00,2.598855119999999967e-05
1.687000000000000000e+03,1.000000000000000000e+00,0.000000000000000000e+00,3.130187569999999878e-05
1.687000000000000000e+03,2.000000000000000000e+00,0.000000000000000000e+00,2.631939569999999833e-05
1.688000000000000000e+03,1.000000000000000000e+00,0.000000000000000000e+00,2.161293340000000108e-05
1.688000000000000000e+03,2.000000000000000000e+00,0.000000000000000000e+00,1.830874099999999852e-05
1.689000000000000000e+03,1.000000000000000000e+00,0.000000000000000000e+00,4.204603370000000183e-05
1.689000000000000000e+03,2.000000000000000000e+00,0.000000000000000000e+00,2.093078209999999859e-05
1.690000000000000000e+03,1.000000000000000000e+00,0.000000000000000000e+00,5.260901320000000277e-05
1.690000000000000000e+03,2.000000000000000000e+00,0.000000000000000000e+00,1.706144809999999854e-05
1.691000000000000000e+03,1.000000000000000000e+00,0.000000000000000000e+00,5.121428049999999854e-05
1.691000000000000000e+03,2.000000000000000000e+00,0.000000000000000000e+00,1.309089499999999996e-05
1.692000000000000000e+03,1.000000000000000000e+00,0.000000000000000000e+00,4.334288969999999916e-05
1.692000000000000000e+03,2.000000000000000000e+00,0.000000000000000000e+00,8.226980119999999211e-06
1.693000000000000000e+03,1.000000000000000000e+00,0.000000000000000000e+00,3.000817050000000109e-05
1.694000000000000000e+03,1.000000000000000000e+00,0.000000000000000000e+00,2.826052530000000145e-05
1.694000000000000000e+03,2.000000000000000000e+00,0.000000000000000000e+00,2.438882930000000015e-05
1.695000000000000000e+03,1.000000000000000000e+00,0.000000000000000000e+00,2.414275399999999948e-05
1.695000000000000000e+03,2.000000000000000000e+00,0.000000000000000000e+00,1.696839419999999848e-05
1.696000000000000000e+03,1.000000000000000000e+00,0.000000000000000000e+00,4.574421010000000052e-05
1.696000000000000000e+03,2.000000000000000000e+00,0.000000000000000000e+00,2.061521980000000025e-05
1.697000000000000000e+03,1.000000000000000000e+00,0.000000000000000000e+00,5.655879349999999681e-05
1.697000000000000000e+03,2.000000000000000000e+00,0.000000000000000000e+00,1.812669820000000154e-05
1.698000000000000000e+03,1.000000000000000000e+00,0.000000000000000000e+00,5.452020270000000027e-05
1.698000000000000000e+03,2.000000000000000000e+00,0.000000000000000000e+00,1.508759020000000021e-05
1.699000000000000000e+03,1.000000000000000000e+00,0.000000000000000000e+00,4.529663149999999878e-05
1.699000000000000000e+03,2.000000000000000000e+00,0.000000000000000000e+00,1.070745820000000039e-05
1.700000000000000000e+03,1.000000000000000000e+00,0.000000000000000000e+00,3.475097330000000080e-05
1.701000000000000000e+03,1.000000000000000000e+00,0.000000000000000000e+00,1.437060030000000077e-05
1.701000000000000000e+03,2.000000000000000000e+00,0.000000000000000000e+00,1.925339730000000097e-05
1.702000000000000000e+03,1.000000000000000000e+00,0.000000000000000000e+00,9.826567309999999439e-06
1.702000000000000000e+03,2.000000000000000000e+00,0.000000000000000000e+00,1.610805820000000082e-05
1.703000000000000000e+03,1.000000000000000000e+00,0.000000000000000000e+00,3.273612850000000117e-05
1.703000000000000000e+03,2.000000000000000000e+00,0.000000000000000000e+00,1.367454139999999952e-05
1.704000000000000000e+03,1.000000000000000000e+00,0.000000000000000000e+00,3.941217020000000305e-05
1.704000000000000000e+03,2.000000000000000000e+00,0.000000000000000000e+00,1.422748829999999922e-05
1.705000000000000000e+03,1.000000000000000000e+00,0.000000000000000000e+00,3.951865340000000284e-05
1.705000000000000000e+03,2.000000000000000000e+00,0.000000000000000000e+00,1.100545680000000076e-05
1.706000000000000000e+03,1.000000000000000000e+00,0.000000000000000000e+00,3.432275170000000336e-05
1.706000000000000000e+03,2.000000000000000000e+00,0.000000000000000000e+00,6.717466190000000021e-06
1.707000000000000000e+03,1.000000000000000000e+00,0.000000000000000000e+00,2.359566309999999880e-05
1.708000000000000000e+03,1.000000000000000000e+00,0.000000000000000000e+00,2.947279389999999874e-05
1.708000000000000000e+03,2.000000000000000000e+00,0.000000000000000000e+00,2.370755849999999962e-05
1.709000000000000000e+03,1.000000000000000000e+00,0.000000000000000000e+00,2.268221029999999995e-05
1.709000000000000000e+03,2.000000000000000000e+00,0.000000000000000000e+00,1.631032150000000084e-05
1.710000000000000000e+03,1.000000000000000000e+00,0.000000000000000000e+00,4.251260120000000285e-05
1.710000000000000000e+03,2.000000000000000000e+00,0.000000000000000000e+00,1.924334149999999940e-05
1.711000000000000000e+03,1.000000000000000000e+00,0.000000000000000000e+00,5.230426489999999927e-05
1.711000000000000000e+03,2.000000000000000000e+00,0.000000000000000000e+00,1.707754249999999998e-05
1.712000000000000000e+03,1.000000000000000000e+00,0.000000000000000000e+00,5.330294999999999760e-05
1.712000000000000000e+03,2.000000000000000000e+00,0.000000000000000000e+00,1.191431789999999972e-05
1.713000000000000000e+03,1.000000000000000000e+00,0.000000000000000000e+00,4.246685629999999938e-05
1.713000000000000000e+03,2.000000000000000000e+00,0.000000000000000000e+00,1.079883610000000078e-05
1.714000000000000000e+03,1.000000000000000000e+00,0.000000000000000000e+00,3.375886130000000111e-05
1.715000000000000000e+03,1.000000000000000000e+00,0.000000000000000000e+00,1.302291809999999945e-05
1.715000000000000000e+03,2.000000000000000000e+00,0.000000000000000000e+00,1.852094380000000133e-05
1.716000000000000000e+03,1.000000000000000000e+00,0.000000000000000000e+00,1.233558569999999948e-05
1.716000000000000000e+03,2.000000000000000000e+00,0.000000000000000000e+00,1.221008919999999999e-05
1.717000000000000000e+03,1.000000000000000000e+00,0.000000000000000000e+00,3.077189829999999859e-05
1.717000000000000000e+03,2.000000000000000000e+00,0.000000000000000000e+00,1.473204559999999997e-05
1.718000000000000000e+03,1.000000000000000000e+00,0.000000000000000000e+00,4.111062279999999874e-05
1.718000000000000000e+03,2.000000000000000000e+00,0.000000000000000000e+00,1.300372750000000077e-05
1.719000000000000000e+03,1.000000000000000000e+00,0.000000000000000000e+00,4.008589319999999925e-05
1.719000000000000000e+03,2.000000000000000000e+00,0.000000000000000000e+00,1.245887420000000070e-05
1.720000000000000000e+03,1.000000000000000000e+00,0.000000000000000000e+00,3.517100570000000081e-05
1.720000000000000000e+03,2.000000000000000000e+00,0.000000000000000000e+00,8.550371540000000007e-06
1.721000000000000000e+03,1.000000000000000000e+00,0.000000000000000000e+00,2.583624560000000116e-05
1.722000000000000000e+03,1.000000000000000000e+00,0.000000000000000000e+00,2.811561090000000079e-05
1.722000000000000000e+03,2.000000000000000000e+00,0.000000000000000000e+00,2.373410940000000139e-05
1.723000000000000000e+03,1.000000000000000000e+00,0.000000000000000000e+00,2.058401680000000142e-05
1.723000000000000000e+03,2.000000000000000000e+00,0.000000000000000000e+00,1.793399609999999871e-05
1.724000000000000000e+03,1.000000000000000000e+00,0.000000000000000000e+00,4.555064990000000244e-05
1.724000000000000000e+03,2.000000000000000000e+00,0.000000000000000000e+00,1.690066719999999857e-05
1.725000000000000000e+03,1.000000000000000000e+00,0.000000000000000000e+00,5.512275620000000307e-05
1.725000000000000000e+03,2.000000000000000000e+00,0.000000000000000000e+00,1.646282689999999991e-05
1.726000000000000000e+03,1.000000000000000000e+00,0.000000000000000000e+00,5.343639350000000109e-05
1.726000000000000000e+03,2.000000000000000000e+00,0.000000000000000000e+00,1.490393619999999975e-05
1.727000000000000000e+03,1.000000000000000000e+00,0.000000000000000000e+00,4.656363980000000210e-05
1.727000000000000000e+03,2.000000000000000000e+00,0.000000000000000000e+00,9.989872359999999533e-06
1.728000000000000000e+03,1.000000000000000000e+00,0.000000000000000000e+00,3.417555510000000040e-05
1.728000000000000000e+03,2.000000000000000000e+00,0.000000000000000000e+00,6.123977260000000247e-06
1.729000000000000000e+03,1.000000000000000000e+00,0.000000000000000000e+00,2.026450220000000090e-05
1.730000000000000000e+03,1.000000000000000000e+00,0.000000000000000000e+00,1.381368160000000057e-05
1.730000000000000000e+03,2.000000000000000000e+00,0.000000000000000000e+00,9.898228060000000090e-06
1.731000000000000000e+03,1.000000000000000000e+00,0.000000000000000000e+00,1.400517179999999953e-05
1.731000000000000000e+03,2.000000000000000000e+00,0.000000000000000000e+00,1.277596899999999951e-05
1.732000000000000000e+03,1.000000000000000000e+00,0.000000000000000000e+00,2.970990720000000064e-05
1.732000000000000000e+03,2.000000000000000000e+00,0.000000000000000000e+00,1.169349659999999946e-05
1.733000000000000000e+03,1.000000000000000000e+00,0.000000000000000000e+00,3.482263390000000239e-05
1.733000000000000000e+03,2.000000000000000000e+00,0.000000000000000000e+00,1.132395719999999924e-05
1.734000000000000000e+03,1.000000000000000000e+00,0.000000000000000000e+00,3.454894979999999737e-05
1.734000000000000000e+03,2.000000000000000000e+00,0.000000000000000000e+00,8.470732549999999763e-06
1.735000000000000000e+03,1.000000000000000000e+00,0.000000000000000000e+00,2.862211369999999839e-05
1.735000000000000000e+03,2.000000000000000000e+00,0.000000000000000000e+00,6.213790929999999619e-06
1.736000000000000000e+03,1.000000000000000000e+00,0.000000000000000000e+00,2.140426279999999994e-05
1.737000000000000000e+03,1.000000000000000000e+00,0.000000000000000000e+00,1.360556219999999991e-05
1.737000000000000000e+03,2.000000000000000000e+00,0.000000000000000000e+00,1.466492850000000045e-05
1.738000000000000000e+03,1.000000000000000000e+00,0.000000000000000000e+00,1.239417530000000046e-05
1.738000000000000000e+03,2.000000000000000000e+00,0.000000000000000000e+00,8.984162709999999932e-06
1.739000000000000000e+03,1.000000000000000000e+00,0.000000000000000000e+00,2.615802469999999950e-05
1.739000000000000000e+03,2.000000000000000000e+00,0.000000000000000000e+00,1.133706080000000037e-05
1.740000000000000000e+03,1.000000000000000000e+00,0.000000000000000000e+00,3.204484060000000096e-05
1.740000000000000000e+03,2.000000000000000000e+00,0.000000000000000000e+00,1.174121450000000000e-05
1.741000000000000000e+03,1.000000000000000000e+00,0.000000000000000000e+00,3.267592550000000313e-05
1.741000000000000000e+03,2.000000000000000000e+00,0.000000000000000000e+00,9.226188929999999300e-06
1.742000000000000000e+03,1.000000000000000000e+00,0.000000000000000000e+00,2.921877079999999962e-05
1.742000000000000000e+03,2.000000000000000000e+00,0.000000000000000000e+00,5.706675159999999606e-06
1.743000000000000000e+03,1.000000000000000000e+00,0.000000000000000000e+00,2.301286749999999893e-05
1.744000000000000000e+03,1.000000000000000000e+00,0.000000000000000000e+00,9.326691940000000829e-06
1.744000000000000000e+03,2.000000000000000000e+00,0.000000000000000000e+00,1.388393470000000026e-05
1.745000000000000000e+03,1.000000000000000000e+00,0.000000000000000000e+00,6.441445150000000372e-06
1.745000000000000000e+03,2.000000000000000000e+00,0.000000000000000000e+00,9.596531380000000266e-06
1.746000000000000000e+03,1.000000000000000000e+00,0.000000000000000000e+00,2.356488569999999884e-05
1.746000000000000000e+03,2.000000000000000000e+00,0.000000000000000000e+00,7.562210910000000182e-06
1.747000000000000000e+03,1.000000000000000000e+00,0.000000000000000000e+00,2.853370239999999947e-05
1.747000000000000000e+03,2.000000000000000000e+00,0.000000000000000000e+00,9.649789270000000595e-06
1.748000000000000000e+03,1.000000000000000000e+00,0.000000000000000000e+00,2.903206770000000040e-05
1.748000000000000000e+03,2.000000000000000000e+00,0.000000000000000000e+00,8.932262249999999235e-06
1.749000000000000000e+03,1.000000000000000000e+00,0.000000000000000000e+00,2.556481340000000161e-05
1.749000000000000000e+03,2.000000000000000000e+00,0.000000000000000000e+00,6.744161959999999812e-06
1.750000000000000000e+03,1.000000000000000000e+00,0.000000000000000000e+00,1.976447620000000116e-05
1.751000000000000000e+03,1.000000000000000000e+00,0.000000000000000000e+00,2.133245180000000165e-05
1.751000000000000000e+03,2.000000000000000000e+00,0.000000000000000000e+00,1.897315079999999928e-05
1.752000000000000000e+03,1.000000000000000000e+00,0.000000000000000000e+00,1.415963440000000019e-05
1.752000000000000000e+03,2.000000000000000000e+00,0.000000000000000000e+00,1.341915770000000049e-05
1.753000000000000000e+03,1.000000000000000000e+00,0.000000000000000000e+00,3.178584870000000242e-05
1.753000000000000000e+03,2.000000000000000000e+00,0.000000000000000000e+00,1.343179740000000061e-05
1.754000000000000000e+03,1.000000000000000000e+00,0.000000000000000000e+00,4.037088960000000294e-05
1.754000000000000000e+03,2.000000000000000000e+00,0.000000000000000000e+00,1.135167450000000034e-05
1.755000000000000000e+03,1.000000000000000000e+00,0.000000000000000000e+00,3.756693029999999794e-05
1.755000000000000000e+03,2.000000000000000000e+00,0.000000000000000000e+00,1.147545250000000056e-05
1.756000000000000000e+03,1.000000000000000000e+00,0.000000000000000000e+00,3.447287299999999936e-05
1.756000000000000000e+03,2.000000000000000000e+00,0.000000000000000000e+00,5.816099239999999884e-06
1.757000000000000000e+03,1.000000000000000000e+00,0.000000000000000000e+00,2.399713440000000045e-05
1.758000000000000000e+03,1.000000000000000000e+00,0.000000000000000000e+00,2.549168960000000147e-05
1.758000000000000000e+03,2.000000000000000000e+00,0.000000000000000000e+00,2.249345910000000016e-05
1.759000000000000000e+03,1.000000000000000000e+00,0.000000000000000000e+00,1.698066510000000078e-05
1.759000000000000000e+03,2.000000000000000000e+00,0.000000000000000000e+00,1.612930330000000127e-05
1.760000000000000000e+03,1.000000000000000000e+00,0.000000000000000000e+00,3.844788789999999714e-05
1.760000000000000000e+03,2.000000000000000000e+00,0.000000000000000000e+00,1.517488130000000053e-05
1.761000000000000000e+03,1.000000000000000000e+00,0.000000000000000000e+00,4.430788129999999926e-05
1.761000000000000000e+03,2.000000000000000000e+00,0.000000000000000000e+00,1.614579880000000122e-05
1.762000000000000000e+03,1.000000000000000000e+00,0.000000000000000000e+00,4.410604430000000277e-05
1.762000000000000000e+03,2.000000000000000000e+00,0.000000000000000000e+00,1.214857389999999980e-05
1.763000000000000000e+03,1.000000000000000000e+00,0.000000000000000000e+00,3.642664259999999903e-05
1.763000000000000000e+03,2.000000000000000000e+00,0.000000000000000000e+00,8.484839870000000482e-06
1.764000000000000000e+03,1.000000000000000000e+00,0.000000000000000000e+00,2.729770259999999966e-05
1.765000000000000000e+03,1.000000000000000000e+00,0.000000000000000000e+00,1.228290159999999962e-05
1.765000000000000000e+03,2.000000000000000000e+00,0.000000000000000000e+00,1.502823740000000052e-05
1.766000000000000000e+03,1.000000000000000000e+00,0.000000000000000000e+00,1.068548589999999969e-05
1.766000000000000000e+03,2.000000000000000000e+00,0.000000000000000000e+00,1.206281329999999948e-05
1.767000000000000000e+03,1.000000000000000000e+00,0.000000000000000000e+00,2.965213769999999936e-05
1.767000000000000000e+03,2.000000000000000000e+00,0.000000000000000000e+00,1.050888090000000005e-05
1.768000000000000000e+03,1.000000000000000000e+00,0.000000000000000000e+00,3.329385049999999773e-05
1.768000000000000000e+03,2.000000000000000000e+00,0.000000000000000000e+00,1.307337580000000036e-05
1.769000000000000000e+03,1.000000000000000000e+00,0.000000000000000000e+00,3.324053949999999935e-05
1.769000000000000000e+03,2.000000000000000000e+00,0.000000000000000000e+00,9.975266559999999843e-06
1.770000000000000000e+03,1.000000000000000000e+00,0.000000000000000000e+00,2.832171959999999850e-05
1.770000000000000000e+03,2.000000000000000000e+00,0.000000000000000000e+00,5.913896920000000087e-06
1.771000000000000000e+03,1.000000000000000000e+00,0.000000000000000000e+00,1.931922649999999876e-05
1.772000000000000000e+03,1.000000000000000000e+00,0.000000000000000000e+00,1.912922700000000027e-05
1.772000000000000000e+03,2.000000000000000000e+00,0.000000000000000000e+00,1.557277019999999884e-05
1.773000000000000000e+03,1.000000000000000000e+00,0.000000000000000000e+00,1.602443179999999957e-05
1.773000000000000000e+03,2.000000000000000000e+00,0.000000000000000000e+00,1.214181020000000010e-05
1.774000000000000000e+03,1.000000000000000000e+00,0.000000000000000000e+00,2.923096909999999861e-05
1.774000000000000000e+03,2.000000000000000000e+00,0.000000000000000000e+00,1.496811590000000039e-05
1.775000000000000000e+03,1.000000000000000000e+00,0.000000000000000000e+00,3.639729679999999988e-05
1.775000000000000000e+03,2.000000000000000000e+00,0.000000000000000000e+00,1.214538729999999989e-05
1.776000000000000000e+03,1.000000000000000000e+00,0.000000000000000000e+00,3.611665850000000250e-05
1.776000000000000000e+03,2.000000000000000000e+00,0.000000000000000000e+00,8.293753779999999738e-06
1.777000000000000000e+03,1.000000000000000000e+00,0.000000000000000000e+00,2.982852269999999886e-05
1.777000000000000000e+03,2.000000000000000000e+00,0.000000000000000000e+00,5.684029930000000067e-06
1.778000000000000000e+03,1.000000000000000000e+00,0.000000000000000000e+00,2.138144379999999876e-05
1.779000000000000000e+03,1.000000000000000000e+00,0.000000000000000000e+00,1.618415190000000042e-05
1.779000000000000000e+03,2.000000000000000000e+00,0.000000000000000000e+00,1.599046800000000128e-05
1.780000000000000000e+03,1.000000000000000000e+00,0.000000000000000000e+00,1.333158879999999958e-05
1.780000000000000000e+03,2.000000000000000000e+00,0.000000000000000000e+00,1.052506370000000028e-05
1.781000000000000000e+03,1.000000000000000000e+00,0.000000000000000000e+00,2.825746439999999969e-05
1.781000000000000000e+03,2.000000000000000000e+00,0.000000000000000000e+00,1.222708520000000074e-05
1.782000000000000000e+03,1.000000000000000000e+00,0.000000000000000000e+00,3.487642969999999755e-05
1.782000000000000000e+03,2.000000000000000000e+00,0.000000000000000000e+00,1.176239439999999941e-05
1.783000000000000000e+03,1.000000000000000000e+00,0.000000000000000000e+00,3.352767389999999811e-05
1.783000000000000000e+03,2.000000000000000000e+00,0.000000000000000000e+00,1.051115659999999953e-05
1.784000000000000000e+03,1.000000000000000000e+00,0.000000000000000000e+00,3.024141470000000107e-05
1.784000000000000000e+03,2.000000000000000000e+00,0.000000000000000000e+00,5.619315579999999903e-06
1.785000000000000000e+03,1.000000000000000000e+00,0.000000000000000000e+00,2.234635300000000150e-05
1.786000000000000000e+03,1.000000000000000000e+00,0.000000000000000000e+00,1.202825059999999920e-05
1.786000000000000000e+03,2.000000000000000000e+00,0.000000000000000000e+00,1.389945410000000044e-05
1.787000000000000000e+03,1.000000000000000000e+00,0.000000000000000000e+00,1.089463960000000034e-05
1.787000000000000000e+03,2.000000000000000000e+00,0.000000000000000000e+00,9.144670670000000419e-06
1.788000000000000000e+03,1.000000000000000000e+00,0.000000000000000000e+00,2.080677059999999965e-05
1.788000000000000000e+03,2.000000000000000000e+00,0.000000000000000000e+00,1.298682500000000080e-05
1.789000000000000000e+03,1.000000000000000000e+00,0.000000000000000000e+00,2.744572539999999862e-05
1.789000000000000000e+03,2.000000000000000000e+00,0.000000000000000000e+00,9.501231050000000380e-06
1.790000000000000000e+03,1.000000000000000000e+00,0.000000000000000000e+00,2.609116260000000087e-05
1.790000000000000000e+03,2.000000000000000000e+00,0.000000000000000000e+00,6.820943740000000052e-06
1.791000000000000000e+03,1.000000000000000000e+00,0.000000000000000000e+00,2.039047439999999931e-05
1.792000000000000000e+03,1.000000000000000000e+00,0.000000000000000000e+00,2.764645489999999895e-05
1.792000000000000000e+03,2.000000000000000000e+00,0.000000000000000000e+00,2.381272720000000029e-05
1.793000000000000000e+03,1.000000000000000000e+00,0.000000000000000000e+00,1.548361980000000012e-05
1.793000000000000000e+03,2.000000000000000000e+00,0.000000000000000000e+00,1.654120659999999950e-05
1.794000000000000000e+03,1.000000000000000000e+00,0.000000000000000000e+00,3.691214360000000250e-05
1.794000000000000000e+03,2.000000000000000000e+00,0.000000000000000000e+00,1.453028179999999966e-05
1.795000000000000000e+03,1.000000000000000000e+00,0.000000000000000000e+00,4.376698089999999931e-05
1.795000000000000000e+03,2.000000000000000000e+00,0.000000000000000000e+00,1.424873939999999940e-05
1.796000000000000000e+03,1.000000000000000000e+00,0.000000000000000000e+00,4.173240230000000074e-05
1.796000000000000000e+03,2.000000000000000000e+00,0.000000000000000000e+00,1.217238489999999956e-05
1.797000000000000000e+03,1.000000000000000000e+00,0.000000000000000000e+00,3.542174519999999967e-05
1.797000000000000000e+03,2.000000000000000000e+00,0.000000000000000000e+00,7.464293669999999957e-06
1.798000000000000000e+03,1.000000000000000000e+00,0.000000000000000000e+00,2.693528209999999844e-05
1.799000000000000000e+03,1.000000000000000000e+00,0.000000000000000000e+00,5.059085760000000416e-06
1.799000000000000000e+03,2.000000000000000000e+00,0.000000000000000000e+00,1.119643610000000016e-05
1.800000000000000000e+03,1.000000000000000000e+00,0.000000000000000000e+00,7.836385759999999219e-06
1.800000000000000000e+03,2.000000000000000000e+00,0.000000000000000000e+00,7.165479659999999744e-06
1.801000000000000000e+03,1.000000000000000000e+00,0.000000000000000000e+00,1.918899649999999916e-05
1.801000000000000000e+03,2.000000000000000000e+00,0.000000000000000000e+00,1.041735529999999962e-05
1.802000000000000000e+03,1.000000000000000000e+00,0.000000000000000000e+00,2.680752010000000005e-05
1.802000000000000000e+03,2.000000000000000000e+00,0.000000000000000000e+00,8.830308800000000554e-06
1.803000000000000000e+03,1.000000000000000000e+00,0.000000000000000000e+00,2.624620900000000084e-05
1.803000000000000000e+03,2.000000000000000000e+00,0.000000000000000000e+00,8.390282910000000001e-06
1.804000000000000000e+03,1.000000000000000000e+00,0.000000000000000000e+00,2.262615819999999861e-05
1.804000000000000000e+03,2.000000000000000000e+00,0.000000000000000000e+00,6.034883020000000260e-06
1.805000000000000000e+03,1.000000000000000000e+00,0.000000000000000000e+00,1.694971709999999946e-05
1.806000000000000000e+03,1.000000000000000000e+00,0.000000000000000000e+00,1.659620149999999953e-05
1.806000000000000000e+03,2.000000000000000000e+00,0.000000000000000000e+00,1.443393180000000015e-05
1.807000000000000000e+03,1.000000000000000000e+00,0.000000000000000000e+00,1.156376960000000083e-05
1.807000000000000000e+03,2.000000000000000000e+00,0.000000000000000000e+00,1.126969060000000049e-05
1.808000000000000000e+03,1.000000000000000000e+00,0.000000000000000000e+00,2.391535850000000126e-05
1.808000000000000000e+03,2.000000000000000000e+00,0.000000000000000000e+00,1.204358909999999919e-05
1.809000000000000000e+03,1.000000000000000000e+00,0.000000000000000000e+00,3.148809549999999862e-05
1.809000000000000000e+03,2.000000000000000000e+00,0.000000000000000000e+00,8.277460290000000529e-06
1.810000000000000000e+03,1.000000000000000000e+00,0.000000000000000000e+00,2.980363010000000075e-05
1.810000000000000000e+03,2.000000000000000000e+00,0.000000000000000000e+00,7.295196779999999805e-06
1.811000000000000000e+03,1.000000000000000000e+00,0.000000000000000000e+00,2.533058519999999988e-05
1.812000000000000000e+03,1.000000000000000000e+00,0.000000000000000000e+00,2.722361930000000152e-05
1.812000000000000000e+03,2.000000000000000000e+00,0.000000000000000000e+00,2.687861859999999932e-05
1.813000000000000000e+03,1.000000000000000000e+00,0.000000000000000000e+00,1.780201890000000035e-05
1.813000000000000000e+03,2.000000000000000000e+00,0.000000000000000000e+00,1.442491659999999981e-05
1.814000000000000000e+03,1.000000000000000000e+00,0.000000000000000000e+00,3.769480130000000124e-05
1.814000000000000000e+03,2.000000000000000000e+00,0.000000000000000000e+00,1.727699219999999874e-05
1.815000000000000000e+03,1.000000000000000000e+00,0.000000000000000000e+00,4.621336969999999679e-05
1.815000000000000000e+03,2.000000000000000000e+00,0.000000000000000000e+00,1.687630249999999985e-05
1.816000000000000000e+03,1.000000000000000000e+00,0.000000000000000000e+00,4.681080059999999875e-05
1.816000000000000000e+03,2.000000000000000000e+00,0.000000000000000000e+00,1.259219820000000057e-05
1.817000000000000000e+03,1.000000000000000000e+00,0.000000000000000000e+00,3.905781959999999893e-05
1.817000000000000000e+03,2.000000000000000000e+00,0.000000000000000000e+00,8.999916200000000329e-06
1.818000000000000000e+03,1.000000000000000000e+00,0.000000000000000000e+00,2.878249679999999954e-05
1.819000000000000000e+03,1.000000000000000000e+00,0.000000000000000000e+00,2.012618929999999856e-05
1.819000000000000000e+03,2.000000000000000000e+00,0.000000000000000000e+00,1.996318730000000151e-05
1.820000000000000000e+03,1.000000000000000000e+00,0.000000000000000000e+00,1.547260069999999946e-05
1.820000000000000000e+03,2.000000000000000000e+00,0.000000000000000000e+00,1.567973549999999874e-05
1.821000000000000000e+03,1.000000000000000000e+00,0.000000000000000000e+00,3.835668229999999708e-05
1.821000000000000000e+03,2.000000000000000000e+00,0.000000000000000000e+00,1.409039529999999927e-05
1.822000000000000000e+03,1.000000000000000000e+00,0.000000000000000000e+00,4.543112800000000275e-05
1.822000000000000000e+03,2.000000000000000000e+00,0.000000000000000000e+00,1.508520269999999921e-05
1.823000000000000000e+03,1.000000000000000000e+00,0.000000000000000000e+00,4.527570160000000330e-05
1.823000000000000000e+03,2.000000000000000000e+00,0.000000000000000000e+00,1.230257539999999945e-05
1.824000000000000000e+03,1.000000000000000000e+00,0.000000000000000000e+00,3.721724419999999689e-05
1.824000000000000000e+03,2.000000000000000000e+00,0.000000000000000000e+00,9.634011030000000838e-06
1.825000000000000000e+03,1.000000000000000000e+00,0.000000000000000000e+00,2.741405920000000005e-05
1.826000000000000000e+03,1.000000000000000000e+00,0.000000000000000000e+00,2.503312489999999935e-05
1.826000000000000000e+03,2.000000000000000000e+00,0.000000000000000000e+00,2.193857490000000033e-05
1.827000000000000000e+03,1.000000000000000000e+00,0.000000000000000000e+00,1.861534489999999928e-05
1.827000000000000000e+03,2.000000000000000000e+00,0.000000000000000000e+00,1.730830319999999970e-05
1.828000000000000000e+03,1.000000000000000000e+00,0.000000000000000000e+00,3.892231889999999870e-05
1.828000000000000000e+03,2.000000000000000000e+00,0.000000000000000000e+00,1.851472559999999879e-05
1.829000000000000000e+03,1.000000000000000000e+00,0.000000000000000000e+00,4.780434829999999846e-05
1.829000000000000000e+03,2.000000000000000000e+00,0.000000000000000000e+00,1.597697350000000052e-05
1.830000000000000000e+03,1.000000000000000000e+00,0.000000000000000000e+00,4.747821040000000270e-05
1.830000000000000000e+03,2.000000000000000000e+00,0.000000000000000000e+00,1.135127119999999977e-05
1.831000000000000000e+03,1.000000000000000000e+00,0.000000000000000000e+00,3.887653099999999765e-05
1.831000000000000000e+03,2.000000000000000000e+00,0.000000000000000000e+00,8.199058549999999762e-06
1.832000000000000000e+03,1.000000000000000000e+00,0.000000000000000000e+00,2.818750500000000110e-05
1.833000000000000000e+03,1.000000000000000000e+00,0.000000000000000000e+00,2.028472629999999836e-05
1.833000000000000000e+03,2.000000000000000000e+00,0.000000000000000000e+00,1.998022759999999905e-05
1.834000000000000000e+03,1.000000000000000000e+00,0.000000000000000000e+00,1.830739650000000069e-05
1.834000000000000000e+03,2.000000000000000000e+00,0.000000000000000000e+00,1.315846409999999925e-05
1.835000000000000000e+03,1.000000000000000000e+00,0.000000000000000000e+00,3.719395469999999871e-05
1.835000000000000000e+03,2.000000000000000000e+00,0.000000000000000000e+00,1.619708079999999928e-05
1.836000000000000000e+03,1.000000000000000000e+00,0.000000000000000000e+00,4.561435480000000192e-05
1.836000000000000000e+03,2.000000000000000000e+00,0.000000000000000000e+00,1.586473710000000024e-05
1.837000000000000000e+03,1.000000000000000000e+00,0.000000000000000000e+00,4.476943899999999866e-05
1.837000000000000000e+03,2.000000000000000000e+00,0.000000000000000000e+00,1.330733970000000007e-05
1.838000000000000000e+03,1.000000000000000000e+00,0.000000000000000000e+00,3.986950979999999916e-05
1.838000000000000000e+03,2.000000000000000000e+00,0.000000000000000000e+00,7.661210720000000366e-06
1.839000000000000000e+03,1.000000000000000000e+00,0.000000000000000000e+00,3.003736559999999864e-05
1.840000000000000000e+03,1.000000000000000000e+00,0.000000000000000000e+00,1.542565630000000153e-05
1.840000000000000000e+03,2.000000000000000000e+00,0.000000000000000000e+00,1.875650700000000158e-05
1.841000000000000000e+03,1.000000000000000000e+00,0.000000000000000000e+00,1.365147320000000069e-05
1.841000000000000000e+03,2.000000000000000000e+00,0.000000000000000000e+00,1.244388059999999949e-05
1.842000000000000000e+03,1.000000000000000000e+00,0.000000000000000000e+00,3.235886850000000336e-05
1.842000000000000000e+03,2.000000000000000000e+00,0.000000000000000000e+00,1.428950710000000007e-05
1.843000000000000000e+03,1.000000000000000000e+00,0.000000000000000000e+00,4.074456370000000292e-05
1.843000000000000000e+03,2.000000000000000000e+00,0.000000000000000000e+00,1.382857760000000010e-05
1.844000000000000000e+03,1.000000000000000000e+00,0.000000000000000000e+00,4.124278729999999679e-05
1.844000000000000000e+03,2.000000000000000000e+00,0.000000000000000000e+00,1.128557929999999987e-05
1.845000000000000000e+03,1.000000000000000000e+00,0.000000000000000000e+00,3.612472689999999880e-05
1.845000000000000000e+03,2.000000000000000000e+00,0.000000000000000000e+00,7.975736449999999591e-06
1.846000000000000000e+03,1.000000000000000000e+00,0.000000000000000000e+00,2.689763349999999974e-05
1.847000000000000000e+03,1.000000000000000000e+00,0.000000000000000000e+00,2.982639820000000067e-05
1.847000000000000000e+03,2.000000000000000000e+00,0.000000000000000000e+00,2.615975050000000110e-05
1.848000000000000000e+03,1.000000000000000000e+00,0.000000000000000000e+00,2.161676869999999982e-05
1.848000000000000000e+03,2.000000000000000000e+00,0.000000000000000000e+00,1.751405340000000010e-05
1.849000000000000000e+03,1.000000000000000000e+00,0.000000000000000000e+00,4.486889049999999728e-05
1.849000000000000000e+03,2.000000000000000000e+00,0.000000000000000000e+00,1.928194269999999861e-05
1.850000000000000000e+03,1.000000000000000000e+00,0.000000000000000000e+00,5.634033540000000216e-05
1.850000000000000000e+03,2.000000000000000000e+00,0.000000000000000000e+00,1.698505049999999897e-05
1.851000000000000000e+03,1.000000000000000000e+00,0.000000000000000000e+00,5.442262619999999729e-05
1.851000000000000000e+03,2.000000000000000000e+00,0.000000000000000000e+00,1.480742480000000006e-05
1.852000000000000000e+03,1.000000000000000000e+00,0.000000000000000000e+00,4.486523690000000162e-05
1.852000000000000000e+03,2.000000000000000000e+00,0.000000000000000000e+00,1.114710010000000033e-05
1.853000000000000000e+03,1.000000000000000000e+00,0.000000000000000000e+00,3.462517950000000241e-05
1.854000000000000000e+03,1.000000000000000000e+00,0.000000000000000000e+00,1.542937449999999858e-05
1.854000000000000000e+03,2.000000000000000000e+00,0.000000000000000000e+00,1.984220589999999932e-05
1.855000000000000000e+03,1.000000000000000000e+00,0.000000000000000000e+00,1.271976669999999965e-05
1.855000000000000000e+03,2.000000000000000000e+00,0.000000000000000000e+00,1.425718490000000034e-05
1.856000000000000000e+03,1.000000000000000000e+00,0.000000000000000000e+00,3.324480020000000047e-05
1.856000000000000000e+03,2.000000000000000000e+00,0.000000000000000000e+00,1.526996970000000096e-05
1.857000000000000000e+03,1.000000000000000000e+00,0.000000000000000000e+00,4.184711089999999968e-05
1.857000000000000000e+03,2.000000000000000000e+00,0.000000000000000000e+00,1.493855479999999994e-05
1.858000000000000000e+03,1.000000000000000000e+00,0.000000000000000000e+00,4.205749679999999695e-05
1.858000000000000000e+03,2.000000000000000000e+00,0.000000000000000000e+00,1.212860179999999998e-05
1.859000000000000000e+03,1.000000000000000000e+00,0.000000000000000000e+00,3.538720859999999708e-05
1.859000000000000000e+03,2.000000000000000000e+00,0.000000000000000000e+00,8.781804480000000510e-06
1.860000000000000000e+03,1.000000000000000000e+00,0.000000000000000000e+00,2.697103370000000132e-05
1.861000000000000000e+03,1.000000000000000000e+00,0.000000000000000000e+00,1.589955280000000093e-05
1.861000000000000000e+03,2.000000000000000000e+00,0.000000000000000000e+00,1.718100940000000140e-05
1.862000000000000000e+03,1.000000000000000000e+00,0.000000000000000000e+00,1.350165039999999948e-05
1.862000000000000000e+03,2.000000000000000000e+00,0.000000000000000000e+00,1.299023329999999983e-05
1.863000000000000000e+03,1.000000000000000000e+00,0.000000000000000000e+00,3.422028370000000311e-05
1.863000000000000000e+03,2.000000000000000000e+00,0.000000000000000000e+00,1.203764860000000070e-05
1.864000000000000000e+03,1.000000000000000000e+00,0.000000000000000000e+00,4.142168399999999974e-05
1.864000000000000000e+03,2.000000000000000000e+00,0.000000000000000000e+00,1.327336599999999932e-05
1.865000000000000000e+03,1.000000000000000000e+00,0.000000000000000000e+00,4.146928090000000266e-05
1.865000000000000000e+03,2.000000000000000000e+00,0.000000000000000000e+00,1.178618980000000018e-05
1.866000000000000000e+03,1.000000000000000000e+00,0.000000000000000000e+00,3.564790319999999941e-05
1.866000000000000000e+03,2.000000000000000000e+00,0.000000000000000000e+00,8.919179000000000142e-06
1.867000000000000000e+03,1.000000000000000000e+00,0.000000000000000000e+00,2.701162599999999846e-05
1.868000000000000000e+03,1.000000000000000000e+00,0.000000000000000000e+00,2.610166370000000121e-05
1.868000000000000000e+03,2.000000000000000000e+00,0.000000000000000000e+00,2.341959259999999962e-05
1.869000000000000000e+03,1.000000000000000000e+00,0.000000000000000000e+00,1.962856359999999882e-05
1.869000000000000000e+03,2.000000000000000000e+00,0.000000000000000000e+00,1.660712310000000014e-05
1.870000000000000000e+03,1.000000000000000000e+00,0.000000000000000000e+00,4.113018540000000007e-05
1.870000000000000000e+03,2.000000000000000000e+00,0.000000000000000000e+00,1.826873280000000050e-05
1.871000000000000000e+03,1.000000000000000000e+00,0.000000000000000000e+00,5.032394139999999967e-05
1.871000000000000000e+03,2.000000000000000000e+00,0.000000000000000000e+00,1.705981280000000124e-05
1.872000000000000000e+03,1.000000000000000000e+00,0.000000000000000000e+00,5.125111190000000255e-05
1.872000000000000000e+03,2.000000000000000000e+00,0.000000000000000000e+00,1.223878310000000056e-05
1.873000000000000000e+03,1.000000000000000000e+00,0.000000000000000000e+00,4.275291569999999748e-05
1.873000000000000000e+03,2.000000000000000000e+00,0.000000000000000000e+00,9.338584419999999643e-06
1.874000000000000000e+03,1.000000000000000000e+00,0.000000000000000000e+00,3.214817590000000104e-05
1.875000000000000000e+03,1.000000000000000000e+00,0.000000000000000000e+00,2.415349259999999948e-05
1.875000000000000000e+03,2.000000000000000000e+00,0.000000000000000000e+00,2.458659379999999974e-05
1.876000000000000000e+03,1.000000000000000000e+00,0.000000000000000000e+00,1.884486679999999962e-05
1.876000000000000000e+03,2.000000000000000000e+00,0.000000000000000000e+00,1.606302829999999994e-05
1.877000000000000000e+03,1.000000000000000000e+00,0.000000000000000000e+00,4.219970599999999823e-05
1.877000000000000000e+03,2.000000000000000000e+00,0.000000000000000000e+00,1.778751180000000167e-05
1.878000000000000000e+03,1.000000000000000000e+00,0.000000000000000000e+00,5.211584219999999807e-05
1.878000000000000000e+03,2.000000000000000000e+00,0.000000000000000000e+00,1.753018769999999932e-05
1.879000000000000000e+03,1.000000000000000000e+00,0.000000000000000000e+00,5.106866720000000076e-05
1.879000000000000000e+03,2.000000000000000000e+00,0.000000000000000000e+00,1.531106480000000089e-05
1.880000000000000000e+03,1.000000000000000000e+00,0.000000000000000000e+00,4.549200759999999960e-05
1.880000000000000000e+03,2.000000000000000000e+00,0.000000000000000000e+00,9.110736490000000728e-06
1.881000000000000000e+03,1.000000000000000000e+00,0.000000000000000000e+00,3.374892480000000328e-05
1.882000000000000000e+03,1.000000000000000000e+00,0.000000000000000000e+00,2.352948120000000019e-05
1.882000000000000000e+03,2.000000000000000000e+00,0.000000000000000000e+00,2.427162509999999983e-05
1.883000000000000000e+03,1.000000000000000000e+00,0.000000000000000000e+00,1.877095480000000072e-05
1.883000000000000000e+03,2.000000000000000000e+00,0.000000000000000000e+00,1.722390209999999995e-05
1.884000000000000000e+03,1.000000000000000000e+00,0.000000000000000000e+00,4.453349890000000212e-05
1.884000000000000000e+03,2.000000000000000000e+00,0.000000000000000000e+00,1.723953269999999862e-05
1.885000000000000000e+03,1.000000000000000000e+00,0.000000000000000000e+00,5.320742280000000123e-05
1.885000000000000000e+03,2.000000000000000000e+00,0.000000000000000000e+00,1.837395440000000121e-05
1.886000000000000000e+03,1.000000000000000000e+00,0.000000000000000000e+00,5.342853840000000222e-05
1.886000000000000000e+03,2.000000000000000000e+00,0.000000000000000000e+00,1.480240139999999993e-05
1.887000000000000000e+03,1.000000000000000000e+00,0.000000000000000000e+00,4.547216189999999921e-05
1.887000000000000000e+03,2.000000000000000000e+00,0.000000000000000000e+00,1.058951750000000038e-05
1.888000000000000000e+03,1.000000000000000000e+00,0.000000000000000000e+00,3.296086059999999834e-05
1.888000000000000000e+03,2.000000000000000000e+00,0.000000000000000000e+00,6.331451899999999864e-06
1.889000000000000000e+03,1.000000000000000000e+00,0.000000000000000000e+00,1.946764450000000151e-05
1.890000000000000000e+03,1.000000000000000000e+00,0.000000000000000000e+00,9.060523000000000326e-06
1.890000000000000000e+03,2.000000000000000000e+00,0.000000000000000000e+00,6.591255979999999878e-06
1.891000000000000000e+03,1.000000000000000000e+00,0.000000000000000000e+00,9.834498820000000833e-06
1.891000000000000000e+03,2.000000000000000000e+00,0.000000000000000000e+00,1.183897159999999996e-05
1.892000000000000000e+03,1.000000000000000000e+00,0.000000000000000000e+00,2.522545009999999912e-05
1.892000000000000000e+03,2.000000000000000000e+00,0.000000000000000000e+00,8.432278690000000131e-06
1.893000000000000000e+03,1.000000000000000000e+00,0.000000000000000000e+00,3.146631350000000086e-05
1.893000000000000000e+03,2.000000000000000000e+00,0.000000000000000000e+00,7.479556080000000274e-06
1.894000000000000000e+03,1.000000000000000000e+00,0.000000000000000000e+00,3.248212600000000309e-05
1.894000000000000000e+03,2.000000000000000000e+00,0.000000000000000000e+00,6.412375519999999932e-06
1.895000000000000000e+03,1.000000000000000000e+00,0.000000000000000000e+00,2.548004570000000102e-05
1.895000000000000000e+03,2.000000000000000000e+00,0.000000000000000000e+00,8.257499680000000670e-06
1.896000000000000000e+03,1.000000000000000000e+00,0.000000000000000000e+00,1.958157900000000160e-05
1.897000000000000000e+03,1.000000000000000000e+00,0.000000000000000000e+00,3.091529119999999716e-05
1.897000000000000000e+03,2.000000000000000000e+00,0.000000000000000000e+00,2.347762390000000105e-05
1.898000000000000000e+03,1.000000000000000000e+00,0.000000000000000000e+00,2.306419859999999934e-05
1.898000000000000000e+03,2.000000000000000000e+00,0.000000000000000000e+00,1.593189109999999936e-05
1.899000000000000000e+03,1.000000000000000000e+00,0.000000000000000000e+00,4.177247130000000247e-05
1.899000000000000000e+03,2.000000000000000000e+00,0.000000000000000000e+00,1.901048340000000028e-05
1.900000000000000000e+03,1.000000000000000000e+00,0.000000000000000000e+00,5.165301649999999670e-05
1.900000000000000000e+03,2.000000000000000000e+00,0.000000000000000000e+00,1.660192490000000120e-05
1.901000000000000000e+03,1.000000000000000000e+00,0.000000000000000000e+00,5.357684519999999801e-05
1.901000000000000000e+03,2.000000000000000000e+00,0.000000000000000000e+00,1.146860139999999976e-05
1.902000000000000000e+03,1.000000000000000000e+00,0.000000000000000000e+00,4.528525160000000053e-05
1.902000000000000000e+03,2.000000000000000000e+00,0.000000000000000000e+00,9.639522820000000821e-06
1.903000000000000000e+03,1.000000000000000000e+00,0.000000000000000000e+00,3.492276089999999880e-05
1.903000000000000000e+03,2.000000000000000000e+00,0.000000000000000000e+00,5.708734769999999786e-06
1.904000000000000000e+03,1.000000000000000000e+00,0.000000000000000000e+00,2.091847500000000134e-05
1.905000000000000000e+03,1.000000000000000000e+00,0.000000000000000000e+00,2.221409710000000139e-05
1.905000000000000000e+03,2.000000000000000000e+00,0.000000000000000000e+00,1.590403569999999917e-05
1.906000000000000000e+03,1.000000000000000000e+00,0.000000000000000000e+00,2.064191460000000097e-05
1.906000000000000000e+03,2.000000000000000000e+00,0.000000000000000000e+00,1.367199899999999947e-05
1.907000000000000000e+03,1.000000000000000000e+00,0.000000000000000000e+00,3.614856800000000060e-05
1.907000000000000000e+03,2.000000000000000000e+00,0.000000000000000000e+00,1.620116370000000003e-05
1.908000000000000000e+03,1.000000000000000000e+00,0.000000000000000000e+00,4.273094700000000306e-05
1.908000000000000000e+03,2.000000000000000000e+00,0.000000000000000000e+00,1.444094659999999973e-05
1.909000000000000000e+03,1.000000000000000000e+00,0.000000000000000000e+00,4.059693190000000014e-05
1.909000000000000000e+03,2.000000000000000000e+00,0.000000000000000000e+00,1.120570869999999993e-05
1.910000000000000000e+03,1.000000000000000000e+00,0.000000000000000000e+00,3.398047960000000325e-05
1.910000000000000000e+03,2.000000000000000000e+00,0.000000000000000000e+00,6.607280990000000113e-06
1.911000000000000000e+03,1.000000000000000000e+00,0.000000000000000000e+00,2.504141939999999887e-05
1.912000000000000000e+03,1.000000000000000000e+00,0.000000000000000000e+00,5.597282089999999797e-06
1.912000000000000000e+03,2.000000000000000000e+00,0.000000000000000000e+00,1.042901500000000064e-05
1.913000000000000000e+03,1.000000000000000000e+00,0.000000000000000000e+00,7.592072039999999917e-06
1.913000000000000000e+03,2.000000000000000000e+00,0.000000000000000000e+00,8.136547069999999798e-06
1.914000000000000000e+03,1.000000000000000000e+00,0.000000000000000000e+00,2.103330130000000161e-05
1.914000000000000000e+03,2.000000000000000000e+00,0.000000000000000000e+00,8.864656689999999398e-06
1.915000000000000000e+03,1.000000000000000000e+00,0.000000000000000000e+00,2.609049969999999882e-05
1.915000000000000000e+03,2.000000000000000000e+00,0.000000000000000000e+00,9.340422029999999201e-06
1.916000000000000000e+03,1.000000000000000000e+00,0.000000000000000000e+00,2.511030360000000031e-05
1.916000000000000000e+03,2.000000000000000000e+00,0.000000000000000000e+00,8.284398820000000207e-06
1.917000000000000000e+03,1.000000000000000000e+00,0.000000000000000000e+00,2.025764630000000132e-05
1.917000000000000000e+03,2.000000000000000000e+00,0.000000000000000000e+00,5.865997669999999632e-06
1.918000000000000000e+03,1.000000000000000000e+00,0.000000000000000000e+00,1.398460240000000014e-05
1.919000000000000000e+03,1.000000000000000000e+00,0.000000000000000000e+00,1.460482900000000050e-05
1.919000000000000000e+03,2.000000000000000000e+00,0.000000000000000000e+00,1.092934609999999963e-05
1.920000000000000000e+03,1.000000000000000000e+00,0.000000000000000000e+00,1.232477479999999936e-05
1.920000000000000000e+03,2.000000000000000000e+00,0.000000000000000000e+00,9.637967109999999367e-06
1.921000000000000000e+03,1.000000000000000000e+00,0.000000000000000000e+00,2.297909270000000098e-05
1.921000000000000000e+03,2.000000000000000000e+00,0.000000000000000000e+00,1.091468340000000064e-05
1.922000000000000000e+03,1.000000000000000000e+00,0.000000000000000000e+00,2.976217840000000068e-05
1.922000000000000000e+03,2.000000000000000000e+00,0.000000000000000000e+00,8.069468729999999424e-06
1.923000000000000000e+03,1.000000000000000000e+00,0.000000000000000000e+00,2.919090629999999988e-05
1.923000000000000000e+03,2.000000000000000000e+00,0.000000000000000000e+00,6.320981539999999657e-06
1.924000000000000000e+03,1.000000000000000000e+00,0.000000000000000000e+00,2.209628539999999923e-05
1.924000000000000000e+03,2.000000000000000000e+00,0.000000000000000000e+00,6.473592910000000061e-06
1.925000000000000000e+03,1.000000000000000000e+00,0.000000000000000000e+00,1.699869820000000150e-05
1.926000000000000000e+03,1.000000000000000000e+00,0.000000000000000000e+00,9.720611640000000452e-06
1.926000000000000000e+03,2.000000000000000000e+00,0.000000000000000000e+00,1.021198949999999941e-05
1.927000000000000000e+03,1.000000000000000000e+00,0.000000000000000000e+00,9.493696869999999284e-06
1.927000000000000000e+03,2.000000000000000000e+00,0.000000000000000000e+00,7.232974610000000049e-06
1.928000000000000000e+03,1.000000000000000000e+00,0.000000000000000000e+00,1.963923289999999858e-05
1.928000000000000000e+03,2.000000000000000000e+00,0.000000000000000000e+00,8.907579619999999402e-06
1.929000000000000000e+03,1.000000000000000000e+00,0.000000000000000000e+00,2.365683229999999924e-05
1.929000000000000000e+03,2.000000000000000000e+00,0.000000000000000000e+00,9.079435780000000460e-06
1.930000000000000000e+03,1.000000000000000000e+00,0.000000000000000000e+00,2.349719559999999854e-05
1.930000000000000000e+03,2.000000000000000000e+00,0.000000000000000000e+00,7.045042939999999798e-06
1.931000000000000000e+03,1.000000000000000000e+00,0.000000000000000000e+00,1.960098730000000013e-05
1.932000000000000000e+03,1.000000000000000000e+00,0.000000000000000000e+00,2.678441120000000055e-05
1.932000000000000000e+03,2.000000000000000000e+00,0.000000000000000000e+00,2.330883660000000098e-05
1.933000000000000000e+03,1.000000000000000000e+00,0.000000000000000000e+00,1.425531609999999923e-05
1.933000000000000000e+03,2.000000000000000000e+00,0.000000000000000000e+00,1.676198939999999944e-05
1.934000000000000000e+03,1.000000000000000000e+00,0.000000000000000000e+00,3.628633559999999719e-05
1.934000000000000000e+03,2.000000000000000000e+00,0.000000000000000000e+00,1.315583340000000035e-05
1.935000000000000000e+03,1.000000000000000000e+00,0.000000000000000000e+00,4.130218980000000185e-05
1.935000000000000000e+03,2.000000000000000000e+00,0.000000000000000000e+00,1.428511769999999923e-05
1.936000000000000000e+03,1.000000000000000000e+00,0.000000000000000000e+00,4.355747540000000237e-05
1.936000000000000000e+03,2.000000000000000000e+00,0.000000000000000000e+00,9.149256200000000156e-06
1.937000000000000000e+03,1.000000000000000000e+00,0.000000000000000000e+00,3.663903500000000182e-05
1.937000000000000000e+03,2.000000000000000000e+00,0.000000000000000000e+00,7.649045159999999442e-06
1.938000000000000000e+03,1.000000000000000000e+00,0.000000000000000000e+00,2.755652390000000023e-05
1.939000000000000000e+03,1.000000000000000000e+00,0.000000000000000000e+00,2.818431680000000046e-05
1.939000000000000000e+03,2.000000000000000000e+00,0.000000000000000000e+00,2.602674390000000147e-05
1.940000000000000000e+03,1.000000000000000000e+00,0.000000000000000000e+00,1.994497750000000144e-05
1.940000000000000000e+03,2.000000000000000000e+00,0.000000000000000000e+00,1.677984529999999942e-05
1.941000000000000000e+03,1.000000000000000000e+00,0.000000000000000000e+00,4.269746800000000155e-05
1.941000000000000000e+03,2.000000000000000000e+00,0.000000000000000000e+00,1.845429249999999997e-05
1.942000000000000000e+03,1.000000000000000000e+00,0.000000000000000000e+00,5.149949379999999748e-05
1.942000000000000000e+03,2.000000000000000000e+00,0.000000000000000000e+00,1.828125730000000116e-05
1.943000000000000000e+03,1.000000000000000000e+00,0.000000000000000000e+00,5.143836820000000104e-05
1.943000000000000000e+03,2.000000000000000000e+00,0.000000000000000000e+00,1.405869539999999916e-05
1.944000000000000000e+03,1.000000000000000000e+00,0.000000000000000000e+00,4.415460189999999958e-05
1.944000000000000000e+03,2.000000000000000000e+00,0.000000000000000000e+00,8.889422429999999380e-06
1.945000000000000000e+03,1.000000000000000000e+00,0.000000000000000000e+00,3.233148779999999762e-05
1.946000000000000000e+03,1.000000000000000000e+00,0.000000000000000000e+00,2.174881870000000138e-05
1.946000000000000000e+03,2.000000000000000000e+00,0.000000000000000000e+00,2.250313610000000152e-05
1.947000000000000000e+03,1.000000000000000000e+00,0.000000000000000000e+00,1.849508139999999962e-05
1.947000000000000000e+03,2.000000000000000000e+00,0.000000000000000000e+00,1.537536949999999841e-05
1.948000000000000000e+03,1.000000000000000000e+00,0.000000000000000000e+00,4.161038630000000045e-05
1.948000000000000000e+03,2.000000000000000000e+00,0.000000000000000000e+00,1.665446930000000125e-05
1.949000000000000000e+03,1.000000000000000000e+00,0.000000000000000000e+00,5.032740359999999982e-05
1.949000000000000000e+03,2.000000000000000000e+00,0.000000000000000000e+00,1.737224309999999867e-05
1.950000000000000000e+03,1.000000000000000000e+00,0.000000000000000000e+00,5.025863409999999814e-05
1.950000000000000000e+03,2.000000000000000000e+00,0.000000000000000000e+00,1.427599199999999998e-05
1.951000000000000000e+03,1.000000000000000000e+00,0.000000000000000000e+00,4.250548800000000208e-05
1.951000000000000000e+03,2.000000000000000000e+00,0.000000000000000000e+00,1.033339459999999992e-05
1.952000000000000000e+03,1.000000000000000000e+00,0.000000000000000000e+00,3.272641650000000075e-05
1.953000000000000000e+03,1.000000000000000000e+00,0.000000000000000000e+00,1.856117439999999973e-05
1.953000000000000000e+03,2.000000000000000000e+00,0.000000000000000000e+00,2.055877260000000013e-05
1.954000000000000000e+03,1.000000000000000000e+00,0.000000000000000000e+00,1.764874620000000168e-05
1.954000000000000000e+03,2.000000000000000000e+00,0.000000000000000000e+00,1.408707129999999985e-05
1.955000000000000000e+03,1.000000000000000000e+00,0.000000000000000000e+00,3.756640389999999933e-05
1.955000000000000000e+03,2.000000000000000000e+00,0.000000000000000000e+00,1.782211029999999883e-05
1.956000000000000000e+03,1.000000000000000000e+00,0.000000000000000000e+00,4.921260400000000137e-05
1.956000000000000000e+03,2.000000000000000000e+00,0.000000000000000000e+00,1.493866540000000049e-05
1.957000000000000000e+03,1.000000000000000000e+00,0.000000000000000000e+00,4.557672099999999761e-05
1.957000000000000000e+03,2.000000000000000000e+00,0.000000000000000000e+00,1.470292630000000041e-05
1.958000000000000000e+03,1.000000000000000000e+00,0.000000000000000000e+00,3.942123850000000331e-05
1.958000000000000000e+03,2.000000000000000000e+00,0.000000000000000000e+00,8.635424099999999272e-06
1.959000000000000000e+03,1.000000000000000000e+00,0.000000000000000000e+00,2.739894340000000026e-05
1.960000000000000000e+03,1.000000000000000000e+00,0.000000000000000000e+00,2.596898889999999985e-05
1.960000000000000000e+03,2.000000000000000000e+00,0.000000000000000000e+00,2.199771999999999917e-05
1.961000000000000000e+03,1.000000000000000000e+00,0.000000000000000000e+00,2.144708959999999957e-05
1.961000000000000000e+03,2.000000000000000000e+00,0.000000000000000000e+00,1.643005489999999907e-05
1.962000000000000000e+03,1.000000000000000000e+00,0.000000000000000000e+00,4.265213049999999785e-05
1.962000000000000000e+03,2.000000000000000000e+00,0.000000000000000000e+00,1.819943780000000136e-05
1.963000000000000000e+03,1.000000000000000000e+00,0.000000000000000000e+00,5.006514039999999862e-05
1.963000000000000000e+03,2.000000000000000000e+00,0.000000000000000000e+00,1.822481420000000025e-05
1.964000000000000000e+03,1.000000000000000000e+00,0.000000000000000000e+00,5.117111999999999670e-05
1.964000000000000000e+03,2.000000000000000000e+00,0.000000000000000000e+00,1.234991719999999983e-05
1.965000000000000000e+03,1.000000000000000000e+00,0.000000000000000000e+00,4.258374370000000248e-05
1.965000000000000000e+03,2.000000000000000000e+00,0.000000000000000000e+00,8.680773069999999896e-06
1.966000000000000000e+03,1.000000000000000000e+00,0.000000000000000000e+00,3.083250640000000288e-05
1.967000000000000000e+03,1.000000000000000000e+00,0.000000000000000000e+00,2.275120570000000158e-05
1.967000000000000000e+03,2.000000000000000000e+00,0.000000000000000000e+00,2.221862479999999951e-05
1.968000000000000000e+03,1.000000000000000000e+00,0.000000000000000000e+00,1.902669950000000060e-05
1.968000000000000000e+03,2.000000000000000000e+00,0.000000000000000000e+00,1.560248480000000088e-05
1.969000000000000000e+03,1.000000000000000000e+00,0.000000000000000000e+00,3.992016570000000330e-05
1.969000000000000000e+03,2.000000000000000000e+00,0.000000000000000000e+00,1.793246530000000059e-05
1.970000000000000000e+03,1.000000000000000000e+00,0.000000000000000000e+00,5.000840159999999951e-05
1.970000000000000000e+03,2.000000000000000000e+00,0.000000000000000000e+00,1.601860200000000158e-05
1.971000000000000000e+03,1.000000000000000000e+00,0.000000000000000000e+00,4.772724019999999864e-05
1.971000000000000000e+03,2.000000000000000000e+00,0.000000000000000000e+00,1.434688780000000044e-05
1.972000000000000000e+03,1.000000000000000000e+00,0.000000000000000000e+00,4.041815839999999687e-05
1.972000000000000000e+03,2.000000000000000000e+00,0.000000000000000000e+00,9.584775229999999415e-06
1.973000000000000000e+03,1.000000000000000000e+00,0.000000000000000000e+00,2.932550780000000104e-05
1.974000000000000000e+03,1.000000000000000000e+00,0.000000000000000000e+00,2.389039389999999947e-05
1.974000000000000000e+03,2.000000000000000000e+00,0.000000000000000000e+00,2.175600779999999838e-05
1.975000000000000000e+03,1.000000000000000000e+00,0.000000000000000000e+00,1.855185819999999935e-05
1.975000000000000000e+03,2.000000000000000000e+00,0.000000000000000000e+00,1.746379289999999964e-05
1.976000000000000000e+03,1.000000000000000000e+00,0.000000000000000000e+00,4.246920029999999802e-05
1.976000000000000000e+03,2.000000000000000000e+00,0.000000000000000000e+00,1.652999249999999876e-05
1.977000000000000000e+03,1.000000000000000000e+00,0.000000000000000000e+00,5.002605439999999924e-05
1.977000000000000000e+03,2.000000000000000000e+00,0.000000000000000000e+00,1.686987409999999969e-05
1.978000000000000000e+03,1.000000000000000000e+00,0.000000000000000000e+00,4.971770800000000195e-05
1.978000000000000000e+03,2.000000000000000000e+00,0.000000000000000000e+00,1.295526309999999984e-05
1.979000000000000000e+03,1.000000000000000000e+00,0.000000000000000000e+00,4.141350319999999720e-05
1.979000000000000000e+03,2.000000000000000000e+00,0.000000000000000000e+00,9.222070629999999737e-06
1.980000000000000000e+03,1.000000000000000000e+00,0.000000000000000000e+00,3.001990940000000141e-05
1.981000000000000000e+03,1.000000000000000000e+00,0.000000000000000000e+00,2.575429950000000036e-05
1.981000000000000000e+03,2.000000000000000000e+00,0.000000000000000000e+00,2.366882879999999888e-05
1.982000000000000000e+03,1.000000000000000000e+00,0.000000000000000000e+00,2.015214840000000080e-05
1.982000000000000000e+03,2.000000000000000000e+00,0.000000000000000000e+00,1.696096269999999970e-05
1.983000000000000000e+03,1.000000000000000000e+00,0.000000000000000000e+00,4.143628699999999944e-05
1.983000000000000000e+03,2.000000000000000000e+00,0.000000000000000000e+00,1.946380910000000114e-05
1.984000000000000000e+03,1.000000000000000000e+00,0.000000000000000000e+00,5.111267300000000224e-05
1.984000000000000000e+03,2.000000000000000000e+00,0.000000000000000000e+00,1.755933019999999833e-05
1.985000000000000000e+03,1.000000000000000000e+00,0.000000000000000000e+00,5.004643820000000300e-05
1.985000000000000000e+03,2.000000000000000000e+00,0.000000000000000000e+00,1.380074900000000057e-05
1.986000000000000000e+03,1.000000000000000000e+00,0.000000000000000000e+00,4.307712670000000033e-05
1.986000000000000000e+03,2.000000000000000000e+00,0.000000000000000000e+00,8.196257590000000304e-06
1.987000000000000000e+03,1.000000000000000000e+00,0.000000000000000000e+00,3.068996419999999727e-05
1.988000000000000000e+03,1.000000000000000000e+00,0.000000000000000000e+00,2.273108499999999888e-05
1.988000000000000000e+03,2.000000000000000000e+00,0.000000000000000000e+00,2.196664329999999983e-05
1.989000000000000000e+03,1.000000000000000000e+00,0.000000000000000000e+00,2.071571480000000004e-05
1.989000000000000000e+03,2.000000000000000000e+00,0.000000000000000000e+00,1.453010869999999981e-05
1.990000000000000000e+03,1.000000000000000000e+00,0.000000000000000000e+00,4.040069699999999941e-05
1.990000000000000000e+03,2.000000000000000000e+00,0.000000000000000000e+00,1.858590299999999924e-05
1.991000000000000000e+03,1.000000000000000000e+00,0.000000000000000000e+00,5.065935179999999695e-05
1.991000000000000000e+03,2.000000000000000000e+00,0.000000000000000000e+00,1.668556849999999878e-05
1.992000000000000000e+03,1.000000000000000000e+00,0.000000000000000000e+00,4.957267290000000180e-05
1.992000000000000000e+03,2.000000000000000000e+00,0.000000000000000000e+00,1.378923220000000081e-05
1.993000000000000000e+03,1.000000000000000000e+00,0.000000000000000000e+00,4.144894849999999816e-05
1.993000000000000000e+03,2.000000000000000000e+00,0.000000000000000000e+00,9.848369190000000697e-06
1.994000000000000000e+03,1.000000000000000000e+00,0.000000000000000000e+00,3.106453019999999907e-05
1.995000000000000000e+03,1.000000000000000000e+00,0.000000000000000000e+00,1.959135400000000101e-05
1.995000000000000000e+03,2.000000000000000000e+00,0.000000000000000000e+00,2.007074880000000165e-05
1.996000000000000000e+03,1.000000000000000000e+00,0.000000000000000000e+00,1.813133499999999943e-05
1.996000000000000000e+03,2.000000000000000000e+00,0.000000000000000000e+00,1.476946409999999958e-05
1.997000000000000000e+03,1.000000000000000000e+00,0.000000000000000000e+00,3.934495349999999968e-05
1.997000000000000000e+03,2.000000000000000000e+00,0.000000000000000000e+00,1.691674759999999835e-05
1.998000000000000000e+03,1.000000000000000000e+00,0.000000000000000000e+00,4.902459029999999896e-05
1.998000000000000000e+03,2.000000000000000000e+00,0.000000000000000000e+00,1.592152669999999896e-05
1.999000000000000000e+03,1.000000000000000000e+00,0.000000000000000000e+00,4.753035950000000071e-05
1.999000000000000000e+03,2.000000000000000000e+00,0.000000000000000000e+00,1.378355670000000053e-05
2.000000000000000000e+03,1.000000000000000000e+00,0.000000000000000000e+00,4.054055870000000249e-05
2.000000000000000000e+03,2.000000000000000000e+00,0.000000000000000000e+00,8.981027209999999461e-06
