time_s,drag_N_per_m,lift_N_per_m
0.000000000000000000e+00,0.000000000000000000e+00,0.000000000000000000e+00
1.000000000000000021e-02,3.394736659099999859e-02,-6.448642158199998763e-05
2.000000000000000042e-02,1.057586241800000104e-01,-2.364960749200000205e-04
2.999999999999999889e-02,1.829923310000000081e-01,-1.829071627500000025e-04
4.000000000000000083e-02,2.630411667299999978e-01,-4.914725544499999772e-04
5.000000000000000278e-02,3.472895188199999761e-01,-4.611635291299999635e-04
5.999999999999999778e-02,4.372522899299999821e-01,-7.304881692500000316e-04
7.000000000000000666e-02,5.311768687799999222e-01,-7.637184890799999506e-04
8.000000000000000167e-02,6.267770663199999648e-01,-9.819795559699998674e-04
8.999999999999999667e-02,7.247493126799999796e-01,-1.120893579899999958e-03
1.000000000000000056e-01,8.266110645699999981e-01,-1.247681336000000009e-03
1.100000000000000006e-01,9.316946007399999896e-01,-1.478523445800000030e-03
1.199999999999999956e-01,1.038456644700000098e+00,-1.558381967800000038e-03
1.300000000000000044e-01,1.146930752600000103e+00,-1.825055988400000207e-03
1.400000000000000133e-01,1.258190215199999962e+00,-1.951317683900000155e-03
1.499999999999999944e-01,1.372176292100000028e+00,-2.159077639599999831e-03
1.600000000000000033e-01,1.487821668199999836e+00,-2.378708470499999849e-03
1.700000000000000122e-01,1.604897556500000100e+00,-2.544316828899999879e-03
1.799999999999999933e-01,1.724067825499999929e+00,-2.819483421099999720e-03
1.900000000000000022e-01,1.845475356799999744e+00,-2.968450242099999851e-03
2.000000000000000111e-01,1.968498450600000060e+00,-3.276713501800000098e-03
2.099999999999999922e-01,2.092785828400000270e+00,-3.435162968900000013e-03
2.200000000000000011e-01,2.218688629899999931e+00,-3.749274192699999977e-03
2.300000000000000100e-01,2.346429142799999923e+00,-3.886003074300000033e-03
2.399999999999999911e-01,2.475630419699999862e+00,-4.221705924099999722e-03
2.500000000000000000e-01,2.605983865799999855e+00,-4.405612174199999634e-03
2.600000000000000089e-01,2.737624407099999768e+00,-4.648466755000000422e-03
2.700000000000000178e-01,2.870727316800000040e+00,-4.885383368200000090e-03
2.800000000000000266e-01,3.005120308199999979e+00,-5.113413116499999564e-03
2.899999999999999800e-01,3.140534644699999767e+00,-5.285953193899999708e-03
2.999999999999999889e-01,3.276984973400000278e+00,-5.578324988099999347e-03
3.099999999999999978e-01,3.414600884499999989e+00,-5.683064980599999462e-03
3.200000000000000067e-01,3.553310057499999619e+00,-5.996986793000000024e-03
3.300000000000000155e-01,3.692894776700000214e+00,-6.057787121599999408e-03
3.400000000000000244e-01,3.833300515999999991e+00,-6.404013527299999738e-03
3.499999999999999778e-01,3.974624937400000224e+00,-6.392826092999999085e-03
3.599999999999999867e-01,4.116822867099999783e+00,-6.757415813699999864e-03
3.699999999999999956e-01,4.259732656799999795e+00,-6.739575627599999133e-03
3.800000000000000044e-01,4.403314095799999883e+00,-7.026216076099999625e-03
3.900000000000000133e-01,4.547560758099999489e+00,-7.087313090499999454e-03
4.000000000000000222e-01,4.692485832800000090e+00,-7.287319096400000397e-03
4.099999999999999756e-01,4.837979188500000305e+00,-7.385802341599999495e-03
4.199999999999999845e-01,4.983985760199999504e+00,-7.522796018399999403e-03
4.299999999999999933e-01,5.130441542499999841e+00,-7.590261467100000228e-03
4.400000000000000022e-01,5.277372178200000263e+00,-7.810810813999999845e-03
4.500000000000000111e-01,5.424704839499999487e+00,-7.701766876800000307e-03
4.600000000000000200e-01,5.572358346999999767e+00,-8.004083545399999847e-03
4.699999999999999734e-01,5.720301620199999881e+00,-7.847456727600000265e-03
4.799999999999999822e-01,5.868528904399999746e+00,-8.156399802700000159e-03
4.899999999999999911e-01,6.016887770999999496e+00,-8.035641968399998697e-03
5.000000000000000000e-01,6.165507925899999186e+00,-8.275746867899998888e-03
5.100000000000000089e-01,6.314228928399999496e+00,-8.236760933099999266e-03
5.200000000000000178e-01,6.462981398200000172e+00,-8.412567627900000358e-03
5.300000000000000266e-01,6.611776902499999053e+00,-8.354102678000000295e-03
5.400000000000000355e-01,6.760620261399998832e+00,-8.468320908599998725e-03
5.500000000000000444e-01,6.909406091500000180e+00,-8.517221230599999332e-03
5.600000000000000533e-01,7.058145544199999399e+00,-8.508686443999999641e-03
5.699999999999999512e-01,7.206906765199999398e+00,-8.722005891799999855e-03
5.799999999999999600e-01,7.355442745599999554e+00,-8.644787968899999425e-03
5.899999999999999689e-01,7.503812197400000272e+00,-8.788580472200000285e-03
5.999999999999999778e-01,7.651963591499999495e+00,-8.921812298899999688e-03
6.099999999999999867e-01,7.799875478399998840e+00,-8.849720298299999441e-03
6.199999999999999956e-01,7.947608764099999945e+00,-9.063815694600000153e-03
6.300000000000000044e-01,8.094818840900000367e+00,-9.061361804699999759e-03
6.400000000000000133e-01,8.241709834399999934e+00,-9.231120854399999312e-03
6.500000000000000222e-01,8.388148871800000350e+00,-9.073190726299999384e-03
6.600000000000000311e-01,8.534279664499999640e+00,-9.244775350500000766e-03
6.700000000000000400e-01,8.679932201699999794e+00,-9.134464114000000537e-03
6.800000000000000488e-01,8.825089429300000177e+00,-9.181590873100000175e-03
6.899999999999999467e-01,8.969654230099999737e+00,-9.141388243499999969e-03
6.999999999999999556e-01,9.113724049300000019e+00,-8.960512792999999337e-03
7.099999999999999645e-01,9.257294827199999077e+00,-9.113753433799999873e-03
7.199999999999999734e-01,9.400248363599999379e+00,-8.813244601600000311e-03
7.299999999999999822e-01,9.542571557600000531e+00,-9.020060772499999616e-03
7.399999999999999911e-01,9.684214365000000768e+00,-8.629807611699999437e-03
7.500000000000000000e-01,9.825212156899999272e+00,-8.916483965300000744e-03
7.600000000000000089e-01,9.965402528099998491e+00,-8.502245942799999817e-03
7.700000000000000178e-01,1.010479214699999950e+01,-8.633444994200000638e-03
7.800000000000000266e-01,1.024337678299999865e+01,-8.416392443999999931e-03
7.900000000000000355e-01,1.038073781699999998e+01,-8.226034683899999256e-03
8.000000000000000444e-01,1.051765933699999955e+01,-8.326180543599999082e-03
8.100000000000000533e-01,1.065376396799999981e+01,-7.667093106099999271e-03
8.199999999999999512e-01,1.078851895499999891e+01,-8.690081811700001158e-03
8.299999999999999600e-01,1.092276473999999986e+01,-7.225653069499999789e-03
8.399999999999999689e-01,1.105583260600000095e+01,-7.806488528299999549e-03
8.499999999999999778e-01,1.118830067399999884e+01,-6.829146286700000026e-03
8.599999999999999867e-01,1.131979609100000062e+01,-6.741456497600000104e-03
8.699999999999999956e-01,1.145031011000000021e+01,-6.460703310999999990e-03
8.800000000000000044e-01,1.157984933400000038e+01,-5.895834605699999675e-03
8.900000000000000133e-01,1.170838257800000015e+01,-5.822187732899999739e-03
9.000000000000000222e-01,1.183625393700000039e+01,-5.166561141300000416e-03
9.100000000000000311e-01,1.196272052399999986e+01,-4.572395493000000130e-03
9.200000000000000400e-01,1.208805661599999937e+01,-4.322658874899999726e-03
9.300000000000000488e-01,1.221231720599999981e+01,-3.484209725700000357e-03
9.399999999999999467e-01,1.233524154800000083e+01,-3.198723071399999732e-03
9.499999999999999556e-01,1.245767729499999987e+01,-2.466352688700000021e-03
9.599999999999999645e-01,1.257871016100000006e+01,-1.909485548699999978e-03
9.699999999999999734e-01,1.269830197500000146e+01,-1.285847455099999904e-03
9.799999999999999822e-01,1.281604723499999920e+01,-1.079208577800000023e-03
9.899999999999999911e-01,1.293244212200000121e+01,-5.304601359800000058e-04
1.000000000000000000e+00,1.304814155900000117e+01,-2.760614578699999697e-04
1.010000000000000009e+00,1.316224326000000033e+01,1.232301760599999966e-03
1.020000000000000018e+00,1.327548158200000117e+01,1.317977608499999861e-03
1.030000000000000027e+00,1.338792815700000105e+01,3.101520913500000007e-03
1.040000000000000036e+00,1.349859899900000038e+01,3.211978734999999981e-03
1.050000000000000044e+00,1.360806844699999907e+01,5.186730247899999646e-03
1.060000000000000053e+00,1.371630041999999960e+01,5.360216616499999601e-03
1.070000000000000062e+00,1.382310963900000012e+01,7.021207627200000065e-03
1.080000000000000071e+00,1.392870662900000056e+01,7.871648042899999712e-03
1.090000000000000080e+00,1.403281101499999828e+01,8.932548387399999457e-03
1.100000000000000089e+00,1.413569531599999962e+01,1.017163317299999911e-02
1.110000000000000098e+00,1.423824328499999936e+01,1.123210115299999937e-02
1.120000000000000107e+00,1.433861447800000022e+01,1.279939672999999903e-02
1.129999999999999893e+00,1.443747286700000032e+01,1.349823588100000117e-02
1.139999999999999902e+00,1.453479369200000093e+01,1.494408366699999900e-02
1.149999999999999911e+00,1.463129956999999948e+01,1.736358011999999951e-02
1.159999999999999920e+00,1.472592167400000029e+01,1.753264162099999954e-02
1.169999999999999929e+00,1.481904106499999862e+01,2.045221747999999978e-02
1.179999999999999938e+00,1.491040808899999881e+01,2.043795194199999818e-02
1.189999999999999947e+00,1.500163480400000005e+01,2.232255181800000057e-02
1.199999999999999956e+00,1.508826279300000017e+01,2.381154257500000052e-02
1.209999999999999964e+00,1.517808584099999969e+01,2.444900579499999921e-02
1.219999999999999973e+00,1.526163351299999960e+01,2.854599241599999754e-02
1.229999999999999982e+00,1.534756191999999864e+01,2.785836391899999820e-02
1.239999999999999991e+00,1.542970779700000072e+01,3.160100098600000101e-02
1.250000000000000000e+00,1.551056859499999874e+01,3.193851891800000148e-02
1.260000000000000009e+00,1.558966098299999992e+01,3.470368435800000317e-02
1.270000000000000018e+00,1.566801732099999889e+01,3.535582767099999801e-02
1.280000000000000027e+00,1.574380710899999869e+01,3.768406023499999702e-02
1.290000000000000036e+00,1.581816024200000115e+01,3.877743700399999965e-02
1.300000000000000044e+00,1.589085188599999832e+01,4.215718562199999991e-02
1.310000000000000053e+00,1.596170166799999990e+01,4.298079360100000301e-02
1.320000000000000062e+00,1.603042394099999868e+01,4.607901355099999763e-02
1.330000000000000071e+00,1.609766974500000103e+01,4.781460439799999768e-02
1.340000000000000080e+00,1.616278995800000118e+01,5.013998270799999851e-02
1.350000000000000089e+00,1.622651267899999894e+01,5.255991362199999989e-02
1.360000000000000098e+00,1.628822245299999949e+01,5.484659239099999584e-02
1.370000000000000107e+00,1.634797831499999887e+01,5.755282804899999882e-02
1.379999999999999893e+00,1.640727120300000053e+01,6.014811340300000447e-02
1.389999999999999902e+00,1.646420022599999911e+01,6.330744616000000269e-02
1.399999999999999911e+00,1.651963322399999967e+01,6.554991991600001011e-02
1.409999999999999920e+00,1.657232184999999802e+01,6.889358137300000129e-02
1.419999999999999929e+00,1.662320358599999892e+01,7.131687095300000279e-02
1.429999999999999938e+00,1.667169472199999802e+01,7.417271230199999621e-02
1.439999999999999947e+00,1.671836765599999808e+01,7.740132404999999771e-02
1.449999999999999956e+00,1.676343651899999898e+01,8.042878630300000220e-02
1.459999999999999964e+00,1.680579053599999995e+01,8.349759334799999877e-02
1.469999999999999973e+00,1.684626408899999817e+01,8.716786121999998971e-02
1.479999999999999982e+00,1.688459400400000021e+01,8.937571773599999048e-02
1.489999999999999991e+00,1.692079637299999817e+01,9.354316016800000300e-02
1.500000000000000000e+00,1.695485406499999925e+01,9.609670865500000159e-02
1.510000000000000009e+00,1.698675749000000224e+01,1.000988592999999954e-01
1.520000000000000018e+00,1.701650365000000065e+01,1.032823488299999953e-01
1.530000000000000027e+00,1.704391300200000003e+01,1.068118630700000127e-01
1.540000000000000036e+00,1.706859466499999911e+01,1.102101020899999839e-01
1.550000000000000044e+00,1.709138178699999955e+01,1.145432587099999983e-01
1.560000000000000053e+00,1.711168295000000228e+01,1.167741233099999915e-01
1.570000000000000062e+00,1.712909081400000133e+01,1.230592718999999891e-01
1.580000000000000071e+00,1.714485073599999865e+01,1.233779206199999978e-01
1.590000000000000080e+00,1.715852972499999751e+01,1.308340003099999760e-01
1.600000000000000089e+00,1.716837781599999957e+01,1.307067688200000133e-01
1.610000000000000098e+00,1.717742257000000095e+01,1.371766012800000045e-01
1.620000000000000107e+00,1.718387203800000052e+01,1.386474347999999968e-01
1.629999999999999893e+00,1.718674739399999751e+01,1.434369595599999936e-01
1.639999999999999902e+00,1.718753493899999896e+01,1.476190639599999910e-01
1.649999999999999911e+00,1.718526103800000016e+01,1.511485808700000211e-01
1.659999999999999920e+00,1.718237200999999814e+01,1.541162413699999900e-01
1.669999999999999929e+00,1.717426267999999823e+01,1.596033230099999922e-01
1.679999999999999938e+00,1.716530264600000066e+01,1.610300618100000136e-01
1.689999999999999947e+00,1.715183504199999831e+01,1.682217231199999996e-01
1.699999999999999956e+00,1.713677486399999950e+01,1.696260634800000056e-01
1.709999999999999964e+00,1.711901403699999946e+01,1.771458442099999864e-01
1.719999999999999973e+00,1.709962505600000071e+01,1.785758371399999989e-01
1.729999999999999982e+00,1.707662290200000044e+01,1.853821492000000126e-01
1.739999999999999991e+00,1.705004105100000089e+01,1.877955878299999992e-01
1.750000000000000000e+00,1.702125589199999922e+01,1.948685623899999997e-01
1.760000000000000009e+00,1.698868298700000068e+01,1.971284223299999694e-01
1.770000000000000018e+00,1.695344718400000161e+01,2.044048627899999748e-01
1.780000000000000027e+00,1.691581702499999906e+01,2.067222422499999934e-01
1.790000000000000036e+00,1.687403757499999912e+01,2.130012383200000081e-01
1.800000000000000044e+00,1.683080051299999980e+01,2.159540792000000098e-01
1.810000000000000053e+00,1.678521879000000183e+01,2.227489762699999820e-01
1.820000000000000062e+00,1.673673909300000062e+01,2.255179312200000230e-01
1.830000000000000071e+00,1.668576471100000091e+01,2.332697877999999891e-01
1.840000000000000080e+00,1.663190877099999909e+01,2.354809741499999942e-01
1.850000000000000089e+00,1.657500086499999981e+01,2.429278821099999930e-01
1.860000000000000098e+00,1.651569743499999987e+01,2.461285168100000031e-01
1.870000000000000107e+00,1.645347470200000117e+01,2.522926610499999778e-01
1.879999999999999893e+00,1.638843396299999711e+01,2.568330994799999933e-01
1.889999999999999902e+00,1.632043747699999869e+01,2.619603272199999555e-01
1.899999999999999911e+00,1.624962140199999894e+01,2.674064343099999963e-01
1.909999999999999920e+00,1.617608653699999977e+01,2.715777462899999772e-01
1.919999999999999929e+00,1.609873908799999853e+01,2.769009077800000385e-01
1.929999999999999938e+00,1.601926995300000200e+01,2.808034042399999985e-01
1.939999999999999947e+00,1.593764664900000128e+01,2.858872899700000136e-01
1.949999999999999956e+00,1.585252001599999794e+01,2.904335744400000086e-01
1.959999999999999964e+00,1.576519580300000101e+01,2.952076115699999725e-01
1.969999999999999973e+00,1.567513348900000025e+01,3.001462626699999969e-01
1.979999999999999982e+00,1.558249361600000071e+01,3.048174087699999646e-01
1.989999999999999991e+00,1.548721072800000087e+01,3.096222028200000254e-01
2.000000000000000000e+00,1.538920567399999939e+01,3.143006451500000020e-01
2.009999999999999787e+00,1.532249092200000007e+01,3.188767964900000029e-01
2.020000000000000018e+00,1.529085517000000038e+01,3.234093417799999703e-01
2.029999999999999805e+00,1.526243254499999757e+01,3.280613367899999910e-01
2.040000000000000036e+00,1.523470845899999837e+01,3.320656825600000195e-01
2.049999999999999822e+00,1.520897520099999944e+01,3.370951967699999940e-01
2.060000000000000053e+00,1.518686372899999881e+01,3.406848421800000026e-01
2.069999999999999840e+00,1.516665640400000115e+01,3.458720221200000111e-01
2.080000000000000071e+00,1.514572489700000091e+01,3.497926131799999894e-01
2.089999999999999858e+00,1.512573125800000007e+01,3.543056636099999879e-01
2.100000000000000089e+00,1.510694870700000081e+01,3.584343317600000023e-01
2.109999999999999876e+00,1.508994347500000011e+01,3.624848552399999591e-01
2.120000000000000107e+00,1.507307305600000014e+01,3.668460760199999671e-01
2.129999999999999893e+00,1.505541243600000101e+01,3.706685088999999711e-01
2.140000000000000124e+00,1.503944152999999950e+01,3.751883456499999769e-01
2.149999999999999911e+00,1.502403423700000040e+01,3.790195503999999604e-01
2.160000000000000142e+00,1.500928385799999987e+01,3.832655234199999761e-01
2.169999999999999929e+00,1.499367988799999907e+01,3.871794654799999846e-01
2.180000000000000160e+00,1.497918278300000061e+01,3.913408232699999711e-01
2.189999999999999947e+00,1.496541298400000031e+01,3.955123567599999612e-01
2.200000000000000178e+00,1.495158009499999885e+01,3.994383087199999682e-01
2.209999999999999964e+00,1.493777702799999929e+01,4.033118043699999711e-01
2.220000000000000195e+00,1.492438861800000005e+01,4.071183655999999762e-01
2.229999999999999982e+00,1.491140592899999895e+01,4.109706617299999643e-01
2.240000000000000213e+00,1.489844532000000044e+01,4.148913432999999928e-01
2.250000000000000000e+00,1.488546096099999971e+01,4.188547938800000203e-01
2.259999999999999787e+00,1.487301519799999916e+01,4.219417966099999751e-01
2.270000000000000018e+00,1.486084023999999992e+01,4.259248498799999560e-01
2.279999999999999805e+00,1.484912194100000171e+01,4.290840366099999970e-01
2.290000000000000036e+00,1.483726569100000070e+01,4.328735733700000421e-01
2.299999999999999822e+00,1.482571633299999903e+01,4.362353622199999781e-01
2.310000000000000053e+00,1.481429701999999970e+01,4.396797473499999831e-01
2.319999999999999840e+00,1.480329053099999825e+01,4.430235700899999851e-01
2.330000000000000071e+00,1.479220980100000027e+01,4.463900393299999880e-01
2.339999999999999858e+00,1.478139219300000029e+01,4.497184325799999938e-01
2.350000000000000089e+00,1.477048467100000018e+01,4.527129474499999584e-01
2.359999999999999876e+00,1.476003325399999788e+01,4.559907444799999876e-01
2.370000000000000107e+00,1.474961992799999955e+01,4.591761696100000179e-01
2.379999999999999893e+00,1.473942614600000134e+01,4.624043671300000491e-01
2.390000000000000124e+00,1.472927821199999876e+01,4.652455230099999395e-01
2.399999999999999911e+00,1.471948979599999774e+01,4.682602029299999802e-01
2.410000000000000142e+00,1.470967016999999899e+01,4.710761296800000109e-01
2.419999999999999929e+00,1.470013768099999929e+01,4.741136190599999911e-01
2.430000000000000160e+00,1.469058723899999919e+01,4.770782495599999451e-01
2.439999999999999947e+00,1.468136109099999942e+01,4.799574740100000514e-01
2.450000000000000178e+00,1.467207284700000081e+01,4.826757724300000385e-01
2.459999999999999964e+00,1.466310940099999804e+01,4.853733024699999343e-01
2.470000000000000195e+00,1.465410292400000003e+01,4.880433278900000449e-01
2.479999999999999982e+00,1.464539401499999904e+01,4.904531439400000026e-01
2.490000000000000213e+00,1.463665426000000025e+01,4.930947408199999327e-01
2.500000000000000000e+00,1.462823475999999978e+01,4.956801619500000311e-01
2.509999999999999787e+00,1.461977968800000127e+01,4.983118858799999717e-01
2.520000000000000018e+00,1.461151708400000082e+01,5.006808324799999488e-01
2.529999999999999805e+00,1.460337182600000006e+01,5.032832116200000039e-01
2.540000000000000036e+00,1.459551232400000131e+01,5.057029985200000022e-01
2.549999999999999822e+00,1.458759326999999928e+01,5.082670219699999548e-01
2.560000000000000053e+00,1.457994687099999886e+01,5.107335983299999826e-01
2.569999999999999840e+00,1.457228595599999998e+01,5.130176195099999115e-01
2.580000000000000071e+00,1.456491541899999831e+01,5.154541957999999591e-01
2.589999999999999858e+00,1.455750399799999784e+01,5.176994064900000136e-01
2.600000000000000089e+00,1.455038341100000032e+01,5.200507552399999955e-01
2.609999999999999876e+00,1.454318126799999966e+01,5.220813408100000164e-01
2.620000000000000107e+00,1.453631200100000065e+01,5.245682986699999883e-01
2.629999999999999893e+00,1.452939378299999973e+01,5.264846736699999585e-01
2.640000000000000124e+00,1.452281173199999920e+01,5.287153522499999925e-01
2.649999999999999911e+00,1.451614883300000081e+01,5.307152532200000161e-01
2.660000000000000142e+00,1.450899425899999962e+01,5.317947383400000172e-01
2.669999999999999929e+00,1.450262531999999993e+01,5.341119786800000435e-01
2.680000000000000160e+00,1.449651418800000080e+01,5.357474503899999352e-01
2.689999999999999947e+00,1.449035056899999852e+01,5.382983916300000393e-01
2.700000000000000178e+00,1.448448191800000018e+01,5.398326823300000354e-01
2.709999999999999964e+00,1.447854106099999960e+01,5.422483107100000144e-01
2.720000000000000195e+00,1.447289843000000076e+01,5.439583440399999859e-01
2.729999999999999982e+00,1.446718755099999854e+01,5.460902510799999776e-01
2.740000000000000213e+00,1.446178057799999905e+01,5.479089507400000114e-01
2.750000000000000000e+00,1.445631218699999998e+01,5.498045570899999790e-01
2.759999999999999787e+00,1.445111571599999856e+01,5.516306603599999692e-01
2.770000000000000018e+00,1.444587022899999873e+01,5.533578940400000201e-01
2.779999999999999805e+00,1.444087228499999931e+01,5.550219317100000271e-01
2.790000000000000036e+00,1.443583700299999784e+01,5.568239393299999618e-01
2.799999999999999822e+00,1.443106749099999853e+01,5.583861024899999803e-01
2.810000000000000053e+00,1.442624424799999971e+01,5.601351582100000392e-01
2.819999999999999840e+00,1.442168750799999977e+01,5.616715900500000025e-01
2.830000000000000071e+00,1.441707624699999890e+01,5.634037290700000256e-01
2.839999999999999858e+00,1.441272021399999836e+01,5.649388754099999854e-01
2.850000000000000089e+00,1.440830206600000096e+01,5.666610565599999871e-01
2.859999999999999876e+00,1.440414991299999947e+01,5.682419587299999408e-01
2.870000000000000107e+00,1.439993251900000004e+01,5.699007716899999743e-01
2.879999999999999893e+00,1.439587250000000118e+01,5.716021399399999758e-01
2.890000000000000124e+00,1.439185730200000002e+01,5.731455587099999471e-01
2.899999999999999911e+00,1.438808864599999993e+01,5.748761960999999587e-01
2.910000000000000142e+00,1.438424749499999855e+01,5.761860428099999654e-01
2.919999999999999929e+00,1.438064777399999983e+01,5.779815740000000535e-01
2.930000000000000160e+00,1.437687696299999907e+01,5.792408426999999804e-01
2.939999999999999947e+00,1.437349158800000026e+01,5.809839533499999709e-01
2.950000000000000178e+00,1.437001780399999795e+01,5.823306001500000439e-01
2.959999999999999964e+00,1.436667416100000061e+01,5.838552609199999521e-01
2.970000000000000195e+00,1.436338874900000029e+01,5.853440760299999379e-01
2.979999999999999982e+00,1.436032276199999913e+01,5.867355291800000483e-01
2.990000000000000213e+00,1.435704942300000120e+01,5.882341968700000034e-01
3.000000000000000000e+00,1.435417078600000096e+01,5.897706289499999865e-01
3.009999999999999787e+00,1.435119122100000055e+01,5.911453485200000024e-01
3.020000000000000018e+00,1.434832070300000062e+01,5.925607781399999663e-01
3.029999999999999805e+00,1.434550826500000120e+01,5.941562956499999437e-01
3.040000000000000036e+00,1.434290303000000044e+01,5.955328259100000077e-01
3.049999999999999822e+00,1.434008296900000090e+01,5.970707827399999168e-01
3.060000000000000053e+00,1.433762738699999773e+01,5.984746197200000450e-01
3.069999999999999840e+00,1.433506577900000067e+01,5.999002655099999748e-01
3.080000000000000071e+00,1.433261390999999918e+01,6.012389388100000120e-01
3.089999999999999858e+00,1.433019806999999979e+01,6.026602381700000288e-01
3.100000000000000089e+00,1.432798916799999844e+01,6.039819220700000102e-01
3.109999999999999876e+00,1.432557272099999857e+01,6.054064007799999647e-01
3.120000000000000107e+00,1.432349860200000080e+01,6.067016324799999749e-01
3.129999999999999893e+00,1.432131071399999911e+01,6.082026678899999927e-01
3.140000000000000124e+00,1.431921269999999957e+01,6.094513888999999462e-01
3.149999999999999911e+00,1.431716415700000056e+01,6.109770975899999623e-01
3.160000000000000142e+00,1.431531434399999902e+01,6.123070882400000192e-01
3.169999999999999929e+00,1.431322485599999972e+01,6.137682705999999433e-01
3.180000000000000160e+00,1.431150434700000140e+01,6.151280460500000435e-01
3.189999999999999947e+00,1.430965243300000012e+01,6.166080278300000161e-01
3.200000000000000178e+00,1.430789495900000041e+01,6.178243194699999385e-01
3.209999999999999964e+00,1.430618729499999908e+01,6.193694677100000101e-01
3.220000000000000195e+00,1.430465293800000026e+01,6.207845454199999446e-01
3.229999999999999982e+00,1.430289423299999818e+01,6.220631995400000003e-01
3.240000000000000213e+00,1.430146818399999908e+01,6.234995214199999802e-01
3.250000000000000000e+00,1.429991686900000047e+01,6.248494891599999379e-01
3.259999999999999787e+00,1.429844020400000026e+01,6.262576696499999596e-01
3.270000000000000018e+00,1.429698512699999924e+01,6.277216555200000325e-01
3.279999999999999805e+00,1.429571160699999943e+01,6.292176681000000160e-01
3.290000000000000036e+00,1.429421147899999944e+01,6.307882068900000361e-01
3.299999999999999822e+00,1.429304482700000101e+01,6.321637331899999657e-01
3.310000000000000053e+00,1.429175637200000004e+01,6.337591490999999744e-01
3.319999999999999840e+00,1.429053423699999925e+01,6.352089309099999692e-01
3.330000000000000071e+00,1.428934487400000108e+01,6.367251636599999820e-01
3.339999999999999858e+00,1.428831872100000133e+01,6.382519463099999291e-01
3.350000000000000089e+00,1.428705380299999916e+01,6.396299461200000147e-01
3.359999999999999876e+00,1.428611968300000079e+01,6.410744857400000329e-01
3.370000000000000107e+00,1.428504017199999865e+01,6.423989368600000471e-01
3.379999999999999893e+00,1.428402394000000086e+01,6.436904423300000566e-01
3.390000000000000124e+00,1.428302562000000009e+01,6.450140973899999297e-01
3.399999999999999911e+00,1.428219738399999983e+01,6.463150691200000297e-01
3.410000000000000142e+00,1.428112614399999991e+01,6.475740339400000156e-01
3.419999999999999929e+00,1.428036954000000058e+01,6.489301909200000384e-01
3.430000000000000160e+00,1.427947385099999877e+01,6.501808357000000704e-01
3.439999999999999947e+00,1.427863608599999878e+01,6.514978391899999277e-01
3.450000000000000178e+00,1.427781523899999883e+01,6.528307056800000119e-01
3.459999999999999964e+00,1.427715256099999941e+01,6.541322251000000199e-01
3.470000000000000195e+00,1.427624582700000033e+01,6.554522269499999387e-01
3.479999999999999982e+00,1.427565364900000056e+01,6.566972342399999274e-01
3.490000000000000213e+00,1.427491328699999862e+01,6.580641375900000423e-01
3.500000000000000000e+00,1.427422531799999916e+01,6.591882813299999588e-01
3.509999999999999787e+00,1.427355484899999993e+01,6.605784630000000046e-01
3.520000000000000018e+00,1.427303994099999862e+01,6.616992442700000421e-01
3.529999999999999805e+00,1.427226954199999831e+01,6.630317727300000241e-01
3.540000000000000036e+00,1.427180067999999835e+01,6.641511957999999272e-01
3.549999999999999822e+00,1.427119510400000024e+01,6.655735793000000511e-01
3.560000000000000053e+00,1.427063122199999867e+01,6.666368277699999956e-01
3.569999999999999840e+00,1.427008264600000054e+01,6.680527952699999439e-01
3.580000000000000071e+00,1.426967993499999920e+01,6.691907947799999867e-01
3.589999999999999858e+00,1.426902687999999841e+01,6.705299660100000336e-01
3.600000000000000089e+00,1.426868159799999880e+01,6.717340044599999782e-01
3.609999999999999876e+00,1.426818281299999924e+01,6.730697917899999272e-01
3.620000000000000107e+00,1.426772700099999902e+01,6.742638026699999676e-01
3.629999999999999893e+00,1.426728550099999815e+01,6.756075244699999427e-01
3.640000000000000124e+00,1.426698230500000086e+01,6.768193665999999720e-01
3.649999999999999911e+00,1.426642495999999838e+01,6.781166481099999421e-01
3.660000000000000142e+00,1.426617779100000050e+01,6.793504720799999896e-01
3.669999999999999929e+00,1.426576985599999858e+01,6.806217230099999016e-01
3.680000000000000160e+00,1.426540114900000056e+01,6.818334699199999349e-01
3.689999999999999947e+00,1.426504386699999927e+01,6.830861187100000231e-01
3.700000000000000178e+00,1.426481474000000027e+01,6.841837427700000474e-01
3.709999999999999964e+00,1.426432814299999841e+01,6.855785271199998920e-01
3.720000000000000195e+00,1.426414363899999849e+01,6.866023748099999713e-01
3.729999999999999982e+00,1.426380284700000090e+01,6.879375458199999960e-01
3.740000000000000213e+00,1.426349801199999945e+01,6.888853065400000197e-01
3.750000000000000000e+00,1.426320634500000040e+01,6.902070957599999446e-01
3.759999999999999787e+00,1.426304820600000056e+01,6.912449496500000512e-01
3.770000000000000018e+00,1.426263503999999926e+01,6.924658273000000586e-01
3.779999999999999805e+00,1.426251868800000011e+01,6.936614540700000164e-01
3.790000000000000036e+00,1.426224286899999960e+01,6.947324318199999960e-01
3.799999999999999822e+00,1.426199199400000062e+01,6.959846135899999675e-01
3.810000000000000053e+00,1.426175225300000093e+01,6.970143512699999988e-01
3.819999999999999840e+00,1.426164338299999912e+01,6.981630849800000149e-01
3.830000000000000071e+00,1.426127396499999911e+01,6.991521439800000293e-01
3.839999999999999858e+00,1.426120519600000058e+01,7.002277971899999454e-01
3.850000000000000089e+00,1.426097764400000045e+01,7.012410312599999251e-01
3.859999999999999876e+00,1.426077320699999973e+01,7.023109781199999846e-01
3.870000000000000107e+00,1.426057857999999889e+01,7.033504739700000563e-01
3.879999999999999893e+00,1.426040712499999863e+01,7.043212235300000401e-01
3.890000000000000124e+00,1.426023486999999967e+01,7.053752714800000101e-01
3.899999999999999911e+00,1.426007969399999986e+01,7.062550040099999649e-01
3.910000000000000142e+00,1.425992236099999921e+01,7.073215435499999870e-01
3.919999999999999929e+00,1.425977903699999949e+01,7.081461078499999839e-01
3.930000000000000160e+00,1.425963320900000042e+01,7.091892160699999614e-01
3.939999999999999947e+00,1.425949757499999926e+01,7.099621860399999429e-01
3.950000000000000178e+00,1.425936043100000106e+01,7.109569281199999979e-01
3.959999999999999964e+00,1.425923354699999912e+01,7.116866967700000712e-01
3.970000000000000195e+00,1.425910542499999778e+01,7.126209485700000235e-01
3.979999999999999982e+00,1.425898604099999822e+01,7.133256850399999349e-01
3.990000000000000213e+00,1.425886565299999909e+01,7.141989241099999663e-01
4.000000000000000000e+00,1.425875411099999823e+01,7.148784348800000243e-01
4.009999999999999787e+00,1.425864158200000098e+01,7.157107129799999967e-01
4.019999999999999574e+00,1.425853700999999951e+01,7.163570692999999823e-01
4.030000000000000249e+00,1.425843139599999887e+01,7.171546708099999501e-01
4.040000000000000036e+00,1.425833322799999969e+01,7.177779518199999265e-01
4.049999999999999822e+00,1.425823496800000001e+01,7.185385832099999703e-01
4.059999999999999609e+00,1.425814249600000139e+01,7.191369799600000334e-01
4.070000000000000284e+00,1.425805034500000090e+01,7.198720567599999898e-01
4.080000000000000071e+00,1.425796339000000046e+01,7.204364345700000616e-01
4.089999999999999858e+00,1.425787699499999839e+01,7.211553504599998998e-01
4.099999999999999645e+00,1.425779529099999898e+01,7.216875335199999242e-01
4.110000000000000320e+00,1.425771400899999897e+01,7.223910432100000278e-01
4.120000000000000107e+00,1.425763670500000124e+01,7.228883198000000121e-01
4.129999999999999893e+00,1.425756032200000156e+01,7.236013566300000255e-01
4.139999999999999680e+00,1.425748729799999914e+01,7.240323565099999747e-01
4.150000000000000355e+00,1.425741521600000006e+01,7.247794809399999982e-01
4.160000000000000142e+00,1.425734598100000028e+01,7.251681271600000089e-01
4.169999999999999929e+00,1.425727799600000090e+01,7.258973769999998993e-01
4.179999999999999716e+00,1.425721211699999991e+01,7.262843890400000335e-01
4.190000000000000391e+00,1.425714757100000085e+01,7.269921599999999984e-01
4.200000000000000178e+00,1.425708463900000034e+01,7.273548643199999608e-01
4.209999999999999964e+00,1.425702348699999966e+01,7.280701415799999410e-01
4.219999999999999751e+00,1.425696325299999856e+01,7.283996819499999331e-01
4.230000000000000426e+00,1.425690518999999945e+01,7.291019098200000048e-01
4.240000000000000213e+00,1.425684719999999928e+01,7.294241407700000623e-01
4.250000000000000000e+00,1.425679387300000123e+01,7.300964329799999319e-01
4.259999999999999787e+00,1.425673830199999870e+01,7.304213029799999646e-01
4.269999999999999574e+00,1.425668591800000051e+01,7.310541430299999366e-01
4.280000000000000249e+00,1.425663233299999888e+01,7.313682876500000596e-01
4.290000000000000036e+00,1.425658177899999934e+01,7.319962403999999978e-01
4.299999999999999822e+00,1.425652950899999816e+01,7.322688749500000371e-01
4.309999999999999609e+00,1.425648116799999876e+01,7.328869958499999449e-01
4.320000000000000284e+00,1.425643067000000030e+01,7.331696358099999422e-01
4.330000000000000071e+00,1.425638406999999930e+01,7.336754905700000329e-01
4.339999999999999858e+00,1.425633442900000070e+01,7.340980477299999807e-01
4.349999999999999645e+00,1.425629009599999897e+01,7.343822293099999676e-01
4.360000000000000320e+00,1.425624137299999994e+01,7.349659120099999443e-01
4.370000000000000107e+00,1.425619890199999951e+01,7.351037305299999991e-01
4.379999999999999893e+00,1.425615103200000000e+01,7.357081412900000617e-01
4.389999999999999680e+00,1.425611430400000046e+01,7.358780265000000043e-01
4.400000000000000355e+00,1.425606816099999818e+01,7.363408571299999705e-01
4.410000000000000142e+00,1.425602888299999904e+01,7.366055955799999388e-01
4.419999999999999929e+00,1.425598419299999797e+01,7.369668119900000258e-01
4.429999999999999716e+00,1.425605462100000054e+01,7.372136867799999882e-01
4.440000000000000391e+00,1.425585149699999832e+01,7.375843959999999200e-01
4.450000000000000178e+00,1.425593702100000115e+01,7.377794544399999266e-01
4.459999999999999964e+00,1.425586002200000024e+01,7.381134257399999399e-01
4.469999999999999751e+00,1.425579788599999809e+01,7.383521239500000499e-01
4.480000000000000426e+00,1.425573907200000079e+01,7.386268198200000024e-01
4.490000000000000213e+00,1.425581145199999966e+01,7.388615698799999576e-01
4.500000000000000000e+00,1.425561057099999829e+01,7.391580075699999419e-01
4.509999999999999787e+00,1.425570148399999937e+01,7.393433702599999657e-01
4.519999999999999574e+00,1.425563366099999918e+01,7.396054141600000298e-01
4.530000000000000249e+00,1.425557974099999825e+01,7.398092525600000746e-01
4.540000000000000036e+00,1.425552771499999949e+01,7.400552481900000146e-01
4.549999999999999822e+00,1.425560371900000156e+01,7.401926659699999966e-01
4.559999999999999609e+00,1.425540623100000026e+01,7.404659483000000098e-01
4.570000000000000284e+00,1.425549821600000122e+01,7.406309952799999818e-01
4.580000000000000071e+00,1.425543142600000124e+01,7.407755688899999580e-01
4.589999999999999858e+00,1.425537899600000102e+01,7.410644079799999506e-01
4.599999999999999645e+00,1.425532796899999965e+01,7.411018483100000331e-01
4.610000000000000320e+00,1.425540579900000004e+01,7.414107245299998983e-01
4.620000000000000107e+00,1.425520988899999963e+01,7.414655514300000361e-01
4.629999999999999893e+00,1.425530325200000092e+01,7.417302344599999708e-01
4.639999999999999680e+00,1.425523813400000073e+01,7.417880083999999208e-01
4.650000000000000355e+00,1.425518680699999940e+01,7.420648636200000148e-01
4.660000000000000142e+00,1.425514457300000082e+01,7.422315745399999942e-01
4.669999999999999929e+00,1.425522711799999875e+01,7.420904752600000487e-01
4.679999999999999716e+00,1.425503226900000087e+01,7.428378969900000239e-01
4.690000000000000391e+00,1.425512935999999797e+01,7.421984598099999886e-01
4.700000000000000178e+00,1.425506210799999884e+01,7.431477263400000366e-01
4.709999999999999964e+00,1.425501294300000055e+01,7.425998198900000125e-01
4.719999999999999751e+00,1.425496131400000088e+01,7.432557288500000192e-01
4.730000000000000426e+00,1.425504418699999931e+01,7.430212277400000120e-01
4.740000000000000213e+00,1.425484897699999998e+01,7.433276319499999563e-01
4.750000000000000000e+00,1.425494331200000175e+01,7.434365790499999349e-01
4.759999999999999787e+00,1.425488034299999995e+01,7.434066449999999771e-01
4.769999999999999574e+00,1.425483186800000013e+01,7.437920090199999779e-01
4.780000000000000249e+00,1.425478308599999977e+01,7.435489355300000103e-01
4.790000000000000036e+00,1.425486487200000063e+01,7.440167022799999419e-01
4.799999999999999822e+00,1.425467308600000038e+01,7.438461901399999743e-01
4.809999999999999609e+00,1.425476981100000096e+01,7.441304541300000075e-01
4.820000000000000284e+00,1.425470870999999917e+01,7.441422173299999665e-01
4.830000000000000071e+00,1.425466319599999920e+01,7.442903760499999244e-01
4.839999999999999858e+00,1.425461508199999905e+01,7.443976934199999507e-01
4.849999999999999645e+00,1.425470092900000019e+01,7.444493322399999835e-01
4.860000000000000320e+00,1.425451102499999934e+01,7.446312250300000102e-01
4.870000000000000107e+00,1.425460951999999892e+01,7.446590424399999186e-01
4.879999999999999893e+00,1.425455046399999759e+01,7.447824741199999821e-01
4.889999999999999680e+00,1.425450753599999842e+01,7.448997045299999842e-01
4.900000000000000355e+00,1.425446229900000006e+01,7.449606925999999740e-01
4.910000000000000142e+00,1.425455082400000073e+01,7.450564436099998966e-01
4.919999999999999929e+00,1.425436347700000006e+01,7.451841389500000190e-01
4.929999999999999716e+00,1.425446561300000070e+01,7.452366752599999256e-01
4.940000000000000391e+00,1.425440939699999987e+01,7.453360175799998988e-01
4.950000000000000178e+00,1.425436938200000014e+01,7.454634507599999793e-01
4.959999999999999964e+00,1.425432667299999956e+01,7.454692318600000256e-01
4.969999999999999751e+00,1.425441759099999928e+01,7.456814871900000474e-01
4.980000000000000426e+00,1.425423321000000065e+01,7.456087998800000616e-01
4.990000000000000213e+00,1.425433724500000032e+01,7.458854374300000201e-01
5.000000000000000000e+00,1.425428392499999930e+01,7.457656314899999694e-01
5.009999999999999787e+00,1.425424611099999872e+01,7.460341687599999494e-01
5.019999999999999574e+00,1.425420583000000008e+01,7.460033171300000099e-01
5.030000000000000249e+00,1.425429940999999801e+01,7.460979868199999476e-01
5.040000000000000036e+00,1.425411710099999851e+01,7.462527039799999873e-01
5.049999999999999822e+00,1.425422411499999953e+01,7.462103067899999997e-01
5.059999999999999609e+00,1.425417126000000145e+01,7.464251140700000064e-01
5.070000000000000284e+00,1.425413707100000060e+01,7.463860730400000421e-01
5.080000000000000071e+00,1.425409809499999980e+01,7.465369005199999908e-01
5.089999999999999858e+00,1.425419343200000100e+01,7.465924938399999267e-01
5.099999999999999645e+00,1.425401328199999895e+01,7.466367701299999604e-01
5.110000000000000320e+00,1.425412165000000009e+01,7.467912600699999626e-01
5.120000000000000107e+00,1.425407191299999887e+01,7.467423750000000693e-01
5.129999999999999893e+00,1.425403797399999917e+01,7.469736290099999731e-01
5.139999999999999680e+00,1.425400177099999866e+01,7.468881673299999635e-01
5.150000000000000355e+00,1.425409867699999822e+01,7.470643023799999893e-01
5.160000000000000142e+00,1.425392006600000094e+01,7.471131404799999931e-01
5.169999999999999929e+00,1.425402912300000047e+01,7.471549408700000061e-01
5.179999999999999716e+00,1.425398050899999980e+01,7.472727620200000365e-01
5.190000000000000391e+00,1.425394881499999933e+01,7.472960699399999740e-01
5.200000000000000178e+00,1.425391188500000084e+01,7.474228628399999241e-01
5.209999999999999964e+00,1.425401040700000088e+01,7.474313142499999785e-01
5.219999999999999751e+00,1.425383326399999895e+01,7.475506838300000068e-01
5.230000000000000426e+00,1.425394380899999902e+01,7.476081174999998913e-01
5.240000000000000213e+00,1.425389644100000019e+01,7.476376508199999993e-01
5.250000000000000000e+00,1.425386587199999866e+01,7.477916756400000420e-01
5.259999999999999787e+00,1.425383079799999919e+01,7.477715153699999728e-01
5.269999999999999574e+00,1.425392997399999828e+01,7.479003561800000588e-01
5.280000000000000249e+00,1.425375411399999948e+01,7.479408513399999903e-01
5.290000000000000036e+00,1.425386583300000076e+01,7.480437292999999599e-01
5.299999999999999822e+00,1.425381960500000034e+01,7.480367126199999328e-01
5.309999999999999609e+00,1.425379020699999977e+01,7.482350539800000089e-01
5.320000000000000284e+00,1.425375630800000160e+01,7.481522501499999755e-01
5.330000000000000071e+00,1.425385641299999939e+01,7.483629294199999338e-01
5.339999999999999858e+00,1.425368186000000037e+01,7.483209299899999944e-01
5.349999999999999645e+00,1.425379436399999911e+01,7.484878134500000391e-01
5.360000000000000320e+00,1.425374901200000011e+01,7.484600081700000240e-01
5.370000000000000107e+00,1.425372084099999981e+01,7.486356507300000462e-01
5.379999999999999893e+00,1.425368759700000076e+01,7.486124379899999903e-01
5.389999999999999680e+00,1.425378887099999936e+01,7.487519525599999337e-01
5.400000000000000355e+00,1.425361500700000050e+01,7.487777671399999946e-01
5.410000000000000142e+00,1.425372856899999796e+01,7.488984917000000019e-01
5.419999999999999929e+00,1.425368403699999931e+01,7.488944900899999757e-01
5.429999999999999716e+00,1.425365679599999957e+01,7.490715720599999683e-01
5.440000000000000391e+00,1.425362042299999921e+01,7.490235526299999780e-01
5.450000000000000178e+00,1.425372624600000115e+01,7.492145956799999285e-01
5.459999999999999964e+00,1.425354897399999921e+01,7.491718486299999702e-01
5.469999999999999751e+00,1.425366279299999839e+01,7.493700359399999567e-01
5.480000000000000426e+00,1.425361922999999997e+01,7.492784129999999765e-01
5.490000000000000213e+00,1.425359188999999915e+01,7.495533043799998962e-01
5.500000000000000000e+00,1.425356002700000069e+01,7.494364184499999748e-01
5.509999999999999787e+00,1.425366274099999941e+01,7.496390005199999873e-01
5.519999999999999574e+00,1.425349059600000068e+01,7.496420754599999459e-01
5.530000000000000249e+00,1.425360534700000059e+01,7.497644859100000003e-01
5.540000000000000036e+00,1.425356194200000104e+01,7.497598292099999506e-01
5.549999999999999822e+00,1.425353615199999879e+01,7.499558816099999303e-01
5.559999999999999609e+00,1.425350538100000009e+01,7.498790920099999147e-01
5.570000000000000284e+00,1.425360867100000029e+01,7.500933770700000114e-01
5.580000000000000071e+00,1.425343699999999991e+01,7.500520160700000494e-01
5.589999999999999858e+00,1.425355262299999914e+01,7.502189607799999438e-01
5.599999999999999645e+00,1.425351026899999951e+01,7.501913394099999355e-01
5.610000000000000320e+00,1.425348530399999980e+01,7.503795927099999874e-01
5.620000000000000107e+00,1.425345468499999946e+01,7.503384948200000348e-01
5.629999999999999893e+00,1.425355883599999984e+01,7.505047598999999847e-01
5.639999999999999680e+00,1.425338807800000041e+01,7.504960551999999563e-01
5.650000000000000355e+00,1.425350436899999984e+01,7.506595067200000360e-01
5.660000000000000142e+00,1.425346246299999997e+01,7.506132099200000241e-01
5.669999999999999929e+00,1.425343810399999889e+01,7.508238925699999289e-01
5.679999999999999716e+00,1.425340829199999959e+01,7.507724209199999610e-01
5.690000000000000391e+00,1.425351317599999845e+01,7.509138852900000272e-01
5.700000000000000178e+00,1.425334275600000034e+01,7.509761293400000204e-01
5.709999999999999964e+00,1.425345976600000064e+01,7.510275871900000677e-01
5.719999999999999751e+00,1.425341828199999838e+01,7.511095320899999761e-01
5.730000000000000426e+00,1.425339498800000015e+01,7.512012220399999496e-01
5.740000000000000213e+00,1.425336528799999947e+01,7.512267280300000127e-01
5.750000000000000000e+00,1.425347082800000109e+01,7.513599426000000525e-01
5.759999999999999787e+00,1.425330117199999869e+01,7.513487134099999798e-01
5.769999999999999574e+00,1.425341856400000040e+01,7.515351981600000286e-01
5.780000000000000249e+00,1.425337793199999936e+01,7.514465703199999513e-01
5.790000000000000036e+00,1.425335467799999911e+01,7.517092304000000391e-01
5.799999999999999822e+00,1.425332601000000032e+01,7.515912116799999820e-01
5.809999999999999609e+00,1.425343183999999930e+01,7.518107223100000125e-01
5.820000000000000284e+00,1.425326277199999936e+01,7.517762760399999689e-01
5.830000000000000071e+00,1.425338071299999854e+01,7.519312078300000035e-01
5.839999999999999858e+00,1.425334037100000018e+01,7.519044907199999850e-01
5.849999999999999645e+00,1.425331795800000023e+01,7.520876624499999163e-01
5.860000000000000320e+00,1.425328952500000135e+01,7.520453129399999881e-01
5.870000000000000107e+00,1.425339599099999965e+01,7.521981188299999843e-01
5.879999999999999893e+00,1.425322725700000071e+01,7.522155588499999102e-01
5.889999999999999680e+00,1.425334582099999814e+01,7.523242014499998964e-01
5.900000000000000355e+00,1.425330585700000086e+01,7.523313607599999564e-01
5.910000000000000142e+00,1.425328394799999998e+01,7.524933516399999744e-01
5.919999999999999929e+00,1.425325593099999999e+01,7.524507320900000185e-01
5.929999999999999716e+00,1.425336283699999917e+01,7.526179250600000259e-01
5.940000000000000391e+00,1.425319464200000041e+01,7.526004727599999722e-01
5.950000000000000178e+00,1.425331351199999830e+01,7.527519538200000415e-01
5.959999999999999964e+00,1.425327405200000008e+01,7.527150219499999517e-01
5.969999999999999751e+00,1.425325254900000083e+01,7.529035861199999680e-01
5.980000000000000426e+00,1.425322494900000159e+01,7.528439707599999808e-01
5.990000000000000213e+00,1.425333226899999950e+01,7.530154066499999965e-01
6.000000000000000000e+00,1.425316448399999913e+01,7.529999225100000304e-01
6.009999999999999787e+00,1.425328371199999999e+01,7.531317936599999374e-01
6.019999999999999574e+00,1.425324462799999914e+01,7.531206187000000218e-01
6.030000000000000249e+00,1.425322360600000060e+01,7.532712514500000678e-01
6.040000000000000036e+00,1.425319620200000159e+01,7.532575864699999624e-01
6.049999999999999822e+00,1.425330407900000118e+01,7.533615474700000592e-01
6.059999999999999609e+00,1.425313648300000047e+01,7.534193238599999898e-01
6.070000000000000284e+00,1.425325633099999934e+01,7.534743900199999400e-01
6.080000000000000071e+00,1.425321733599999874e+01,7.535268873099999487e-01
6.089999999999999858e+00,1.425319688199999923e+01,7.536175981400000667e-01
6.099999999999999645e+00,1.425316969600000050e+01,7.536488206799999423e-01
6.110000000000000320e+00,1.425327799699999964e+01,7.537153864400000236e-01
6.120000000000000107e+00,1.425311068200000086e+01,7.537918349000000129e-01
6.129999999999999893e+00,1.425323091000000097e+01,7.538336956600000249e-01
6.139999999999999680e+00,1.425319221299999839e+01,7.538880585499999620e-01
6.150000000000000355e+00,1.425317212599999905e+01,7.539763769799999737e-01
6.160000000000000142e+00,1.425314522899999936e+01,7.539971157899999499e-01
6.169999999999999929e+00,1.425325382299999966e+01,7.540776848500000407e-01
6.179999999999999716e+00,1.425308689399999906e+01,7.541292341999999982e-01
6.190000000000000391e+00,1.425320733400000073e+01,7.541912863099999864e-01
6.200000000000000178e+00,1.425316904099999959e+01,7.542221786199999611e-01
6.209999999999999964e+00,1.425314921599999884e+01,7.543218866899999986e-01
6.219999999999999751e+00,1.425312259000000026e+01,7.543380896900000465e-01
6.230000000000000426e+00,1.425323152699999874e+01,7.544023695799999540e-01
6.240000000000000213e+00,1.425306482999999957e+01,7.544760549100000269e-01
6.250000000000000000e+00,1.425318564899999885e+01,7.545065402799999710e-01
6.259999999999999787e+00,1.425314747799999893e+01,7.545604710900000178e-01
6.269999999999999574e+00,1.425312806600000037e+01,7.546391291899999798e-01
6.280000000000000249e+00,1.425310164499999921e+01,7.546612475399999687e-01
6.290000000000000036e+00,1.425321087899999917e+01,7.547222410199999620e-01
6.299999999999999822e+00,1.425304444599999876e+01,7.547870037599999637e-01
6.309999999999999609e+00,1.425316552500000000e+01,7.548258668899999746e-01
6.320000000000000284e+00,1.425312761299999842e+01,7.548647326399999802e-01
6.330000000000000071e+00,1.425310848699999866e+01,7.549476706400000126e-01
6.339999999999999858e+00,1.425308227700000074e+01,7.549656599599999796e-01
6.349999999999999645e+00,1.425319177599999776e+01,7.550226754799999052e-01
6.360000000000000320e+00,1.425302560899999982e+01,7.550864573899999099e-01
6.370000000000000107e+00,1.425314693499999841e+01,7.551187513199999479e-01
6.379999999999999893e+00,1.425310922199999908e+01,7.551594994399999372e-01
6.389999999999999680e+00,1.425309038700000031e+01,7.552351255199999391e-01
6.400000000000000355e+00,1.425306437199999898e+01,7.552546676799999359e-01
6.410000000000000142e+00,1.425317413699999847e+01,7.553035060499999620e-01
6.419999999999999929e+00,1.425300817700000167e+01,7.553704756500000395e-01
6.429999999999999716e+00,1.425312975399999793e+01,7.553925055499999264e-01
6.440000000000000391e+00,1.425309222899999995e+01,7.554375137800000140e-01
6.450000000000000178e+00,1.425307365600000153e+01,7.555086761400000572e-01
6.459999999999999964e+00,1.425304785099999982e+01,7.555167401100000291e-01
6.469999999999999751e+00,1.425315780499999896e+01,7.555794300599999458e-01
6.480000000000000426e+00,1.425299209599999983e+01,7.556222291199999885e-01
6.490000000000000213e+00,1.425311380600000000e+01,7.556670362199999769e-01
6.500000000000000000e+00,1.425307654899999932e+01,7.556800387300000033e-01
6.509999999999999787e+00,1.425305815399999965e+01,7.557740106699999405e-01
6.519999999999999574e+00,1.425303254299999978e+01,7.557643045299999862e-01
6.530000000000000249e+00,1.425314267899999976e+01,7.558273620299998941e-01
6.540000000000000036e+00,1.425297720300000037e+01,7.558727903799999925e-01
6.549999999999999822e+00,1.425309914300000003e+01,7.559032392300000236e-01
6.559999999999999609e+00,1.425306202699999858e+01,7.559270162299999152e-01
6.570000000000000284e+00,1.425304388399999844e+01,7.560083321199999595e-01
6.580000000000000071e+00,1.425301843499999954e+01,7.559983444800000285e-01
6.589999999999999858e+00,1.425312876899999992e+01,7.560628166399999683e-01
6.599999999999999645e+00,1.425296349200000101e+01,7.560961820099999509e-01
6.610000000000000320e+00,1.425308559900000027e+01,7.561360464099999845e-01
6.620000000000000107e+00,1.425304866000000104e+01,7.561471552399999796e-01
6.629999999999999893e+00,1.425303073799999964e+01,7.562285494799999563e-01
6.639999999999999680e+00,1.425300541100000018e+01,7.562206623699999630e-01
6.650000000000000355e+00,1.425311594399999926e+01,7.562716795899999678e-01
6.660000000000000142e+00,1.425295082499999921e+01,7.563192982199999914e-01
6.669999999999999929e+00,1.425307316599999830e+01,7.563326356199999712e-01
6.679999999999999716e+00,1.425303627999999989e+01,7.563703607399999695e-01
6.690000000000000391e+00,1.425301863700000027e+01,7.564193688299999385e-01
6.700000000000000178e+00,1.425299340399999970e+01,7.564334053700000338e-01
6.709999999999999964e+00,1.425310413199999893e+01,7.564680363599999291e-01
6.719999999999999751e+00,1.425293916300000063e+01,7.565145192500000171e-01
6.730000000000000426e+00,1.425306164000000031e+01,7.565342278799999098e-01
6.740000000000000213e+00,1.425302493499999912e+01,7.565540594699999843e-01
6.750000000000000000e+00,1.425300744000000108e+01,7.566184472400000471e-01
6.759999999999999787e+00,1.425298236599999946e+01,7.566149397500000484e-01
6.769999999999999574e+00,1.425309322299999870e+01,7.566543330399999601e-01
6.780000000000000249e+00,1.425292841499999952e+01,7.566998824899999754e-01
6.790000000000000036e+00,1.425305103600000045e+01,7.567147556500000150e-01
6.799999999999999822e+00,1.425301447600000060e+01,7.567292077899999692e-01
6.809999999999999609e+00,1.425299713900000143e+01,7.567965172199999646e-01
6.820000000000000284e+00,1.425297215499999837e+01,7.567890857499999235e-01
6.830000000000000071e+00,1.425308318799999796e+01,7.568264128599999641e-01
6.839999999999999858e+00,1.425291852299999995e+01,7.568667372499999768e-01
6.849999999999999645e+00,1.425304127899999962e+01,7.568814664199999820e-01
6.860000000000000320e+00,1.425300480800000003e+01,7.568982123699999898e-01
6.870000000000000107e+00,1.425298764900000137e+01,7.569563919399999730e-01
6.879999999999999893e+00,1.425296277800000055e+01,7.569473830199999753e-01
6.889999999999999680e+00,1.425307392500000070e+01,7.569890243200000368e-01
6.900000000000000355e+00,1.425290940800000072e+01,7.570176785000000130e-01
6.910000000000000142e+00,1.425303223100000061e+01,7.570490110499999981e-01
6.919999999999999929e+00,1.425299601299999885e+01,7.570214950699999390e-01
6.929999999999999716e+00,1.425297878699999998e+01,7.571499494400000252e-01
6.940000000000000391e+00,1.425295424199999772e+01,7.570465972000000043e-01
6.950000000000000178e+00,1.425306528600000000e+01,7.571805392899999543e-01
6.959999999999999964e+00,1.425290109400000027e+01,7.571268186099999742e-01
6.969999999999999751e+00,1.425302391200000152e+01,7.572065498500000214e-01
6.980000000000000426e+00,1.425298776300000014e+01,7.571736898199999954e-01
6.990000000000000213e+00,1.425297081799999965e+01,7.572526177999999719e-01
7.000000000000000000e+00,1.425294617700000011e+01,7.572229236999999946e-01
7.009999999999999787e+00,1.425305748300000097e+01,7.572914847399999649e-01
7.019999999999999574e+00,1.425289335000000079e+01,7.572610247799999028e-01
7.030000000000000249e+00,1.425301621500000060e+01,7.573520834700000481e-01
7.040000000000000036e+00,1.425298027999999917e+01,7.572795919299999401e-01
7.049999999999999822e+00,1.425296333699999884e+01,7.574027087099999278e-01
7.059999999999999609e+00,1.425293883800000039e+01,7.573424094699999776e-01
7.070000000000000284e+00,1.425305029699999970e+01,7.573948902100000602e-01
7.080000000000000071e+00,1.425288608699999848e+01,7.574249169900000300e-01
7.089999999999999858e+00,1.425300931800000015e+01,7.574197138900000681e-01
7.099999999999999645e+00,1.425297315100000084e+01,7.574572721899999195e-01
7.110000000000000320e+00,1.425295665999999883e+01,7.574639033300000213e-01
7.120000000000000107e+00,1.425293192100000006e+01,7.575034575200000342e-01
7.129999999999999893e+00,1.425304370699999801e+01,7.574790619500000322e-01
7.139999999999999680e+00,1.425287948199999910e+01,7.575506486799999939e-01
7.150000000000000355e+00,1.425300279300000028e+01,7.575372436499999695e-01
7.160000000000000142e+00,1.425296681000000021e+01,7.575388939300000679e-01
7.169999999999999929e+00,1.425295020600000129e+01,7.576152880400000011e-01
7.179999999999999716e+00,1.425292582799999863e+01,7.575598741200000319e-01
7.190000000000000391e+00,1.425303740899999916e+01,7.576321770899999697e-01
7.200000000000000178e+00,1.425287349200000087e+01,7.576177997199999847e-01
7.209999999999999964e+00,1.425299675900000018e+01,7.576584473499999861e-01
7.219999999999999751e+00,1.425296088199999822e+01,7.576331063500000296e-01
7.230000000000000426e+00,1.425294438599999935e+01,7.577258917799999383e-01
7.240000000000000213e+00,1.425292011199999997e+01,7.576310335699999454e-01
7.250000000000000000e+00,1.425303161999999979e+01,7.577743462100000604e-01
7.259999999999999787e+00,1.425286806299999931e+01,7.576562798899999507e-01
7.269999999999999574e+00,1.425299105199999872e+01,7.578157389699999857e-01
7.280000000000000249e+00,1.425295556100000027e+01,7.576729005900000313e-01
7.290000000000000036e+00,1.425293892600000056e+01,7.578434253900000472e-01
7.299999999999999822e+00,1.425291478700000170e+01,7.577294061399999503e-01
7.309999999999999609e+00,1.425302645000000012e+01,7.578304737900000143e-01
7.320000000000000284e+00,1.425286275600000074e+01,7.577885522399999685e-01
7.330000000000000071e+00,1.425298607399999895e+01,7.578598607599998926e-01
7.339999999999999858e+00,1.425295043600000078e+01,7.577908528100000263e-01
7.349999999999999645e+00,1.425293400199999994e+01,7.579087674000000163e-01
7.360000000000000320e+00,1.425290984099999925e+01,7.578248625200000310e-01
7.370000000000000107e+00,1.425302164399999860e+01,7.579035112599999957e-01
7.379999999999999893e+00,1.425285794699999897e+01,7.578827808099999341e-01
7.389999999999999680e+00,1.425298140199999963e+01,7.579264023499999725e-01
7.400000000000000355e+00,1.425294575100000039e+01,7.578804386499999879e-01
7.410000000000000142e+00,1.425292941200000030e+01,7.579862703399999901e-01
7.419999999999999929e+00,1.425290533000000082e+01,7.578956623099999401e-01
7.429999999999999716e+00,1.425301714499999939e+01,7.579893834999998914e-01
7.440000000000000391e+00,1.425285355299999956e+01,7.579501882200000429e-01
7.450000000000000178e+00,1.425297703500000068e+01,7.580045679600000419e-01
7.459999999999999964e+00,1.425294142899999805e+01,7.579582116899999944e-01
7.469999999999999751e+00,1.425292522799999873e+01,7.580458578100000011e-01
7.480000000000000426e+00,1.425290110000000077e+01,7.579804595900000441e-01
7.490000000000000213e+00,1.425301299900000096e+01,7.580608296599999907e-01
7.500000000000000000e+00,1.425284953400000099e+01,7.580027173399999096e-01
7.509999999999999787e+00,1.425297294399999970e+01,7.580997296399999419e-01
7.519999999999999574e+00,1.425293750299999829e+01,7.580018157900000331e-01
7.530000000000000249e+00,1.425292126200000098e+01,7.581329383299999503e-01
7.540000000000000036e+00,1.425289725099999849e+01,7.580364363099999503e-01
7.549999999999999822e+00,1.425300919399999877e+01,7.581242138399999497e-01
7.559999999999999609e+00,1.425284571800000144e+01,7.580832704700000146e-01
7.570000000000000284e+00,1.425296928199999869e+01,7.581406605199999538e-01
7.580000000000000071e+00,1.425293377100000036e+01,7.580874885199999635e-01
7.589999999999999858e+00,1.425291767499999906e+01,7.581828518300000042e-01
7.599999999999999645e+00,1.425289365300000100e+01,7.581048608299999492e-01
7.610000000000000320e+00,1.425300563499999917e+01,7.581875567699999374e-01
7.620000000000000107e+00,1.425284228599999992e+01,7.581244396499999816e-01
7.629999999999999893e+00,1.425296574000000049e+01,7.582375975299999737e-01
7.639999999999999680e+00,1.425293055200000047e+01,7.580913053999999152e-01
7.650000000000000355e+00,1.425291413199999901e+01,7.583069576300000003e-01
7.660000000000000142e+00,1.425289049300000066e+01,7.581024464900000259e-01
7.669999999999999929e+00,1.425300230500000076e+01,7.582761381899999487e-01
7.679999999999999716e+00,1.425283901699999944e+01,7.581897055399999807e-01
7.690000000000000391e+00,1.425296267999999955e+01,7.582507840600000160e-01
7.700000000000000178e+00,1.425292717899999850e+01,7.582177362099999929e-01
7.709999999999999964e+00,1.425291129600000062e+01,7.582698549399999877e-01
7.719999999999999751e+00,1.425288717499999969e+01,7.582485057800000261e-01
7.730000000000000426e+00,1.425299947299999914e+01,7.582555911200000720e-01
7.740000000000000213e+00,1.425283591300000019e+01,7.582926601299999625e-01
7.750000000000000000e+00,1.425295980700000165e+01,7.582730648900000148e-01
7.759999999999999787e+00,1.425292421099999984e+01,7.582856425299999703e-01
7.769999999999999574e+00,1.425290845699999842e+01,7.583119990599999083e-01
7.780000000000000249e+00,1.425288433999999960e+01,7.582975520799999369e-01
7.790000000000000036e+00,1.425299663400000050e+01,7.583180144200000194e-01
7.799999999999999822e+00,1.425283320600000181e+01,7.583195901899999480e-01
7.809999999999999609e+00,1.425295699099999780e+01,7.583526939100000419e-01
7.820000000000000284e+00,1.425292162200000057e+01,7.582949776099999761e-01
7.830000000000000071e+00,1.425290567699999933e+01,7.584033886700000116e-01
7.839999999999999858e+00,1.425288181300000012e+01,7.583053565999999801e-01
7.849999999999999645e+00,1.425299396799999840e+01,7.583919262299999575e-01
7.860000000000000320e+00,1.425283066399999932e+01,7.583554388700000093e-01
7.870000000000000107e+00,1.425295447899999957e+01,7.583940012500000050e-01
7.879999999999999893e+00,1.425291907300000105e+01,7.583550021400000674e-01
7.889999999999999680e+00,1.425290326999999913e+01,7.584295015499999959e-01
7.900000000000000355e+00,1.425287932700000049e+01,7.583672271699999357e-01
7.910000000000000142e+00,1.425299158099999808e+01,7.584264691100000011e-01
7.919999999999999929e+00,1.425282830600000139e+01,7.583965186100000144e-01
7.929999999999999716e+00,1.425295209899999804e+01,7.584493083400000168e-01
7.940000000000000391e+00,1.425291679500000086e+01,7.583821483199999491e-01
7.950000000000000178e+00,1.425290094999999901e+01,7.584856207400000327e-01
7.959999999999999964e+00,1.425287709299999861e+01,7.583990344200000067e-01
7.969999999999999751e+00,1.425298933699999893e+01,7.584748656699999980e-01
7.980000000000000426e+00,1.425282610899999902e+01,7.584349283400000363e-01
7.990000000000000213e+00,1.425294993099999985e+01,7.584869482899999626e-01
8.000000000000000000e+00,1.425291462499999895e+01,7.584294905499999739e-01
8.009999999999999787e+00,1.425289884900000104e+01,7.585208777599999896e-01
8.019999999999999574e+00,1.425287500000000129e+01,7.584381319899999863e-01
8.029999999999999361e+00,1.425298728699999806e+01,7.585064964300000101e-01
8.039999999999999147e+00,1.425282397900000042e+01,7.585025658199999743e-01
8.050000000000000711e+00,1.425294808099999955e+01,7.584738023199999457e-01
8.060000000000000497e+00,1.425291241399999898e+01,7.585364078199999804e-01
8.070000000000000284e+00,1.425289710600000070e+01,7.584815917699999632e-01
8.080000000000000071e+00,1.425287284300000046e+01,7.585519772399998972e-01
8.089999999999999858e+00,1.425298552900000004e+01,7.584850523899999697e-01
8.099999999999999645e+00,1.425282204299999833e+01,7.585619066600000071e-01
8.109999999999999432e+00,1.425294612299999919e+01,7.585304042899999599e-01
8.119999999999999218e+00,1.425291074799999969e+01,7.585151041499998970e-01
8.130000000000000782e+00,1.425289506100000025e+01,7.585948017199999338e-01
8.140000000000000568e+00,1.425287126799999982e+01,7.585018817899999988e-01
8.150000000000000355e+00,1.425298352200000096e+01,7.586061166999999994e-01
8.160000000000000142e+00,1.425282048400000079e+01,7.585182880199999866e-01
8.169999999999999929e+00,1.425294423400000099e+01,7.586259731799999129e-01
8.179999999999999716e+00,1.425290914700000044e+01,7.585075770200000456e-01
8.189999999999999503e+00,1.425289330500000062e+01,7.586518431100000015e-01
8.199999999999999289e+00,1.425286960100000044e+01,7.585310582899998932e-01
8.210000000000000853e+00,1.425298190700000056e+01,7.586251311599999658e-01
8.220000000000000639e+00,1.425281878499999877e+01,7.585785133799999302e-01
8.230000000000000426e+00,1.425294269900000188e+01,7.586287990999999176e-01
8.240000000000000213e+00,1.425290747999999930e+01,7.585634702799999296e-01
8.250000000000000000e+00,1.425289177899999871e+01,7.586695384000000653e-01
8.259999999999999787e+00,1.425286803899999910e+01,7.585688411200000036e-01
8.269999999999999574e+00,1.425298037399999806e+01,7.586554435299999177e-01
8.279999999999999361e+00,1.425281726700000107e+01,7.586087308900000270e-01
8.289999999999999147e+00,1.425294121599999997e+01,7.586568217900000466e-01
8.300000000000000711e+00,1.425290596399999998e+01,7.586073279200000741e-01
8.310000000000000497e+00,1.425289038699999900e+01,7.586763952999999727e-01
8.320000000000000284e+00,1.425286653099999867e+01,7.586220060999999681e-01
8.330000000000000071e+00,1.425297897399999947e+01,7.586758478399999728e-01
8.339999999999999858e+00,1.425281587999999999e+01,7.586344878499999833e-01
8.349999999999999645e+00,1.425293975799999835e+01,7.586921046599999219e-01
8.359999999999999432e+00,1.425290459999999904e+01,7.586320507699999549e-01
8.369999999999999218e+00,1.425288901900000127e+01,7.587123638999999642e-01
8.380000000000000782e+00,1.425286520200000062e+01,7.586459840299999424e-01
8.390000000000000568e+00,1.425297766699999968e+01,7.586993337499999823e-01
8.400000000000000355e+00,1.425281454799999992e+01,7.586679373200000409e-01
8.410000000000000142e+00,1.425293844999999848e+01,7.587294004699999261e-01
8.419999999999999929e+00,1.425290340499999964e+01,7.586344538999999498e-01
8.429999999999999716e+00,1.425288767800000045e+01,7.587660762899999245e-01
8.439999999999999503e+00,1.425286400100000073e+01,7.586566315000000671e-01
8.449999999999999289e+00,1.425297642800000020e+01,7.587303341999999118e-01
8.460000000000000853e+00,1.425281331000000051e+01,7.587060190600000142e-01
8.470000000000000639e+00,1.425293732500000132e+01,7.587291318100000126e-01
8.480000000000000426e+00,1.425290210200000018e+01,7.586987392499999761e-01
8.490000000000000213e+00,1.425288661699999793e+01,7.587547246899999376e-01
8.500000000000000000e+00,1.425286277599999885e+01,7.587101987300000072e-01
8.509999999999999787e+00,1.425297533300000019e+01,7.587368021400000551e-01
8.519999999999999574e+00,1.425281213900000132e+01,7.587464374099999187e-01
8.529999999999999361e+00,1.425293623099999962e+01,7.587451771700000069e-01
8.539999999999999147e+00,1.425290100999999865e+01,7.587220730999999496e-01
8.550000000000000711e+00,1.425288549300000085e+01,7.587930902099999653e-01
8.560000000000000497e+00,1.425286176699999885e+01,7.587086320499999426e-01
8.570000000000000284e+00,1.425297416300000108e+01,7.588013649599999466e-01
8.580000000000000071e+00,1.425281122900000064e+01,7.587196410800000068e-01
8.589999999999999858e+00,1.425293505499999824e+01,7.588204589000000500e-01
8.599999999999999645e+00,1.425290009500000110e+01,7.587052814699999370e-01
8.609999999999999432e+00,1.425288442200000105e+01,7.588446370699999388e-01
8.619999999999999218e+00,1.425286081000000138e+01,7.587102993400000051e-01
8.630000000000000782e+00,1.425297313199999927e+01,7.588418255799999068e-01
8.640000000000000568e+00,1.425281026899999937e+01,7.587318022500000314e-01
8.650000000000000355e+00,1.425293407400000056e+01,7.588525786499999981e-01
8.660000000000000142e+00,1.425289918300000025e+01,7.587129394699999585e-01
8.669999999999999929e+00,1.425288342699999866e+01,7.588843147799999578e-01
8.679999999999999716e+00,1.425285991199999813e+01,7.587263016999999943e-01
8.689999999999999503e+00,1.425297224900000082e+01,7.588498149099999202e-01
8.699999999999999289e+00,1.425280928999999830e+01,7.587864848299999965e-01
8.710000000000000853e+00,1.425293330400000080e+01,7.588256074499999393e-01
8.720000000000000639e+00,1.425289812599999983e+01,7.587955113700000087e-01
8.730000000000000426e+00,1.425288273199999978e+01,7.588393572099999540e-01
8.740000000000000213e+00,1.425285889300000086e+01,7.588053819599999139e-01
8.750000000000000000e+00,1.425297148999999841e+01,7.588338502499999416e-01
8.759999999999999787e+00,1.425280841400000043e+01,7.588197388899999840e-01
8.769999999999999574e+00,1.425293245199999959e+01,7.588522610200000296e-01
8.779999999999999361e+00,1.425289735999999863e+01,7.587959358000000432e-01
8.789999999999999147e+00,1.425288183900000050e+01,7.588893521499999739e-01
8.800000000000000711e+00,1.425285816200000077e+01,7.587969504399999510e-01
8.810000000000000497e+00,1.425297066299999926e+01,7.588679211300000116e-01
8.820000000000000284e+00,1.425280763099999959e+01,7.588379224100000320e-01
8.830000000000000071e+00,1.425293166499999842e+01,7.588785207199999494e-01
8.839999999999999858e+00,1.425289667699999896e+01,7.587838005500000538e-01
8.849999999999999645e+00,1.425288092899999981e+01,7.589623314900000306e-01
8.859999999999999432e+00,1.425285756499999934e+01,7.587624216299999613e-01
8.869999999999999218e+00,1.425296982099999887e+01,7.589267437300000196e-01
8.880000000000000782e+00,1.425280696399999947e+01,7.588301035699999142e-01
8.890000000000000568e+00,1.425293092100000081e+01,7.589078115199999752e-01
8.900000000000000355e+00,1.425289593700000168e+01,7.588090322099999563e-01
8.910000000000000142e+00,1.425288028099999948e+01,7.589670130899999201e-01
8.919999999999999929e+00,1.425285686099999793e+01,7.587810749599999127e-01
8.929999999999999716e+00,1.425296907299999916e+01,7.589635076799999824e-01
8.939999999999999503e+00,1.425280636900000175e+01,7.588211144700000022e-01
8.949999999999999289e+00,1.425293020700000035e+01,7.589417997199999766e-01
8.960000000000000853e+00,1.425289524199999924e+01,7.588380404099999144e-01
8.970000000000000639e+00,1.425287974499999955e+01,7.589383910300000480e-01
8.980000000000000426e+00,1.425285602299999788e+01,7.588681707600000159e-01
8.990000000000000213e+00,1.425296864999999968e+01,7.589031437500000088e-01
9.000000000000000000e+00,1.425280555500000013e+01,7.589054837199999959e-01
9.009999999999999787e+00,1.425292969299999868e+01,7.589135236499999770e-01
9.019999999999999574e+00,1.425289457899999945e+01,7.588770973399999731e-01
9.029999999999999361e+00,1.425287915500000047e+01,7.589466946199999731e-01
9.039999999999999147e+00,1.425285543800000099e+01,7.588777599600000645e-01
9.050000000000000711e+00,1.425296797899999923e+01,7.589453756299999743e-01
9.060000000000000497e+00,1.425280507599999957e+01,7.588813245399999019e-01
9.070000000000000284e+00,1.425292901100000087e+01,7.589677173999999082e-01
9.080000000000000071e+00,1.425289407800000063e+01,7.588618486199999458e-01
9.089999999999999858e+00,1.425287852300000146e+01,7.589892046599999720e-01
9.099999999999999645e+00,1.425285492099999907e+01,7.588774248799999844e-01
9.109999999999999432e+00,1.425296745799999876e+01,7.589492478299999512e-01
9.119999999999999218e+00,1.425280443800000008e+01,7.589277742099999058e-01
9.130000000000000782e+00,1.425292856599999958e+01,7.589509300199999142e-01
9.140000000000000568e+00,1.425289348100000097e+01,7.588983693399999897e-01
9.150000000000000355e+00,1.425287800299999930e+01,7.590000558899999694e-01
9.160000000000000142e+00,1.425285446400000033e+01,7.588667901300000240e-01
9.169999999999999929e+00,1.425296678300000153e+01,7.590222244400000040e-01
9.179999999999999716e+00,1.425280414000000029e+01,7.588670608799999995e-01
9.189999999999999503e+00,1.425292786500000020e+01,7.590355412899999488e-01
9.199999999999999289e+00,1.425289312999999858e+01,7.588562497699999909e-01
9.210000000000000853e+00,1.425287744300000092e+01,7.590428773699999798e-01
9.220000000000000639e+00,1.425285394699999841e+01,7.588876089100000666e-01
9.230000000000000426e+00,1.425296642099999822e+01,7.589951255599999280e-01
9.240000000000000213e+00,1.425280348600000124e+01,7.589449316199999851e-01
9.250000000000000000e+00,1.425292760499999822e+01,7.589713183199999769e-01
9.259999999999999787e+00,1.425289247000000081e+01,7.589473053199999875e-01
9.269999999999999574e+00,1.425287714600000122e+01,7.589919067099999417e-01
9.279999999999999361e+00,1.425285339500000070e+01,7.589435991999999853e-01
9.289999999999999147e+00,1.425296602199999896e+01,7.589855716500000238e-01
9.300000000000000711e+00,1.425280303499999945e+01,7.589629732099999471e-01
9.310000000000000497e+00,1.425292712000000073e+01,7.590033224100000142e-01
9.320000000000000284e+00,1.425289217800000152e+01,7.589046998699999769e-01
9.330000000000000071e+00,1.425287650799999994e+01,7.590835973999999764e-01
9.339999999999999858e+00,1.425285316000000080e+01,7.588829115799999858e-01
9.349999999999999645e+00,1.425296548999999935e+01,7.590458165299999171e-01
9.359999999999999432e+00,1.425280268699999908e+01,7.589480169900000295e-01
9.369999999999999218e+00,1.425292669200000084e+01,7.590224311300000082e-01
9.380000000000000782e+00,1.425289172999999998e+01,7.589353008099999354e-01
9.390000000000000568e+00,1.425287622099999929e+01,7.590559400999999928e-01
9.400000000000000355e+00,1.425285265900000020e+01,7.589346291599999850e-01
9.410000000000000142e+00,1.425296516800000113e+01,7.590293719699999775e-01
9.419999999999999929e+00,1.425280226499999969e+01,7.589771008499999194e-01
9.429999999999999716e+00,1.425292636000000002e+01,7.590167612000000563e-01
9.439999999999999503e+00,1.425289128499999869e+01,7.589700811699999772e-01
9.449999999999999289e+00,1.425287593300000033e+01,7.590376158899999615e-01
9.460000000000000853e+00,1.425285222799999829e+01,7.589713168399999654e-01
9.470000000000000639e+00,1.425296483999999886e+01,7.590275738699999719e-01
9.480000000000000426e+00,1.425280191999999957e+01,7.589829755799999411e-01
9.490000000000000213e+00,1.425292595200000001e+01,7.590465395500000101e-01
9.500000000000000000e+00,1.425289101299999928e+01,7.589519460399999362e-01
9.509999999999999787e+00,1.425287550500000044e+01,7.590791158599999866e-01
9.519999999999999574e+00,1.425285196599999971e+01,7.589519372499999861e-01
9.529999999999999361e+00,1.425296444099999782e+01,7.590620351199999227e-01
9.539999999999999147e+00,1.425280162700000020e+01,7.589776172599999038e-01
9.550000000000000711e+00,1.425292561400000046e+01,7.590611277600000095e-01
9.560000000000000497e+00,1.425289064999999944e+01,7.589750464899999161e-01
9.570000000000000284e+00,1.425287527599999926e+01,7.590568511999999934e-01
9.580000000000000071e+00,1.425285154600000048e+01,7.589985551200000291e-01
9.589999999999999858e+00,1.425296417899999923e+01,7.590515344999999581e-01
9.599999999999999645e+00,1.425280134299999801e+01,7.589804928200000189e-01
9.609999999999999432e+00,1.425292522799999873e+01,7.590974323100000420e-01
9.619999999999999218e+00,1.425289046600000020e+01,7.589404903899999999e-01
9.630000000000000782e+00,1.425287483099999974e+01,7.591208092700000298e-01
9.640000000000000568e+00,1.425285135899999922e+01,7.589657864800000153e-01
9.650000000000000355e+00,1.425296389300000044e+01,7.590616703799999421e-01
9.660000000000000142e+00,1.425280091599999999e+01,7.590340867200000563e-01
9.669999999999999929e+00,1.425292515500000157e+01,7.590328632399999664e-01
9.679999999999999716e+00,1.425288996799999808e+01,7.590317434800000207e-01
9.689999999999999503e+00,1.425287474799999998e+01,7.590532455599999784e-01
9.699999999999999289e+00,1.425285093399999958e+01,7.590312849399999395e-01
9.710000000000000853e+00,1.425296369099999971e+01,7.590405953500000136e-01
9.720000000000000639e+00,1.425280065499999971e+01,7.590467425900000453e-01
9.730000000000000426e+00,1.425292484000000037e+01,7.590546406299999438e-01
9.740000000000000213e+00,1.425288976000000041e+01,7.590179670300000181e-01
9.750000000000000000e+00,1.425287442199999965e+01,7.590888944000000471e-01
9.759999999999999787e+00,1.425285077200000039e+01,7.590048318400000049e-01
9.769999999999999574e+00,1.425296333599999876e+01,7.590870224800000399e-01
9.779999999999999361e+00,1.425280048700000002e+01,7.590206221199999881e-01
9.789999999999999147e+00,1.425292453399999992e+01,7.590871842399999903e-01
9.800000000000000711e+00,1.425288955400000113e+01,7.590086721599998976e-01
9.810000000000000497e+00,1.425287416500000148e+01,7.591041224599999193e-01
9.820000000000000284e+00,1.425285051300000028e+01,7.590193709900000529e-01
9.830000000000000071e+00,1.425296315199999952e+01,7.590745347699999757e-01
9.839999999999999858e+00,1.425280019000000031e+01,7.590517923899999797e-01
9.849999999999999645e+00,1.425292435599999941e+01,7.590747091699999727e-01
9.859999999999999432e+00,1.425288929100000068e+01,7.590304606900000195e-01
9.869999999999999218e+00,1.425287395299999993e+01,7.591038798599999415e-01
9.880000000000000782e+00,1.425285029399999992e+01,7.590247664899999469e-01
9.890000000000000568e+00,1.425296290499999863e+01,7.590926972199999456e-01
9.900000000000000355e+00,1.425280002000000046e+01,7.590427116900000382e-01
9.910000000000000142e+00,1.425292409199999888e+01,7.590981310300000118e-01
9.919999999999999929e+00,1.425288911200000008e+01,7.590227501999999848e-01
9.929999999999999716e+00,1.425287371900000011e+01,7.591214475199999923e-01
9.939999999999999503e+00,1.425285010300000010e+01,7.590255387599998960e-01
9.949999999999999289e+00,1.425296270299999968e+01,7.590971421400000141e-01
9.960000000000000853e+00,1.425279978100000022e+01,7.590612350800000074e-01
9.970000000000000639e+00,1.425292394000000051e+01,7.590872926899999706e-01
9.980000000000000426e+00,1.425288887099999968e+01,7.590451286799999586e-01
9.990000000000000213e+00,1.425287355600000083e+01,7.591156600199999716e-01
1.000000000000000000e+01,1.425284987600000086e+01,7.590438427000000265e-01
1.000999999999999979e+01,1.425296253900000032e+01,7.590915039800000264e-01
1.001999999999999957e+01,1.425279957299999900e+01,7.590746790600000349e-01
1.002999999999999936e+01,1.425292375999999983e+01,7.590919096099999486e-01
1.003999999999999915e+01,1.425288869599999941e+01,7.590471958700000243e-01
1.005000000000000071e+01,1.425287332000000085e+01,7.591399813199999347e-01
1.006000000000000050e+01,1.425284982800000044e+01,7.590009860699999944e-01
1.007000000000000028e+01,1.425296215500000052e+01,7.591747000899999875e-01
1.008000000000000007e+01,1.425279961300000053e+01,7.590015647500000240e-01
1.008999999999999986e+01,1.425292341199999768e+01,7.591604242699999672e-01
1.009999999999999964e+01,1.425288863499999970e+01,7.590081388499999582e-01
1.010999999999999943e+01,1.425287309399999813e+01,7.591710203799999501e-01
1.011999999999999922e+01,1.425284963500000046e+01,7.590129514799999200e-01
1.013000000000000078e+01,1.425296210099999961e+01,7.591382497799999962e-01
1.014000000000000057e+01,1.425279928399999996e+01,7.590649978399999220e-01
1.015000000000000036e+01,1.425292341100000115e+01,7.591088238500000029e-01
1.016000000000000014e+01,1.425288832699999908e+01,7.590702862499999481e-01
1.016999999999999993e+01,1.425287308600000102e+01,7.591152999000000401e-01
1.017999999999999972e+01,1.425284932799999993e+01,7.590750259799999844e-01
1.018999999999999950e+01,1.425296203999999989e+01,7.591087930800000105e-01
1.019999999999999929e+01,1.425279912400000093e+01,7.590750344699999097e-01
1.021000000000000085e+01,1.425292319299999910e+01,7.591332590999999574e-01
1.022000000000000064e+01,1.425288826499999928e+01,7.590424679799999685e-01
1.023000000000000043e+01,1.425287285100000112e+01,7.591557378400000111e-01
1.024000000000000021e+01,1.425284924200000169e+01,7.590560427399999366e-01
1.025000000000000000e+01,1.425296189199999830e+01,7.591140593499999811e-01
1.025999999999999979e+01,1.425279890799999905e+01,7.591037739600000611e-01
1.026999999999999957e+01,1.425292314599999877e+01,7.591058185500000333e-01
1.027999999999999936e+01,1.425288807199999930e+01,7.590659089900000378e-01
1.028999999999999915e+01,1.425287268599999990e+01,7.591684671300000797e-01
1.030000000000000071e+01,1.425284919699999975e+01,7.590282652099999972e-01
1.031000000000000050e+01,1.425296162399999922e+01,7.591674220499999848e-01
1.032000000000000028e+01,1.425279893399999942e+01,7.590486582500000079e-01
1.033000000000000007e+01,1.425292285399999948e+01,7.591695317400000143e-01
1.033999999999999986e+01,1.425288804300000045e+01,7.590308739599999077e-01
1.034999999999999964e+01,1.425287253499999984e+01,7.591815562800000583e-01
1.035999999999999943e+01,1.425284902900000006e+01,7.590443054000000078e-01
1.036999999999999922e+01,1.425296153299999879e+01,7.591592850199999631e-01
1.038000000000000078e+01,1.425279878700000147e+01,7.590625315600000311e-01
1.039000000000000057e+01,1.425292276600000108e+01,7.591585717100000075e-01
1.040000000000000036e+01,1.425288785999999952e+01,7.590572811999999336e-01
1.041000000000000014e+01,1.425287246799999963e+01,7.591658245800000371e-01
1.041999999999999993e+01,1.425284886300000053e+01,7.590645297199999364e-01
1.042999999999999972e+01,1.425296149399999912e+01,7.591339757899999707e-01
1.043999999999999950e+01,1.425279849499999862e+01,7.591290115400000094e-01
1.044999999999999929e+01,1.425292289799999956e+01,7.590731624700000069e-01
1.046000000000000085e+01,1.425288748999999910e+01,7.591534423899999329e-01
1.047000000000000064e+01,1.425287257299999943e+01,7.590878338100000011e-01
1.048000000000000043e+01,1.425284854799999934e+01,7.591449353999999428e-01
1.049000000000000021e+01,1.425296154599999987e+01,7.590738940800000334e-01
1.050000000000000000e+01,1.425279832499999877e+01,7.591589110499999959e-01
1.050999999999999979e+01,1.425292272299999929e+01,7.590975879199999277e-01
1.051999999999999957e+01,1.425288754700000027e+01,7.591067838099999632e-01
1.052999999999999936e+01,1.425287225999999841e+01,7.591573165999999651e-01
1.053999999999999915e+01,1.425284863700000137e+01,7.590701121299999743e-01
1.055000000000000071e+01,1.425296120500000008e+01,7.591640460799999879e-01
1.056000000000000050e+01,1.425279843099999866e+01,7.590798807499999912e-01
1.057000000000000028e+01,1.425292242799999975e+01,7.591712978299999248e-01
1.058000000000000007e+01,1.425288757000000039e+01,7.590582842899999960e-01
1.058999999999999986e+01,1.425287209399999888e+01,7.591884131999999674e-01
1.059999999999999964e+01,1.425284853500000004e+01,7.590712407799999895e-01
1.060999999999999943e+01,1.425296114300000028e+01,7.591525367400000501e-01
1.061999999999999922e+01,1.425279826299999897e+01,7.591082215700000191e-01
1.063000000000000078e+01,1.425292241499999868e+01,7.591429429799999573e-01
1.064000000000000057e+01,1.425288737800000050e+01,7.590972740899999405e-01
1.065000000000000036e+01,1.425287208699999830e+01,7.591580340699999319e-01
1.066000000000000014e+01,1.425284837299999907e+01,7.591005945700000090e-01
1.066999999999999993e+01,1.425296109099999953e+01,7.591397308799999744e-01
1.067999999999999972e+01,1.425279815200000044e+01,7.591193892800000009e-01
1.068999999999999950e+01,1.425292232199999987e+01,7.591461882699999109e-01
1.069999999999999929e+01,1.425288731600000069e+01,7.590910723899999546e-01
1.071000000000000085e+01,1.425287195499999804e+01,7.591771185300000280e-01
1.072000000000000064e+01,1.425284832700000059e+01,7.590873123599999328e-01
1.073000000000000043e+01,1.425296093800000108e+01,7.591543740099999660e-01
1.074000000000000021e+01,1.425279809699999944e+01,7.591153901399999571e-01
1.075000000000000000e+01,1.425292222500000072e+01,7.591576138300000220e-01
1.075999999999999979e+01,1.425288727400000077e+01,7.590833123199999255e-01
1.076999999999999957e+01,1.425287186099999914e+01,7.591859590699999716e-01
1.077999999999999936e+01,1.425284823500000186e+01,7.590952050299999421e-01
1.078999999999999915e+01,1.425296090099999979e+01,7.591448910999999411e-01
1.080000000000000071e+01,1.425279797900000034e+01,7.591342264300000586e-01
1.081000000000000050e+01,1.425292221199999965e+01,7.591373908399999815e-01
1.082000000000000028e+01,1.425288711100000150e+01,7.591174608399999801e-01
1.083000000000000007e+01,1.425287187400000022e+01,7.591581173900000534e-01
1.083999999999999986e+01,1.425284810499999821e+01,7.591205939199999753e-01
1.084999999999999964e+01,1.425296086300000020e+01,7.591337436099999669e-01
1.085999999999999943e+01,1.425279794200000083e+01,7.591444230999999654e-01
1.086999999999999922e+01,1.425292210899999823e+01,7.591389522199999407e-01
1.088000000000000078e+01,1.425288703100000021e+01,7.591151747299998975e-01
1.089000000000000057e+01,1.425287175299999909e+01,7.591714035200000099e-01
1.090000000000000036e+01,1.425284806700000040e+01,7.591070490799999293e-01
1.091000000000000014e+01,1.425296071999999903e+01,7.591587329600000267e-01
1.091999999999999993e+01,1.425279794000000066e+01,7.591180254799999583e-01
1.092999999999999972e+01,1.425292194899999920e+01,7.591708524300000427e-01
1.093999999999999950e+01,1.425288701499999888e+01,7.590949626399999817e-01
1.094999999999999929e+01,1.425287164500000081e+01,7.591889084499999774e-01
1.096000000000000085e+01,1.425284801899999998e+01,7.590974519500000017e-01
1.097000000000000064e+01,1.425296060600000025e+01,7.591755326099999257e-01
1.098000000000000043e+01,1.425279791700000054e+01,7.591039102300000119e-01
1.099000000000000021e+01,1.425292182899999993e+01,7.591925412000000151e-01
1.100000000000000000e+01,1.425288699799999925e+01,7.590785868499999589e-01
1.100999999999999979e+01,1.425287153400000051e+01,7.592054301999999755e-01
1.101999999999999957e+01,1.425284796899999762e+01,7.590934291599999995e-01
1.102999999999999936e+01,1.425296056700000058e+01,7.591733027399999445e-01
1.103999999999999915e+01,1.425279780800000040e+01,7.591238666099999755e-01
1.105000000000000071e+01,1.425292184899999981e+01,7.591661607399999845e-01
1.106000000000000050e+01,1.425288685900000019e+01,7.591105890099999476e-01
1.107000000000000028e+01,1.425287153800000084e+01,7.591849026000000444e-01
1.108000000000000007e+01,1.425284787399999864e+01,7.591108089500000489e-01
1.108999999999999986e+01,1.425296054500000054e+01,7.591618461899999337e-01
1.109999999999999964e+01,1.425279771400000151e+01,7.591395909099999395e-01
1.110999999999999943e+01,1.425292181999999919e+01,7.591586152000000531e-01
1.111999999999999922e+01,1.425288679600000030e+01,7.591157118799999326e-01
1.113000000000000078e+01,1.425287146900000046e+01,7.591915908499999865e-01
1.114000000000000057e+01,1.425284785000000021e+01,7.591013755799999041e-01
1.115000000000000036e+01,1.425296043099999999e+01,7.591861496699999767e-01
1.116000000000000014e+01,1.425279774800000077e+01,7.591114604799999999e-01
1.116999999999999993e+01,1.425292168200000020e+01,7.591910076500000271e-01
1.117999999999999972e+01,1.425288679600000030e+01,7.590968146000000027e-01
1.118999999999999950e+01,1.425287140800000074e+01,7.591994351699999921e-01
1.119999999999999929e+01,1.425284776699999867e+01,7.591139594399999302e-01
1.121000000000000085e+01,1.425296045199999817e+01,7.591638893000000055e-01
1.122000000000000064e+01,1.425279761599999873e+01,7.591403060400000458e-01
1.123000000000000043e+01,1.425292169700000144e+01,7.591692279999999737e-01
1.124000000000000021e+01,1.425288668999999864e+01,7.591212955299999621e-01
1.125000000000000000e+01,1.425287142399999851e+01,7.591756862499999814e-01
1.125999999999999979e+01,1.425284765099999973e+01,7.591411173899998976e-01
1.126999999999999957e+01,1.425296044100000081e+01,7.591495953100000360e-01
1.127999999999999936e+01,1.425279755699999917e+01,7.591491050499999949e-01
1.128999999999999915e+01,1.425292163899999842e+01,7.591745097600000047e-01
1.130000000000000071e+01,1.425288667899999773e+01,7.591100426799999301e-01
1.131000000000000050e+01,1.425287132499999920e+01,7.591967818299999449e-01
1.132000000000000028e+01,1.425284764799999948e+01,7.591262006699999176e-01
1.133000000000000007e+01,1.425296038799999998e+01,7.591563741400000342e-01
1.133999999999999986e+01,1.425279749099999904e+01,7.591560838599999972e-01
1.134999999999999964e+01,1.425292160999999957e+01,7.591708315899999837e-01
1.135999999999999943e+01,1.425288666099999979e+01,7.591023316500000728e-01
1.136999999999999922e+01,1.425287117300000084e+01,7.592374462099998889e-01
1.138000000000000078e+01,1.425284779400000090e+01,7.590607131299998978e-01
1.139000000000000057e+01,1.425296014699999780e+01,7.592280491699999745e-01
1.140000000000000036e+01,1.425279757400000058e+01,7.591102524999999712e-01
1.141000000000000014e+01,1.425292151999999923e+01,7.591938692499999863e-01
1.141999999999999993e+01,1.425288661000000090e+01,7.591038404400000106e-01
1.142999999999999972e+01,1.425287120099999960e+01,7.592145152599999447e-01
1.143999999999999950e+01,1.425284762200000088e+01,7.591097623499999392e-01
1.144999999999999929e+01,1.425296023699999992e+01,7.591823648700000149e-01
1.146000000000000085e+01,1.425279745799999986e+01,7.591410489100000047e-01
1.147000000000000064e+01,1.425292146500000179e+01,7.591762877699999024e-01
1.148000000000000043e+01,1.425288655399999982e+01,7.591314637899999607e-01
1.149000000000000021e+01,1.425287129099999994e+01,7.591798588200000530e-01
1.150000000000000000e+01,1.425284750299999814e+01,7.591473230699999908e-01
1.150999999999999979e+01,1.425296029799999964e+01,7.591531075099999804e-01
1.151999999999999957e+01,1.425279736599999936e+01,7.591714298799999705e-01
1.152999999999999936e+01,1.425292150999999841e+01,7.591534473199998967e-01
1.153999999999999915e+01,1.425288649800000051e+01,7.591421058099999675e-01
1.155000000000000071e+01,1.425287124899999824e+01,7.591868410500000053e-01
1.156000000000000050e+01,1.425284750899999864e+01,7.591398702900000739e-01
1.157000000000000028e+01,1.425296025799999988e+01,7.591604657700000702e-01
1.158000000000000007e+01,1.425279732799999977e+01,7.591716221400000020e-01
1.158999999999999986e+01,1.425292149500000072e+01,7.591505900799999651e-01
1.159999999999999964e+01,1.425288645699999890e+01,7.591517434300000255e-01
1.160999999999999943e+01,1.425287122699999998e+01,7.591852692899999644e-01
1.161999999999999922e+01,1.425284750799999856e+01,7.591301762300000089e-01
1.163000000000000078e+01,1.425296015399999838e+01,7.591879898000000182e-01
1.164000000000000057e+01,1.425279741999999850e+01,7.591331474399999335e-01
1.165000000000000036e+01,1.425292133999999855e+01,7.591993500800000572e-01
1.166000000000000014e+01,1.425288653900000035e+01,7.591095927399998944e-01
1.166999999999999993e+01,1.425287111499999781e+01,7.592178054599999504e-01
1.167999999999999972e+01,1.425284751499999913e+01,7.591173680899999665e-01
1.168999999999999950e+01,1.425296014999999805e+01,7.591835435899999540e-01
1.169999999999999929e+01,1.425279732399999943e+01,7.591580447199999249e-01
1.171000000000000085e+01,1.425292140199999835e+01,7.591666208099999702e-01
1.172000000000000064e+01,1.425288641699999914e+01,7.591461176400000621e-01
1.173000000000000043e+01,1.425287116600000026e+01,7.591898536899999161e-01
1.174000000000000021e+01,1.425284743699999801e+01,7.591389871999999484e-01
1.175000000000000000e+01,1.425296014999999805e+01,7.591730172599999715e-01
1.175999999999999979e+01,1.425279728499999798e+01,7.591633367000000243e-01
1.176999999999999957e+01,1.425292136300000045e+01,7.591721167499999590e-01
1.177999999999999936e+01,1.425288642199999956e+01,7.591355623900000182e-01
1.178999999999999915e+01,1.425287110100000021e+01,7.592052960299999764e-01
1.180000000000000071e+01,1.425284744399999859e+01,7.591271178899999805e-01
1.181000000000000050e+01,1.425296008299999961e+01,7.591892347299999955e-01
1.182000000000000028e+01,1.425279731300000030e+01,7.591441148499999958e-01
1.183000000000000007e+01,1.425292128299999916e+01,7.591932927600000269e-01
1.183999999999999986e+01,1.425288641499999898e+01,7.591292759200000129e-01
1.184999999999999964e+01,1.425287111000000095e+01,7.591943295899999944e-01
1.185999999999999943e+01,1.425284732900000151e+01,7.591588520600000001e-01
1.186999999999999922e+01,1.425296017699999851e+01,7.591484534999999312e-01
1.188000000000000078e+01,1.425279715899999999e+01,7.591917577299999165e-01
1.189000000000000057e+01,1.425292136899999917e+01,7.591518068599999447e-01
1.190000000000000036e+01,1.425288632400000033e+01,7.591563098499999329e-01
1.191000000000000014e+01,1.425287108000000025e+01,7.591962697599999865e-01
1.191999999999999993e+01,1.425284740599999900e+01,7.591242988099999867e-01
1.192999999999999972e+01,1.425295996100000018e+01,7.592165633299999827e-01
1.193999999999999950e+01,1.425279737299999994e+01,7.591060993099999488e-01
1.194999999999999929e+01,1.425292109600000146e+01,7.592475415199999578e-01
1.196000000000000085e+01,1.425288655599999998e+01,7.590570896799999634e-01
1.197000000000000064e+01,1.425287078099999860e+01,7.593020691699999825e-01
1.198000000000000043e+01,1.425284762000000072e+01,7.590352994399999220e-01
1.199000000000000021e+01,1.425295981199999851e+01,7.592689912000000207e-01
1.200000000000000000e+01,1.425279735199999820e+01,7.591025815199999860e-01
1.200999999999999979e+01,1.425292117299999894e+01,7.592143191200000363e-01
1.201999999999999957e+01,1.425288637100000066e+01,7.591200677899999638e-01
1.202999999999999936e+01,1.425287096099999928e+01,7.592229458900000560e-01
1.203999999999999915e+01,1.425284738400000073e+01,7.591191826899998940e-01
1.205000000000000071e+01,1.425295996600000059e+01,7.592008625499999663e-01
1.206000000000000050e+01,1.425279721699999946e+01,7.591489948499999807e-01
1.207000000000000028e+01,1.425292120900000015e+01,7.591886495699999848e-01
1.208000000000000007e+01,1.425288630100000020e+01,7.591407057099999189e-01
1.208999999999999986e+01,1.425287101399999834e+01,7.592005852900000074e-01
1.209999999999999964e+01,1.425284726999999840e+01,7.591508688199999355e-01
1.210999999999999943e+01,1.425296003800000122e+01,7.591675369200000523e-01
1.211999999999999922e+01,1.425279711599999821e+01,7.591797099500000590e-01
1.213000000000000078e+01,1.425292122700000164e+01,7.591751817899999866e-01
1.214000000000000057e+01,1.425288630600000062e+01,7.591347012799999350e-01
1.215000000000000036e+01,1.425287091000000039e+01,7.592288649899999742e-01
1.216000000000000014e+01,1.425284737900000032e+01,7.591056133800000438e-01
1.216999999999999993e+01,1.425295985800000054e+01,7.592285772800000387e-01
1.217999999999999972e+01,1.425279725999999947e+01,7.591197422700000086e-01
1.218999999999999950e+01,1.425292108900000088e+01,7.592217815199999720e-01
1.219999999999999929e+01,1.425288633800000149e+01,7.591124940400000298e-01
1.221000000000000085e+01,1.425287089799999940e+01,7.592301096300000385e-01
1.222000000000000064e+01,1.425284729899999903e+01,7.591284604599999319e-01
1.223000000000000043e+01,1.425295994699999902e+01,7.591894245299999344e-01
1.224000000000000021e+01,1.425279711599999821e+01,7.591666616400000178e-01
1.225000000000000000e+01,1.425292117899999944e+01,7.591820899600000283e-01
1.225999999999999979e+01,1.425288624499999912e+01,7.591436481000000125e-01
1.226999999999999957e+01,1.425287092900000019e+01,7.592112805899999817e-01
1.227999999999999936e+01,1.425284727199999857e+01,7.591340167899999214e-01
1.228999999999999915e+01,1.425295989099999971e+01,7.592027101999999639e-01
1.230000000000000071e+01,1.425279717000000090e+01,7.591423313699999786e-01
1.231000000000000050e+01,1.425292108400000046e+01,7.592115350600000534e-01
1.232000000000000028e+01,1.425288629399999962e+01,7.591181380199999440e-01
1.233000000000000007e+01,1.425287085999999981e+01,7.592333354400000456e-01
1.233999999999999986e+01,1.425284728599999973e+01,7.591220824000000089e-01
1.234999999999999964e+01,1.425295987999999880e+01,7.592026208899999018e-01
1.235999999999999943e+01,1.425279711100000135e+01,7.591578151300000243e-01
1.236999999999999922e+01,1.425292112700000047e+01,7.591906740600000703e-01
1.238000000000000078e+01,1.425288621399999833e+01,7.591436318399999994e-01
1.239000000000000057e+01,1.425287091899999936e+01,7.592046112600000507e-01
1.240000000000000036e+01,1.425284719300000091e+01,7.591515565699999968e-01
1.241000000000000014e+01,1.425295990100000054e+01,7.591924143900000699e-01
1.241999999999999993e+01,1.425279716100000016e+01,7.591329588599999845e-01
1.242999999999999972e+01,1.425292093799999904e+01,7.592541050900000199e-01
1.243999999999999950e+01,1.425288643300000047e+01,7.590582920999999761e-01
1.244999999999999929e+01,1.425287066099999933e+01,7.592963525599999430e-01
1.246000000000000085e+01,1.425284737600000007e+01,7.590757775299999954e-01
1.247000000000000064e+01,1.425295977899999933e+01,7.592337073299999517e-01
1.248000000000000043e+01,1.425279712099999863e+01,7.591426068200000099e-01
1.249000000000000021e+01,1.425292109100000104e+01,7.591962697399999849e-01
1.250000000000000000e+01,1.425288614799999820e+01,7.591562125799999894e-01
1.250999999999999979e+01,1.425287096199999937e+01,7.591811985699999932e-01
1.251999999999999957e+01,1.425284667999999932e+01,7.593095114099999154e-01
1.252999999999999936e+01,1.425296145199999920e+01,7.587150249999999874e-01
1.253999999999999915e+01,1.425279470899999978e+01,7.599133135500000247e-01
1.255000000000000071e+01,1.425292354100000125e+01,7.583692663799999067e-01
1.256000000000000050e+01,1.425288399999999811e+01,7.598674942799999998e-01
1.257000000000000028e+01,1.425287220899999951e+01,7.586964307799999307e-01
1.258000000000000007e+01,1.425284635600000094e+01,7.594738929599998967e-01
1.258999999999999986e+01,1.425296076999999961e+01,7.589223723600000415e-01
1.259999999999999964e+01,1.425279610300000144e+01,7.594655102699999771e-01
1.260999999999999943e+01,1.425292192800000102e+01,7.588684802999999812e-01
1.261999999999999922e+01,1.425288523100000049e+01,7.595179616099999587e-01
1.263000000000000078e+01,1.425287182199999947e+01,7.587840010799999924e-01
1.264000000000000057e+01,1.425284629899999977e+01,7.595033775599999704e-01
1.265000000000000036e+01,1.425296047099999974e+01,7.590013424100000572e-01
1.266000000000000014e+01,1.425279680100000057e+01,7.591611421600000797e-01
1.266999999999999993e+01,1.425292087899999949e+01,7.593598507100000061e-01
1.267999999999999972e+01,1.425288668599999831e+01,7.588819422299999395e-01
1.268999999999999950e+01,1.425286990000000031e+01,7.595575470700000054e-01
1.269999999999999929e+01,1.425284820200000091e+01,7.587881342200000212e-01
1.271000000000000085e+01,1.425295924299999939e+01,7.594201650099999812e-01
1.272000000000000064e+01,1.425279669400000060e+01,7.592629915399999874e-01
1.273000000000000043e+01,1.425292260899999874e+01,7.586618202799999544e-01
1.274000000000000021e+01,1.425288359699999852e+01,7.600315228599999751e-01
1.275000000000000000e+01,1.425287351599999930e+01,7.581934662299999461e-01
1.275999999999999979e+01,1.425284468299999929e+01,7.601238886400000228e-01
1.276999999999999957e+01,1.425296206499999840e+01,7.583555195299999108e-01
1.277999999999999936e+01,1.425279566900000106e+01,7.596454942999999460e-01
1.278999999999999915e+01,1.425292084500000023e+01,7.592713840099999389e-01
1.280000000000000071e+01,1.425288770899999946e+01,7.585546157999999428e-01
1.281000000000000050e+01,1.425286839899999869e+01,7.601171799099999404e-01
1.282000000000000028e+01,1.425284970100000059e+01,7.581661942999999848e-01
1.283000000000000007e+01,1.425295753499999840e+01,7.600850158199999873e-01
1.283999999999999986e+01,1.425279878400000122e+01,7.584708368299999393e-01
1.284999999999999964e+01,1.425292005200000034e+01,7.595781475199999688e-01
1.285999999999999943e+01,1.425288600200000033e+01,7.591587986900000251e-01
1.286999999999999922e+01,1.425287169599999970e+01,7.588647625700000177e-01
1.288000000000000078e+01,1.425284575100000062e+01,7.597078387199999172e-01
1.289000000000000057e+01,1.425296155000000020e+01,7.585629961199999993e-01
1.290000000000000036e+01,1.425279534899999945e+01,7.597573119699999600e-01
1.291000000000000014e+01,1.425292230400000193e+01,7.587230417500000490e-01
1.291999999999999993e+01,1.425288536500000092e+01,7.593986374400000239e-01
1.292999999999999972e+01,1.425287078499999893e+01,7.592443833799999986e-01
1.293999999999999950e+01,1.425284771199999945e+01,7.588888804400000243e-01
1.294999999999999929e+01,1.425295913500000111e+01,7.594904107599999010e-01
1.296000000000000085e+01,1.425279731100000014e+01,7.590402324499999631e-01
1.297000000000000064e+01,1.425292114900000051e+01,7.591126249299999795e-01
1.298000000000000043e+01,1.425288563999999880e+01,7.593072199699999469e-01
1.299000000000000021e+01,1.425287122900000014e+01,7.591129840499999393e-01
1.300000000000000000e+01,1.425284675700000037e+01,7.591762611099999170e-01
1.300999999999999979e+01,1.425295992799999922e+01,7.592316271700000341e-01
1.301999999999999957e+01,1.425279698899999836e+01,7.591052305800000122e-01
1.302999999999999936e+01,1.425292066499999954e+01,7.593371704100000397e-01
1.303999999999999915e+01,1.425288689899999994e+01,7.588622139899999786e-01
1.305000000000000071e+01,1.425286950699999799e+01,7.596163337299999263e-01
1.306000000000000050e+01,1.425284837799999949e+01,7.587426117800000203e-01
1.307000000000000028e+01,1.425295903500000172e+01,7.594443493100000442e-01
1.308000000000000007e+01,1.425279685699999987e+01,7.592177796200000328e-01
1.308999999999999986e+01,1.425292191900000027e+01,7.588599074599999827e-01
1.309999999999999964e+01,1.425288471600000051e+01,7.596386305399999150e-01
1.310999999999999943e+01,1.425287215100000004e+01,7.587096570600000423e-01
1.311999999999999922e+01,1.425284623499999981e+01,7.594552917000000347e-01
1.313000000000000078e+01,1.425295967000000097e+01,7.593002870399999660e-01
1.314000000000000057e+01,1.425279810299999994e+01,7.586837322299999631e-01
1.315000000000000036e+01,1.425291911200000072e+01,7.599187531600000156e-01
1.316000000000000014e+01,1.425288805499999789e+01,7.583558479899999982e-01
1.316999999999999993e+01,1.425286887999999941e+01,7.599505303200000395e-01
1.317999999999999972e+01,1.425284860599999881e+01,7.585631402799999368e-01
1.318999999999999950e+01,1.425295887699999930e+01,7.595337563499999778e-01
1.319999999999999929e+01,1.425279711999999854e+01,7.591339218799999511e-01
1.321000000000000085e+01,1.425292146200000154e+01,7.589853839299999239e-01
1.322000000000000064e+01,1.425288537199999794e+01,7.593771419800000588e-01
1.323000000000000043e+01,1.425287082599999877e+01,7.592193438000000016e-01
1.324000000000000021e+01,1.425284779600000107e+01,7.588627124799999235e-01
1.325000000000000000e+01,1.425295870999999970e+01,7.596776909699999303e-01
1.325999999999999979e+01,1.425279818300000123e+01,7.586290502499999366e-01
1.326999999999999957e+01,1.425291971400000079e+01,7.597104975699999763e-01
1.327999999999999936e+01,1.425288701300000049e+01,7.587290176400000030e-01
1.328999999999999915e+01,1.425287010200000104e+01,7.594888293899999532e-01
1.330000000000000071e+01,1.425284733499999845e+01,7.590546953999999236e-01
1.331000000000000050e+01,1.425295987899999872e+01,7.591405847000000096e-01
1.332000000000000028e+01,1.425279651599999831e+01,7.593274825100000403e-01
1.333000000000000007e+01,1.425292166699999896e+01,7.589728959999999525e-01
1.333999999999999986e+01,1.425288535600000017e+01,7.593648318600000335e-01
1.334999999999999964e+01,1.425287104400000082e+01,7.591054118399999107e-01
1.335999999999999943e+01,1.425284714600000058e+01,7.591498811600000396e-01
1.336999999999999922e+01,1.425295949500000070e+01,7.593017081699999782e-01
1.338000000000000078e+01,1.425279701999999915e+01,7.590713818299998916e-01
1.339000000000000057e+01,1.425292142600000034e+01,7.591106109899999899e-01
1.340000000000000036e+01,1.425288491999999962e+01,7.594468958900000288e-01
1.341000000000000014e+01,1.425287212099999756e+01,7.588072483300000171e-01
1.341999999999999993e+01,1.425284573799999954e+01,7.595865812699998942e-01
1.342999999999999972e+01,1.425296082099999850e+01,7.587984362899999891e-01
1.343999999999999950e+01,1.425279593299999981e+01,7.595438571299999442e-01
1.344999999999999929e+01,1.425292215099999993e+01,7.587975993100000149e-01
1.346000000000000085e+01,1.425288459500000116e+01,7.595484316799999691e-01
1.347000000000000064e+01,1.425287180099999951e+01,7.589281002500000151e-01
1.348000000000000043e+01,1.425284626099999841e+01,7.594202520999999706e-01
1.349000000000000021e+01,1.425296082699999900e+01,7.587982341000000241e-01
1.350000000000000000e+01,1.425279554799999993e+01,7.596813579900000279e-01
1.350999999999999979e+01,1.425292234199999797e+01,7.586643613399999264e-01
1.351999999999999957e+01,1.425288506000000055e+01,7.594882780899999686e-01
1.352999999999999936e+01,1.425287073099999979e+01,7.592412865499998942e-01
1.353999999999999915e+01,1.425284785000000021e+01,7.588336717399999376e-01
1.355000000000000071e+01,1.425295870399999920e+01,7.596587658399999166e-01
1.356000000000000050e+01,1.425279800900000104e+01,7.586974126600000146e-01
1.357000000000000028e+01,1.425291993499999954e+01,7.596061266000000423e-01
1.358000000000000007e+01,1.425288664199999999e+01,7.588561671000000342e-01
1.358999999999999986e+01,1.425287031699999929e+01,7.594086052599999803e-01
1.359999999999999964e+01,1.425284745599999958e+01,7.590002681499999904e-01
1.360999999999999943e+01,1.425295929900000047e+01,7.593895602299999270e-01
1.361999999999999922e+01,1.425279746200000019e+01,7.589277690600000348e-01
1.363000000000000078e+01,1.425292043099999795e+01,7.593790432800000545e-01
1.364000000000000057e+01,1.425288599499999975e+01,7.591744221599999731e-01
1.365000000000000036e+01,1.425287132999999962e+01,7.589800844499999810e-01
1.366000000000000014e+01,1.425284605000000049e+01,7.595196695800000564e-01
1.366999999999999993e+01,1.425296076099999887e+01,7.588003569200000298e-01
1.367999999999999972e+01,1.425279612499999971e+01,7.594661541300000707e-01
1.368999999999999950e+01,1.425292114700000035e+01,7.591489896999999987e-01
1.369999999999999929e+01,1.425288638599999835e+01,7.589530933599999418e-01
1.371000000000000085e+01,1.425287014599999935e+01,7.594592958100000457e-01
1.372000000000000064e+01,1.425284699100000019e+01,7.591601483999999012e-01
1.373000000000000043e+01,1.425296064699999832e+01,7.588620474799999682e-01
1.374000000000000021e+01,1.425279538099999854e+01,7.597232788899999090e-01
1.375000000000000000e+01,1.425292257999999812e+01,7.585817225300000022e-01
1.375999999999999979e+01,1.425288440799999989e+01,7.597606881299999726e-01
1.376999999999999957e+01,1.425287217400000017e+01,7.586704938799999631e-01
1.377999999999999936e+01,1.425284584199999927e+01,7.595935611799999876e-01
1.378999999999999915e+01,1.425296044500000114e+01,7.589014904899999969e-01
1.380000000000000071e+01,1.425279648699999946e+01,7.593370173500000320e-01
1.381000000000000050e+01,1.425292133499999814e+01,7.590651138899999761e-01
1.382000000000000028e+01,1.425288530899999806e+01,7.593721521899999827e-01
1.383000000000000007e+01,1.425287163199999974e+01,7.589108039499999903e-01
1.383999999999999986e+01,1.425284605799999937e+01,7.594864531799999652e-01
1.384999999999999964e+01,1.425296051899999838e+01,7.589045009599999503e-01
1.385999999999999943e+01,1.425279643400000040e+01,7.593392049699999591e-01
1.386999999999999922e+01,1.425292092700000168e+01,7.592227718199999753e-01
1.388000000000000078e+01,1.425288629599999979e+01,7.589766902499999190e-01
1.389000000000000057e+01,1.425287029699999941e+01,7.594036296599999680e-01
1.390000000000000036e+01,1.425284708900000119e+01,7.591298475600000151e-01
1.391000000000000014e+01,1.425296003700000114e+01,7.591118665599999593e-01
1.391999999999999993e+01,1.425279678299999908e+01,7.591654738999999985e-01
1.392999999999999972e+01,1.425292051499999957e+01,7.593844454999999494e-01
1.393999999999999950e+01,1.425288654400000077e+01,7.588852748200000109e-01
1.394999999999999929e+01,1.425287029399999916e+01,7.594016187299998943e-01
1.396000000000000085e+01,1.425284687499999947e+01,7.591934309600000264e-01
1.397000000000000064e+01,1.425296041799999891e+01,7.589184502899999352e-01
1.398000000000000043e+01,1.425279578500000000e+01,7.595974866700000439e-01
1.399000000000000021e+01,1.425292210299999773e+01,7.587433623699999519e-01
1.400000000000000000e+01,1.425288495500000074e+01,7.595532483699999338e-01
1.400999999999999979e+01,1.425287146199999988e+01,7.589218929700000116e-01
1.401999999999999957e+01,1.425284659699999956e+01,7.593031038299999924e-01
1.402999999999999936e+01,1.425295975999999953e+01,7.592351914399999568e-01
1.403999999999999915e+01,1.425279720500000025e+01,7.589940394799999934e-01
1.405000000000000071e+01,1.425292035000000013e+01,7.594360015700000188e-01
1.406000000000000050e+01,1.425288638499999827e+01,7.589388652799999857e-01
1.407000000000000028e+01,1.425287037200000029e+01,7.593774366300000134e-01
1.408000000000000007e+01,1.425284726200000129e+01,7.590620294300000070e-01
1.408999999999999986e+01,1.425295979500000065e+01,7.591446334999999435e-01
1.409999999999999964e+01,1.425279610000000119e+01,7.594593677300000012e-01
1.410999999999999943e+01,1.425292221599999998e+01,7.587232534799999151e-01
1.411999999999999922e+01,1.425288447599999841e+01,7.597110958000000691e-01
1.413000000000000078e+01,1.425287211300000045e+01,7.586815555600000538e-01
1.414000000000000057e+01,1.425284582399999778e+01,7.596049585599999876e-01
1.415000000000000036e+01,1.425296052299999872e+01,7.588731754999999968e-01
1.416000000000000014e+01,1.425279634699999853e+01,7.593775185900000224e-01
1.416999999999999993e+01,1.425292123899999908e+01,7.590793433099999321e-01
1.417999999999999972e+01,1.425288534799999951e+01,7.593339315799999545e-01
1.418999999999999950e+01,1.425287179799999926e+01,7.588421474900000074e-01
1.419999999999999929e+01,1.425284545000000058e+01,7.597239482700000046e-01
1.421000000000000085e+01,1.425296157800000074e+01,7.585515977600000292e-01
1.422000000000000064e+01,1.425279510199999855e+01,7.597910560699999705e-01
1.423000000000000043e+01,1.425292226500000048e+01,7.586986341899999431e-01
1.424000000000000021e+01,1.425288503400000018e+01,7.594737859399999236e-01
1.425000000000000000e+01,1.425287075399999992e+01,7.592116623400000375e-01
1.425999999999999979e+01,1.425284806700000040e+01,7.587542417200000555e-01
1.426999999999999957e+01,1.425295772899999847e+01,7.599182921999999563e-01
1.427999999999999936e+01,1.425279916799999924e+01,7.583154734100000516e-01
1.428999999999999915e+01,1.425291866599999935e+01,7.600406250399999175e-01
1.430000000000000071e+01,1.425288781000000071e+01,7.584462347999999521e-01
1.431000000000000050e+01,1.425286963999999834e+01,7.596055104100000177e-01
1.432000000000000028e+01,1.425284667999999932e+01,7.592782715399999383e-01
1.433000000000000007e+01,1.425296137600000002e+01,7.586180451699999772e-01
1.433999999999999986e+01,1.425279448500000079e+01,7.600129650599999342e-01
1.434999999999999964e+01,1.425292335299999991e+01,7.583074648500000015e-01
1.435999999999999943e+01,1.425288376999999862e+01,7.599491741399999611e-01
1.436999999999999922e+01,1.425287217800000050e+01,7.586266939800000442e-01
1.438000000000000078e+01,1.425284616099999901e+01,7.595065331699999422e-01
1.439000000000000057e+01,1.425295991099999782e+01,7.590945599599999705e-01
1.440000000000000036e+01,1.425279714200000036e+01,7.590735046000000041e-01
1.441000000000000014e+01,1.425292042599999753e+01,7.594031675800000381e-01
1.441999999999999993e+01,1.425288611299999886e+01,7.590709096200000117e-01
1.442999999999999972e+01,1.425287141300000116e+01,7.589571393199999738e-01
1.443999999999999950e+01,1.425284529699999858e+01,7.597625823899999409e-01
1.444999999999999929e+01,1.425296182000000123e+01,7.584111515700000528e-01
1.446000000000000085e+01,1.425279472000000069e+01,7.599728796600000447e-01
1.447000000000000064e+01,1.425292264099999784e+01,7.585171126599999925e-01
1.448000000000000043e+01,1.425288470199999935e+01,7.596631804500000307e-01
1.449000000000000021e+01,1.425287106299999884e+01,7.590356679299999909e-01
1.450000000000000000e+01,1.425284781099999876e+01,7.588688024199999882e-01
1.450999999999999979e+01,1.425295791899999998e+01,7.598878000899998986e-01
1.451999999999999957e+01,1.425279912300000085e+01,7.582903404499999889e-01
1.452999999999999936e+01,1.425291857600000078e+01,7.600985271999999293e-01
1.453999999999999915e+01,1.425288785300000072e+01,7.583641390900000001e-01
1.455000000000000071e+01,1.425286912500000014e+01,7.598358123199999703e-01
1.456000000000000050e+01,1.425284804299999841e+01,7.587494999699999632e-01
1.457000000000000028e+01,1.425295926200000096e+01,7.593659691899999897e-01
1.458000000000000007e+01,1.425279636700000019e+01,7.593773114099999777e-01
1.458999999999999986e+01,1.425292262399999998e+01,7.585334559599999915e-01
1.459999999999999964e+01,1.425288319099999867e+01,7.601654535299999793e-01
1.460999999999999943e+01,1.425287363899999882e+01,7.581010713199999307e-01
1.461999999999999922e+01,1.425284431399999896e+01,7.601853552899999755e-01
1.463000000000000078e+01,1.425296189699999871e+01,7.583809835899999463e-01
1.464000000000000057e+01,1.425279533799999854e+01,7.597306886200000386e-01
1.465000000000000036e+01,1.425292137299999951e+01,7.589946713799999856e-01
1.466000000000000014e+01,1.425288659699999982e+01,7.589335758299999846e-01
1.466999999999999993e+01,1.425286910799999873e+01,7.597749819799999305e-01
1.467999999999999972e+01,1.425284889299999946e+01,7.584557350099999651e-01
1.468999999999999950e+01,1.425295783999999877e+01,7.598868943400000076e-01
1.469999999999999929e+01,1.425279830900000100e+01,7.586028463399999699e-01
1.471000000000000085e+01,1.425292023599999958e+01,7.594742782500000233e-01
1.472000000000000064e+01,1.425288528599999971e+01,7.593567632100000075e-01
1.473000000000000043e+01,1.425287235799999941e+01,7.585987610000000103e-01
1.474000000000000021e+01,1.425284468000000082e+01,7.600258194900000319e-01
1.475000000000000000e+01,1.425296230699999889e+01,7.582551241599999603e-01
1.475999999999999979e+01,1.425279440999999991e+01,7.600690381299999299e-01
1.476999999999999957e+01,1.425292290600000022e+01,7.584340938300000445e-01
1.477999999999999936e+01,1.425288468599999980e+01,7.596217945500000068e-01
1.478999999999999915e+01,1.425287057100000077e+01,7.592451366399999291e-01
1.480000000000000071e+01,1.425284827299999790e+01,7.586772593999999703e-01
1.481000000000000050e+01,1.425295763399999949e+01,7.599490606000000037e-01
1.482000000000000028e+01,1.425279904699999989e+01,7.583422001699999804e-01
1.483000000000000007e+01,1.425291884199999970e+01,7.599811694499999382e-01
1.483999999999999986e+01,1.425288756600000006e+01,7.585279814499999995e-01
1.484999999999999964e+01,1.425286989299999973e+01,7.595035334799999927e-01
1.485999999999999943e+01,1.425284631200000085e+01,7.594028724099999295e-01
1.486999999999999922e+01,1.425296168899999927e+01,7.585033504700000595e-01
1.488000000000000078e+01,1.425279421499999977e+01,7.601099228899999005e-01
1.489000000000000057e+01,1.425292349999999963e+01,7.582302986800000255e-01
1.490000000000000036e+01,1.425288356799999967e+01,7.600201740299999953e-01
1.491000000000000014e+01,1.425287235000000052e+01,7.585586942299999968e-01
1.491999999999999993e+01,1.425284631200000085e+01,7.594377267499999862e-01
1.492999999999999972e+01,1.425295895000000002e+01,7.594678352500000562e-01
1.493999999999999950e+01,1.425279878300000114e+01,7.584424707800000443e-01
1.494999999999999929e+01,1.425291826199999967e+01,7.601828866500000004e-01
1.496000000000000085e+01,1.425288860699999915e+01,7.581471219600000033e-01
1.497000000000000064e+01,1.425286838299999914e+01,7.601015303500000542e-01
1.498000000000000043e+01,1.425284862700000055e+01,7.584934260800000327e-01
1.499000000000000021e+01,1.425295906400000057e+01,7.594845383599999611e-01
1.500000000000000000e+01,1.425279605099999891e+01,7.594267385899999834e-01
1.500999999999999979e+01,1.425292281099999947e+01,7.584993184899999630e-01
1.501999999999999957e+01,1.425288331700000022e+01,7.600870551099999650e-01
1.502999999999999936e+01,1.425287317099999918e+01,7.582665349899999629e-01
1.503999999999999915e+01,1.425284486600000022e+01,7.599952247800000338e-01
1.505000000000000071e+01,1.425296140300000047e+01,7.585604368000000708e-01
1.506000000000000050e+01,1.425279600400000035e+01,7.594598818800000206e-01
1.507000000000000028e+01,1.425292024300000016e+01,7.594202394599999240e-01
1.508000000000000007e+01,1.425288769899999863e+01,7.585139072000000038e-01
1.508999999999999986e+01,1.425286835200000013e+01,7.600763564000000416e-01
1.509999999999999964e+01,1.425284925099999889e+01,7.582794492600000158e-01
1.510999999999999943e+01,1.425295769499999921e+01,7.599638120999999691e-01
1.511999999999999922e+01,1.425279828100000046e+01,7.586040627100000266e-01
1.513000000000000078e+01,1.425292033199999864e+01,7.594317626900000118e-01
1.514000000000000057e+01,1.425288514099999837e+01,7.594069123299999058e-01
1.515000000000000036e+01,1.425287242899999818e+01,7.585620999300000111e-01
1.516000000000000014e+01,1.425284468999999987e+01,7.600307378300000805e-01
1.516999999999999993e+01,1.425296217200000015e+01,7.582903818699999743e-01
1.517999999999999972e+01,1.425279462099999961e+01,7.599879124599999702e-01
1.518999999999999950e+01,1.425292251099999952e+01,7.585781322700000384e-01
1.519999999999999929e+01,1.425288522700000016e+01,7.594143471300000003e-01
1.521000000000000085e+01,1.425286993999999829e+01,7.594816105099999604e-01
1.522000000000000064e+01,1.425284881499999834e+01,7.584636645999999205e-01
1.523000000000000043e+01,1.425295721200000010e+01,7.601130214200000346e-01
1.524000000000000021e+01,1.425279930299999975e+01,7.582363312400000055e-01
1.525000000000000000e+01,1.425291871200000138e+01,7.600320744699999853e-01
1.525999999999999979e+01,1.425288755699999932e+01,7.585217768199999933e-01
1.526999999999999957e+01,1.425286978399999960e+01,7.595412657800000300e-01
1.527999999999999936e+01,1.425284674899999970e+01,7.592426810900000378e-01
1.528999999999999915e+01,1.425296092199999975e+01,7.587764609899999568e-01
1.530000000000000071e+01,1.425279505199999974e+01,7.597967454399999765e-01
1.531000000000000050e+01,1.425292268900000003e+01,7.585322570300000455e-01
1.532000000000000028e+01,1.425288425599999975e+01,7.597505405099999054e-01
1.533000000000000007e+01,1.425287178499999818e+01,7.587769087700000359e-01
1.533999999999999986e+01,1.425284651700000005e+01,7.593531948799999709e-01
1.534999999999999964e+01,1.425295930899999952e+01,7.593351495000000284e-01
1.535999999999999943e+01,1.425279788599999797e+01,7.587679251399999103e-01
1.536999999999999922e+01,1.425291939099999894e+01,7.597573467999999552e-01
1.538000000000000078e+01,1.425288745599999807e+01,7.585837823200000107e-01
1.539000000000000057e+01,1.425286935699999979e+01,7.597215524100000561e-01
1.540000000000000036e+01,1.425284789100000005e+01,7.587786505199999310e-01
1.541000000000000014e+01,1.425295933000000126e+01,7.593741261899999984e-01
1.541999999999999993e+01,1.425279641199999858e+01,7.592901658899999795e-01
1.542999999999999972e+01,1.425292187699999857e+01,7.588456774299999763e-01
1.543999999999999950e+01,1.425288449800000024e+01,7.596387332499999756e-01
1.544999999999999929e+01,1.425287197099999936e+01,7.587203236299999709e-01
1.546000000000000085e+01,1.425284584999999993e+01,7.596081698000000104e-01
1.547000000000000064e+01,1.425296068799999816e+01,7.588424964800000172e-01
1.548000000000000043e+01,1.425279623399999984e+01,7.593625222800000074e-01
1.549000000000000021e+01,1.425292065500000049e+01,7.592663868800000326e-01
1.550000000000000000e+01,1.425288670700000004e+01,7.588786362000000674e-01
1.550999999999999979e+01,1.425286960200000053e+01,7.596067958600000170e-01
1.551999999999999957e+01,1.425284798999999936e+01,7.587581944799999256e-01
1.552999999999999936e+01,1.425295924899999989e+01,7.593999224499999867e-01
1.553999999999999915e+01,1.425279613000000012e+01,7.593855365699999638e-01
1.555000000000000071e+01,1.425292249900000030e+01,7.586286221799999341e-01
1.556000000000000050e+01,1.425288369699999791e+01,7.599197713599999959e-01
1.557000000000000028e+01,1.425287275600000036e+01,7.584391598499999887e-01
1.558000000000000007e+01,1.425284525000000180e+01,7.598418759099999642e-01
1.558999999999999986e+01,1.425296105599999841e+01,7.586802985099999619e-01
1.559999999999999964e+01,1.425279625900000013e+01,7.593658828999999555e-01
1.560999999999999943e+01,1.425292001100000050e+01,7.595026851199999651e-01
1.561999999999999922e+01,1.425288787400000068e+01,7.584490121999999390e-01
1.563000000000000078e+01,1.425286821599999953e+01,7.601146320499999609e-01
1.564000000000000057e+01,1.425284926199999980e+01,7.582751967499999912e-01
1.565000000000000036e+01,1.425295775100000029e+01,7.599420022199999680e-01
1.566000000000000014e+01,1.425279815599999900e+01,7.586441388700000399e-01
1.566999999999999993e+01,1.425292038200000100e+01,7.594119185599998989e-01
1.567999999999999972e+01,1.425288523000000040e+01,7.593690631499999677e-01
1.568999999999999950e+01,1.425287213899999905e+01,7.586655447099999172e-01
1.569999999999999929e+01,1.425284505999999851e+01,7.598924578999999291e-01
1.571000000000000085e+01,1.425296172999999911e+01,7.584491249300000515e-01
1.572000000000000064e+01,1.425279503000000147e+01,7.598292211699999577e-01
1.573000000000000043e+01,1.425292214899999976e+01,7.587172496899999841e-01
1.574000000000000021e+01,1.425288539900000018e+01,7.593432884699999885e-01
1.575000000000000000e+01,1.425287003100000049e+01,7.594481332900000492e-01
1.575999999999999979e+01,1.425284846400000127e+01,7.585869260499999989e-01
1.576999999999999957e+01,1.425295763199999932e+01,7.599544431000000433e-01
1.577999999999999936e+01,1.425279885500000177e+01,7.584004532599999404e-01
1.578999999999999915e+01,1.425291908999999890e+01,7.598833220599999771e-01
1.580000000000000071e+01,1.425288724199999990e+01,7.586424274299999881e-01
1.581000000000000050e+01,1.425286995699999970e+01,7.594700497499999869e-01
1.582000000000000028e+01,1.425284670599999970e+01,7.592586666499999692e-01
1.583000000000000007e+01,1.425296082599999892e+01,7.588075455099999589e-01
1.583999999999999986e+01,1.425279521999999943e+01,7.597330576699999893e-01
1.584999999999999964e+01,1.425292245400000013e+01,7.586194510099999455e-01
1.585999999999999943e+01,1.425288445199999998e+01,7.596709213500000279e-01
1.586999999999999922e+01,1.425287142699999876e+01,7.589452329699999389e-01
1.588000000000000078e+01,1.425284733000000159e+01,7.590195005900000069e-01
1.589000000000000057e+01,1.425295821799999985e+01,7.597145068099999676e-01
1.590000000000000036e+01,1.425279872699999828e+01,7.584730539299999741e-01
1.591000000000000014e+01,1.425291895199999814e+01,7.599131456600000112e-01
1.591999999999999993e+01,1.425288744600000079e+01,7.585622525399999816e-01
1.592999999999999972e+01,1.425286988799999932e+01,7.595047184199998913e-01
1.593999999999999950e+01,1.425284641800000074e+01,7.593629562200000516e-01
1.594999999999999929e+01,1.425296149899999953e+01,7.585659468699998964e-01
1.596000000000000085e+01,1.425279433399999895e+01,7.600476873999999494e-01
1.597000000000000064e+01,1.425292336100000057e+01,7.582893598599999008e-01
1.598000000000000043e+01,1.425288366699999898e+01,7.599742331500000114e-01
1.599000000000000021e+01,1.425287226499999882e+01,7.585814504100000244e-01
1.600000000000000000e+01,1.425284588100000072e+01,7.595965716799999434e-01
1.601000000000000156e+01,1.425296014200000094e+01,7.589976424900000129e-01
1.601999999999999957e+01,1.425279702799999981e+01,7.591162501100000570e-01
1.603000000000000114e+01,1.425292009799999882e+01,7.594674236099999698e-01
1.603999999999999915e+01,1.425288693699999953e+01,7.587801950499999393e-01
1.605000000000000071e+01,1.425286960100000044e+01,7.596147401099999641e-01
1.605999999999999872e+01,1.425284781199999884e+01,7.588173541500000674e-01
1.607000000000000028e+01,1.425295939999999995e+01,7.593449258800000212e-01
1.607999999999999829e+01,1.425279615900000074e+01,7.593725892300000613e-01
1.608999999999999986e+01,1.425292229600000127e+01,7.586973080700000205e-01
1.610000000000000142e+01,1.425288394599999897e+01,7.598328989499999464e-01
1.610999999999999943e+01,1.425287249799999856e+01,7.585281652099999938e-01
1.612000000000000099e+01,1.425284542899999884e+01,7.597653767199999963e-01
1.612999999999999901e+01,1.425296093200000058e+01,7.587342552099999304e-01
1.614000000000000057e+01,1.425279607399999904e+01,7.594268412399999280e-01
1.614999999999999858e+01,1.425292073099999790e+01,7.592396690499999545e-01
1.616000000000000014e+01,1.425288668599999831e+01,7.588797302399999944e-01
1.617000000000000171e+01,1.425286952599999957e+01,7.596305490500000479e-01
1.617999999999999972e+01,1.425284808800000036e+01,7.587151110099999984e-01
1.619000000000000128e+01,1.425295863300000043e+01,7.595954137099999448e-01
1.619999999999999929e+01,1.425279754999999859e+01,7.588856364899999596e-01
1.621000000000000085e+01,1.425292056599999846e+01,7.593304530600000213e-01
1.621999999999999886e+01,1.425288556900000003e+01,7.592408423500000003e-01
1.623000000000000043e+01,1.425287134700000102e+01,7.589619256499999800e-01
1.623999999999999844e+01,1.425284603799999950e+01,7.595196802599999408e-01
1.625000000000000000e+01,1.425296075799999862e+01,7.588187858799999574e-01
1.626000000000000156e+01,1.425279615300000025e+01,7.593899823599999932e-01
1.626999999999999957e+01,1.425292037800000067e+01,7.593609060999999549e-01
1.628000000000000114e+01,1.425288732099999933e+01,7.586595620899999615e-01
1.628999999999999915e+01,1.425286877099999927e+01,7.598939965100000027e-01
1.630000000000000071e+01,1.425284882499999917e+01,7.584558932800000708e-01
1.630999999999999872e+01,1.425295794600000043e+01,7.598505191300000128e-01
1.632000000000000028e+01,1.425279819699999884e+01,7.586356051699999492e-01
1.632999999999999829e+01,1.425291981900000060e+01,7.596006436500000181e-01
1.633999999999999986e+01,1.425288620200000089e+01,7.590067177800000620e-01
1.635000000000000142e+01,1.425287123100000031e+01,7.590259575800000214e-01
1.635999999999999943e+01,1.425284564700000089e+01,7.596408734099999727e-01
1.637000000000000099e+01,1.425296143899999990e+01,7.585797916400000007e-01
1.637999999999999901e+01,1.425279502200000081e+01,7.598063241500000453e-01
1.639000000000000057e+01,1.425292235199999880e+01,7.586488607700000442e-01
1.639999999999999858e+01,1.425288470899999993e+01,7.595782724599999813e-01
1.641000000000000014e+01,1.425287126299999940e+01,7.589688755599999226e-01
1.642000000000000171e+01,1.425284683499999971e+01,7.592271577399999360e-01
1.642999999999999972e+01,1.425295941999999982e+01,7.593420898099999539e-01
1.644000000000000128e+01,1.425279756199999959e+01,7.588281615899999943e-01
1.644999999999999929e+01,1.425291954200000077e+01,7.597034153699999681e-01
1.646000000000000085e+01,1.425288738100000074e+01,7.586078564400000612e-01
1.646999999999999886e+01,1.425286929700000016e+01,7.597249709599999123e-01
1.648000000000000043e+01,1.425284796100000051e+01,7.587594528600000165e-01
1.648999999999999844e+01,1.425295930400000088e+01,7.593759551300000021e-01
1.650000000000000000e+01,1.425279627599999799e+01,7.593312792199999883e-01
1.651000000000000156e+01,1.425292209100000029e+01,7.587668471599999798e-01
1.651999999999999957e+01,1.425288419200000156e+01,7.597378486400000464e-01
1.653000000000000114e+01,1.425287228700000064e+01,7.586093356999999981e-01
1.653999999999999915e+01,1.425284555499999861e+01,7.597141034700000128e-01
1.655000000000000071e+01,1.425296087300000103e+01,7.587582076599999059e-01
1.655999999999999872e+01,1.425279607100000057e+01,7.594281939499999412e-01
1.657000000000000028e+01,1.425292075800000013e+01,7.592174015599999493e-01
1.657999999999999829e+01,1.425288662499999859e+01,7.589116188700000265e-01
1.658999999999999986e+01,1.425286960999999941e+01,7.595943067199999454e-01
1.660000000000000142e+01,1.425284798499999894e+01,7.587561127599999899e-01
1.660999999999999943e+01,1.425295868299999924e+01,7.595686381699999767e-01
1.662000000000000099e+01,1.425279721899999963e+01,7.590168832099999374e-01
1.662999999999999901e+01,1.425292155300000019e+01,7.589700261099999734e-01
1.664000000000000057e+01,1.425288412600000143e+01,7.597535903800000101e-01
1.664999999999999858e+01,1.425287281099999959e+01,7.584290438499999842e-01
1.666000000000000014e+01,1.425284479499999968e+01,7.599822057899999761e-01
1.667000000000000171e+01,1.425296165999999864e+01,7.584649507199999752e-01
1.667999999999999972e+01,1.425279521299999885e+01,7.597576296599999335e-01
1.669000000000000128e+01,1.425292147999999948e+01,7.589476444199999561e-01
1.669999999999999929e+01,1.425288659499999966e+01,7.589225783499999878e-01
1.671000000000000085e+01,1.425286881799999961e+01,7.598778304700000152e-01
1.671999999999999886e+01,1.425284927699999926e+01,7.582913617400000028e-01
1.673000000000000043e+01,1.425295727700000015e+01,7.600906934799999126e-01
1.673999999999999844e+01,1.425279881099999990e+01,7.584000139400000062e-01
1.675000000000000000e+01,1.425291935000000088e+01,7.597919324599999857e-01
1.676000000000000156e+01,1.425288686800000093e+01,7.587790806799999954e-01
1.676999999999999957e+01,1.425287005699999909e+01,7.594291960899999250e-01
1.678000000000000114e+01,1.425284729500000047e+01,7.590370592299999775e-01
1.678999999999999915e+01,1.425295927199999824e+01,7.593297181199999413e-01
1.680000000000000071e+01,1.425279753499999913e+01,7.588954331799999675e-01
1.680999999999999872e+01,1.425291952499999937e+01,7.597451332800000401e-01
1.682000000000000028e+01,1.425288765499999855e+01,7.584242566000000130e-01
1.682999999999999829e+01,1.425286867299999827e+01,7.599877096999999582e-01
1.683999999999999986e+01,1.425284871999999936e+01,7.584833260799999088e-01
1.685000000000000142e+01,1.425295846999999938e+01,7.597162842800000426e-01
1.685999999999999943e+01,1.425279712399999887e+01,7.589997586100000193e-01
1.687000000000000099e+01,1.425292176100000141e+01,7.588665383399999520e-01
1.687999999999999901e+01,1.425288380499999974e+01,7.599196057399999482e-01
1.689000000000000057e+01,1.425287326999999848e+01,7.582591421399998977e-01
1.689999999999999858e+01,1.425284436499999963e+01,7.601232275299999452e-01
1.691000000000000014e+01,1.425296175399999754e+01,7.583655733899999918e-01
1.692000000000000171e+01,1.425279523799999915e+01,7.598024740699999002e-01
1.692999999999999972e+01,1.425292148599999997e+01,7.589677243400000384e-01
1.694000000000000128e+01,1.425288667100000062e+01,7.588345471299999812e-01
1.694999999999999929e+01,1.425286850099999825e+01,7.600114061199999549e-01
1.696000000000000085e+01,1.425284968499999927e+01,7.581452432099999861e-01
1.696999999999999886e+01,1.425295709000000066e+01,7.602223395200000677e-01
1.698000000000000043e+01,1.425279891699999979e+01,7.583010231400000301e-01
1.698999999999999844e+01,1.425291924200000082e+01,7.598562828599999541e-01
1.700000000000000000e+01,1.425288661699999793e+01,7.588589123800000280e-01
1.701000000000000156e+01,1.425287111899999815e+01,7.590543516200000118e-01
1.701999999999999957e+01,1.425284542199999827e+01,7.597051193799999602e-01
1.703000000000000114e+01,1.425296160999999984e+01,7.584594774699999764e-01
1.703999999999999915e+01,1.425279481099999934e+01,7.599415249800000050e-01
1.705000000000000071e+01,1.425292253800000175e+01,7.585408272199999358e-01
1.705999999999999872e+01,1.425288467399999881e+01,7.596522210599999658e-01
1.707000000000000028e+01,1.425287098299999933e+01,7.590518316699998991e-01
1.707999999999999829e+01,1.425284782299999975e+01,7.588428208799999908e-01
1.708999999999999986e+01,1.425295780799999967e+01,7.599287355299999547e-01
1.710000000000000142e+01,1.425279917599999990e+01,7.582464439099999565e-01
1.710999999999999943e+01,1.425291837900000047e+01,7.601536297500000039e-01
1.712000000000000099e+01,1.425288794100000089e+01,7.583202694799999755e-01
1.712999999999999901e+01,1.425286903799999827e+01,7.598558550099999698e-01
1.714000000000000057e+01,1.425284772300000036e+01,7.588639352200000632e-01
1.714999999999999858e+01,1.425296008599999986e+01,7.590423722900000447e-01
1.716000000000000014e+01,1.425279534299999895e+01,7.597122498999999696e-01
1.717000000000000171e+01,1.425292280899999930e+01,7.584692886899999653e-01
1.717999999999999972e+01,1.425288389300000169e+01,7.599287885900000150e-01
1.719000000000000128e+01,1.425287242000000099e+01,7.585312293399999461e-01
1.719999999999999929e+01,1.425284555999999903e+01,7.596931392300000363e-01
1.721000000000000085e+01,1.425296024899999914e+01,7.589959629099999328e-01
1.721999999999999886e+01,1.425279749699999954e+01,7.588844865100000669e-01
1.723000000000000043e+01,1.425291891000000000e+01,7.599293245100000593e-01
1.723999999999999844e+01,1.425288837999999991e+01,7.581960205600000169e-01
1.725000000000000000e+01,1.425286799899999934e+01,7.602207558400000398e-01
1.726000000000000156e+01,1.425284925599999930e+01,7.582779808599999782e-01
1.726999999999999957e+01,1.425295806300000123e+01,7.598706692100000160e-01
1.728000000000000114e+01,1.425279772299999870e+01,7.587533778199999634e-01
1.728999999999999915e+01,1.425292057899999953e+01,7.593170690399999589e-01
1.730000000000000071e+01,1.425288528399999954e+01,7.593939379599999873e-01
1.730999999999999872e+01,1.425287198100000019e+01,7.587175023999999102e-01
1.732000000000000028e+01,1.425284522099999940e+01,7.597999243199999864e-01
1.732999999999999829e+01,1.425296133199999993e+01,7.585497087000000471e-01
1.733999999999999986e+01,1.425279534099999879e+01,7.597455490899999164e-01
1.735000000000000142e+01,1.425292191499999994e+01,7.587768190099999366e-01
1.735999999999999943e+01,1.425288536500000092e+01,7.593421086099999551e-01
1.737000000000000099e+01,1.425287025099999916e+01,7.593683037599999741e-01
1.737999999999999901e+01,1.425284812599999995e+01,7.587301317700000380e-01
1.739000000000000057e+01,1.425295821699999976e+01,7.597795201499999429e-01
1.739999999999999858e+01,1.425279825100000153e+01,7.585784725599999945e-01
1.741000000000000014e+01,1.425291952399999929e+01,7.597366018900000295e-01
1.742000000000000171e+01,1.425288684799999928e+01,7.587372039099999910e-01
1.742999999999999972e+01,1.425287017799999845e+01,7.594340816099999225e-01
1.744000000000000128e+01,1.425284664900000031e+01,7.592506548699999858e-01
1.744999999999999929e+01,1.425296061799999947e+01,7.588430962600000163e-01
1.746000000000000085e+01,1.425279539799999995e+01,7.596946195699999516e-01
1.746999999999999886e+01,1.425292230699999863e+01,7.586449717100000045e-01
1.748000000000000043e+01,1.425288461699999942e+01,7.596643487299999942e-01
1.748999999999999844e+01,1.425287165099999775e+01,7.588240264600000229e-01
1.750000000000000000e+01,1.425284649199999798e+01,7.593213496199999746e-01
1.751000000000000156e+01,1.425295920799999827e+01,7.594040904200000108e-01
1.751999999999999957e+01,1.425279806999999899e+01,7.586615171699999660e-01
1.753000000000000114e+01,1.425291905099999923e+01,7.598916523899998943e-01
1.753999999999999915e+01,1.425288766599999946e+01,7.584409163099999907e-01
1.755000000000000071e+01,1.425286901499999992e+01,7.598536738299999094e-01
1.755999999999999872e+01,1.425284818299999934e+01,7.586817319999999976e-01
1.757000000000000028e+01,1.425295920599999810e+01,7.593727697400000087e-01
1.757999999999999829e+01,1.425279607100000057e+01,7.594532913800000617e-01
1.758999999999999986e+01,1.425292256500000043e+01,7.585563515100000043e-01
1.760000000000000142e+01,1.425288370499999857e+01,7.599869130999999944e-01
1.760999999999999943e+01,1.425287284700000079e+01,7.583822805700000114e-01
1.762000000000000099e+01,1.425284504600000091e+01,7.598858002799999678e-01
1.762999999999999901e+01,1.425296098699999803e+01,7.586593071500000729e-01
1.764000000000000057e+01,1.425279619400000009e+01,7.594247420499999901e-01
1.764999999999999858e+01,1.425292051199999932e+01,7.593428106299999758e-01
1.766000000000000014e+01,1.425288700499999983e+01,7.586963258000000154e-01
1.767000000000000171e+01,1.425286897099999806e+01,7.598497362499999630e-01
1.767999999999999972e+01,1.425284864399999840e+01,7.585203164699999556e-01
1.769000000000000128e+01,1.425295837999999904e+01,7.597397375800000185e-01
1.769999999999999929e+01,1.425279763900000063e+01,7.587916521499999956e-01
1.771000000000000085e+01,1.425292052799999887e+01,7.593298775799999234e-01
1.771999999999999886e+01,1.425288529400000037e+01,7.593938447299999339e-01
1.773000000000000043e+01,1.425287206500000003e+01,7.586849018399999256e-01
1.773999999999999844e+01,1.425284511200000104e+01,7.598372998899999287e-01
1.775000000000000000e+01,1.425296139900000014e+01,7.585245789500000280e-01
1.776000000000000156e+01,1.425279530899999969e+01,7.597585805900000100e-01
1.776999999999999957e+01,1.425292192900000110e+01,7.587702681999999310e-01
1.778000000000000114e+01,1.425288537999999861e+01,7.593363605699999797e-01
1.778999999999999915e+01,1.425287017799999845e+01,7.593944865999999738e-01
1.780000000000000071e+01,1.425284823000000145e+01,7.586921222099999307e-01
1.780999999999999872e+01,1.425295810199999913e+01,7.598206352499999872e-01
1.782000000000000028e+01,1.425279834700000059e+01,7.585418424600000042e-01
1.782999999999999829e+01,1.425291945899999924e+01,7.597596344899999465e-01
1.783999999999999986e+01,1.425288685700000002e+01,7.587331779899999518e-01
1.785000000000000142e+01,1.425287023900000172e+01,7.594121972699999779e-01
1.785999999999999943e+01,1.425284650299999889e+01,7.593030937199999331e-01
1.787000000000000099e+01,1.425296076799999945e+01,7.587842191399999381e-01
1.787999999999999901e+01,1.425279537099999771e+01,7.597087437499999707e-01
1.789000000000000057e+01,1.425292216999999795e+01,7.586916073199999611e-01
1.789999999999999858e+01,1.425288487099999912e+01,7.595739289599999777e-01
1.791000000000000014e+01,1.425287094999999837e+01,7.590639663299999507e-01
1.792000000000000171e+01,1.425284767299999977e+01,7.589068068900000075e-01
1.792999999999999972e+01,1.425295809400000024e+01,7.598014590999999651e-01
1.794000000000000128e+01,1.425279878300000114e+01,7.584000843699999495e-01
1.794999999999999929e+01,1.425291880500000019e+01,7.599962726099999122e-01
1.796000000000000085e+01,1.425288752399999836e+01,7.584751499199999802e-01
1.796999999999999886e+01,1.425286938100000000e+01,7.597226475699999648e-01
1.798000000000000043e+01,1.425284756699999811e+01,7.589215596400000763e-01
1.798999999999999844e+01,1.425295988899999955e+01,7.591141485999999272e-01
1.800000000000000000e+01,1.425279584399999955e+01,7.595283660899999623e-01
1.801000000000000156e+01,1.425292213200000013e+01,7.587165925700000146e-01
1.801999999999999957e+01,1.425288459200000091e+01,7.596687586200000508e-01
1.803000000000000114e+01,1.425287179399999893e+01,7.587664355600000077e-01
1.803999999999999915e+01,1.425284602199999817e+01,7.595098122000000229e-01
1.805000000000000071e+01,1.425296009000000019e+01,7.590603175500000299e-01
1.805999999999999872e+01,1.425279717200000107e+01,7.590077301500000040e-01
1.807000000000000028e+01,1.425291972000000129e+01,7.596265493999999618e-01
1.807999999999999829e+01,1.425288723499999932e+01,7.586157407700000466e-01
1.808999999999999986e+01,1.425286920399999779e+01,7.597668192700000045e-01
1.810000000000000142e+01,1.425284819500000033e+01,7.586868590999999995e-01
1.810999999999999943e+01,1.425295909799999983e+01,7.594114041399999682e-01
1.812000000000000099e+01,1.425279611899999921e+01,7.594224797499999902e-01
1.812999999999999901e+01,1.425292262299999990e+01,7.585506014899999760e-01
1.814000000000000057e+01,1.425288358100000075e+01,7.600180336799999825e-01
1.814999999999999858e+01,1.425287298499999977e+01,7.583414638500000082e-01
1.816000000000000014e+01,1.425284492399999969e+01,7.599302644699998943e-01
1.817000000000000171e+01,1.425296107900000031e+01,7.586185855799999489e-01
1.817999999999999972e+01,1.425279621199999802e+01,7.594229167300000638e-01
1.819000000000000128e+01,1.425292027599999933e+01,7.594253264199999354e-01
1.819999999999999929e+01,1.425288742899999939e+01,7.585446371599999793e-01
1.821000000000000085e+01,1.425286845299999960e+01,7.600380730400000395e-01
1.821999999999999886e+01,1.425284918499999876e+01,7.583173709999999623e-01
1.823000000000000043e+01,1.425295786799999931e+01,7.599338005000000340e-01
1.823999999999999844e+01,1.425279803199999940e+01,7.586368910899999873e-01
1.825000000000000000e+01,1.425292035800000079e+01,7.593984313900000727e-01
1.826000000000000156e+01,1.425288512300000043e+01,7.594515603600000553e-01
1.826999999999999957e+01,1.425287250199999889e+01,7.585288457900000170e-01
1.828000000000000114e+01,1.425284454599999862e+01,7.600452350199999874e-01
1.828999999999999915e+01,1.425296196099999868e+01,7.583119306500000212e-01
1.830000000000000071e+01,1.425279483299999761e+01,7.599447261399999709e-01
1.830999999999999872e+01,1.425292225799999990e+01,7.586359167499999723e-01
1.832000000000000028e+01,1.425288524599999995e+01,7.593912106000000328e-01
1.832999999999999829e+01,1.425287003100000049e+01,7.594504338899999984e-01
1.833999999999999986e+01,1.425284862900000071e+01,7.585428961999999276e-01
1.835000000000000142e+01,1.425295756199999886e+01,7.600221805300000355e-01
1.835999999999999943e+01,1.425279888300000053e+01,7.583358427199999863e-01
1.837000000000000099e+01,1.425291899399999984e+01,7.599423681200000447e-01
1.837999999999999901e+01,1.425288721799999792e+01,7.585911351399999836e-01
1.839000000000000057e+01,1.425287004599999818e+01,7.594853184300000004e-01
1.839999999999999858e+01,1.425284642300000115e+01,7.593322809600000500e-01
1.841000000000000014e+01,1.425296112199999854e+01,7.586528476599999626e-01
1.842000000000000171e+01,1.425279478700000091e+01,7.599255804700000283e-01
1.842999999999999972e+01,1.425292287499999766e+01,7.584257415699999783e-01
1.844000000000000128e+01,1.425288414599999953e+01,7.598492742699999303e-01
1.844999999999999929e+01,1.425287201000000081e+01,7.586800421899999591e-01
1.846000000000000085e+01,1.425284635200000061e+01,7.593768350499999764e-01
1.846999999999999886e+01,1.425295895300000026e+01,7.594938178999999234e-01
1.848000000000000043e+01,1.425279867499999931e+01,7.584376639500000072e-01
1.848999999999999844e+01,1.425291826700000009e+01,7.601837382699999646e-01
1.850000000000000000e+01,1.425288845600000087e+01,7.581397505299999340e-01
1.851000000000000156e+01,1.425286835700000054e+01,7.601105343299999761e-01
1.851999999999999957e+01,1.425284863200000096e+01,7.585014940500000025e-01
1.853000000000000114e+01,1.425295890599999815e+01,7.594882437900000172e-01
1.853999999999999915e+01,1.425279629599999964e+01,7.593656530200000310e-01
1.855000000000000071e+01,1.425292235299999888e+01,7.586320185099999502e-01
1.855999999999999872e+01,1.425288388100000070e+01,7.599269305599999358e-01
1.857000000000000028e+01,1.425287273299999846e+01,7.584199990600000163e-01
1.857999999999999829e+01,1.425284509199999938e+01,7.598680176000000008e-01
1.858999999999999986e+01,1.425296097700000075e+01,7.586620927999999653e-01
1.860000000000000142e+01,1.425279621299999810e+01,7.594178796399999598e-01
1.860999999999999943e+01,1.425292040299999918e+01,7.593779787100000123e-01
1.862000000000000099e+01,1.425288720500000039e+01,7.586275545599999726e-01
1.862999999999999901e+01,1.425286867899999876e+01,7.599493427100000309e-01
1.864000000000000057e+01,1.425284900400000154e+01,7.583905676700000154e-01
1.864999999999999858e+01,1.425295798299999994e+01,7.598860901799999734e-01
1.866000000000000014e+01,1.425279800100000038e+01,7.586537120199999817e-01
1.867000000000000171e+01,1.425292033599999897e+01,7.594034594499999846e-01
1.867999999999999972e+01,1.425288513999999829e+01,7.594442410199999660e-01
1.869000000000000128e+01,1.425287253599999993e+01,7.585159744799999659e-01
1.869999999999999929e+01,1.425284444300000075e+01,7.600830552199999701e-01
1.871000000000000085e+01,1.425296212200000134e+01,7.582531335800000161e-01
1.871999999999999886e+01,1.425279463799999924e+01,7.600131823299999256e-01
1.873000000000000043e+01,1.425292244799999963e+01,7.585659435999999589e-01
1.873999999999999844e+01,1.425288514499999870e+01,7.594303636299999383e-01
1.875000000000000000e+01,1.425286996200000011e+01,7.594711348899999548e-01
1.876000000000000156e+01,1.425284884299999888e+01,7.584673622299999973e-01
1.876999999999999957e+01,1.425295726699999932e+01,7.601289335299999950e-01
1.878000000000000114e+01,1.425279920699999892e+01,7.582168610999999725e-01
1.878999999999999915e+01,1.425291870200000055e+01,7.600527410999999844e-01
1.880000000000000071e+01,1.425288742699999922e+01,7.585058283099999077e-01
1.880999999999999872e+01,1.425287001499999917e+01,7.595020967200000195e-01
1.882000000000000028e+01,1.425284616999999976e+01,7.594224462699999956e-01
1.882999999999999829e+01,1.425296162799999955e+01,7.584699306600000135e-01
1.883999999999999986e+01,1.425279414799999955e+01,7.601585635700000010e-01
1.885000000000000142e+01,1.425292350800000030e+01,7.581900348100000242e-01
1.885999999999999943e+01,1.425288362600000092e+01,7.600473525199999969e-01
1.887000000000000099e+01,1.425287234800000036e+01,7.585465016300000363e-01
1.887999999999999901e+01,1.425284584499999951e+01,7.595884547099999162e-01
1.889000000000000057e+01,1.425296004200000155e+01,7.590679402500000172e-01
1.889999999999999858e+01,1.425279716800000074e+01,7.590047095099999863e-01
1.891000000000000014e+01,1.425291981600000035e+01,7.595986679399999719e-01
1.892000000000000171e+01,1.425288714899999754e+01,7.586421878999999313e-01
1.892999999999999972e+01,1.425286917899999928e+01,7.597755698500000543e-01
1.894000000000000128e+01,1.425284831099999927e+01,7.586448486099999222e-01
1.894999999999999929e+01,1.425295873499999821e+01,7.596031444799999921e-01
1.896000000000000085e+01,1.425279695699999927e+01,7.590653532200000164e-01
1.896999999999999886e+01,1.425292175000000050e+01,7.588589937199999857e-01
1.898000000000000043e+01,1.425288393199999781e+01,7.598949998199999722e-01
1.898999999999999844e+01,1.425287313399999967e+01,7.582896099599999440e-01
1.900000000000000000e+01,1.425284437800000070e+01,7.601143825299999657e-01
1.901000000000000156e+01,1.425296185799999904e+01,7.583390156699999496e-01
1.901999999999999957e+01,1.425279504099999883e+01,7.598661529200000375e-01
1.903000000000000114e+01,1.425292201299999917e+01,7.587364256699999920e-01
1.903999999999999915e+01,1.425288551799999937e+01,7.592885020099999771e-01
1.905000000000000071e+01,1.425286980899999811e+01,7.595173612300000210e-01
1.905999999999999872e+01,1.425284869500000084e+01,7.585268854899999136e-01
1.907000000000000028e+01,1.425295767599999941e+01,7.599832133999999684e-01
1.907999999999999829e+01,1.425279868400000005e+01,7.584118996299999971e-01
1.908999999999999986e+01,1.425291923600000032e+01,7.598462693999999962e-01
1.910000000000000142e+01,1.425288695799999950e+01,7.586874503699999606e-01
1.910999999999999943e+01,1.425287017000000134e+01,7.594405075800000349e-01
1.912000000000000099e+01,1.425284663799999940e+01,7.592532777599999561e-01
1.912999999999999901e+01,1.425296059599999943e+01,7.588456420999999397e-01
1.914000000000000057e+01,1.425279546199999992e+01,7.596709009699998960e-01
1.914999999999999858e+01,1.425292217099999803e+01,7.586934553099999867e-01
1.916000000000000014e+01,1.425288482500000065e+01,7.595882547400000240e-01
1.917000000000000171e+01,1.425287137699999995e+01,7.589191981699999756e-01
1.917999999999999972e+01,1.425284667399999883e+01,7.592556440000000073e-01
1.919000000000000128e+01,1.425295926400000113e+01,7.593803996199999240e-01
1.919999999999999929e+01,1.425279775099999924e+01,7.587813006999999388e-01
1.921000000000000085e+01,1.425291952699999953e+01,7.597104587599999848e-01
1.921999999999999886e+01,1.425288714400000067e+01,7.586372193300000566e-01
1.923000000000000043e+01,1.425286947199999865e+01,7.596771230300000122e-01
1.923999999999999844e+01,1.425284779600000107e+01,7.588313248400000433e-01
1.925000000000000000e+01,1.425295931900000035e+01,7.593259887999999069e-01
1.926000000000000156e+01,1.425279642899999999e+01,7.593145671000000041e-01
1.926999999999999957e+01,1.425292175000000050e+01,7.588587120699999966e-01
1.928000000000000114e+01,1.425288473000000167e+01,7.596084846000000779e-01
1.928999999999999915e+01,1.425287182199999947e+01,7.587645063900000375e-01
1.930000000000000071e+01,1.425284589099999799e+01,7.595568730699999715e-01
1.930999999999999872e+01,1.425296014899999797e+01,7.590358776599999135e-01
1.932000000000000028e+01,1.425279734600000126e+01,7.589465495899999636e-01
1.932999999999999829e+01,1.425291926699999934e+01,7.597829132799999163e-01
1.933999999999999986e+01,1.425288783599999931e+01,7.584057056499999838e-01
1.935000000000000142e+01,1.425286858199999962e+01,7.599906248400000175e-01
1.935999999999999943e+01,1.425284872499999977e+01,7.584803500799999210e-01
1.937000000000000099e+01,1.425295841600000024e+01,7.597303887099999820e-01
1.937999999999999901e+01,1.425279719699999958e+01,7.589721624299999858e-01
1.939000000000000057e+01,1.425292162400000073e+01,7.589106484600000035e-01
1.939999999999999858e+01,1.425288394499999889e+01,7.598844800199999749e-01
1.941000000000000014e+01,1.425287318900000066e+01,7.582691157399999993e-01
1.942000000000000171e+01,1.425284433300000053e+01,7.601355767799999885e-01
1.942999999999999972e+01,1.425296182399999800e+01,7.583473328299999983e-01
1.944000000000000128e+01,1.425279515499999938e+01,7.598240592399999604e-01
1.944999999999999929e+01,1.425292159500000011e+01,7.589243819600000052e-01
1.946000000000000085e+01,1.425288643100000030e+01,7.589184327300000366e-01
1.946999999999999886e+01,1.425286880199999828e+01,7.598985906099999799e-01
1.948000000000000043e+01,1.425284940700000114e+01,7.582517587699999506e-01
1.948999999999999844e+01,1.425295727800000023e+01,7.601380470599999883e-01
1.950000000000000000e+01,1.425279878700000147e+01,7.583569024999999852e-01
1.951000000000000156e+01,1.425291932299999864e+01,7.598236911799999271e-01
1.951999999999999957e+01,1.425288655199999965e+01,7.588827003599999399e-01
1.953000000000000114e+01,1.425287123000000022e+01,7.590010675899999670e-01
1.953999999999999915e+01,1.425284515899999960e+01,7.598066791699999989e-01
1.955000000000000071e+01,1.425296198500000067e+01,7.583208319399999953e-01
1.955999999999999872e+01,1.425279439799999892e+01,7.600881492200000089e-01
1.957000000000000028e+01,1.425292283800000170e+01,7.584195806100000326e-01
1.957999999999999829e+01,1.425288448999999957e+01,7.597260784299999514e-01
1.958999999999999986e+01,1.425287106899999934e+01,7.590175541399999393e-01
1.960000000000000142e+01,1.425284775399999937e+01,7.588635586699999935e-01
1.960999999999999943e+01,1.425295785800000026e+01,7.599123788899999621e-01
1.962000000000000099e+01,1.425279911099999985e+01,7.582590848299999298e-01
1.962999999999999901e+01,1.425291844899999916e+01,7.601354479999999914e-01
1.964000000000000057e+01,1.425288785399999902e+01,7.583469282700000536e-01
1.964999999999999858e+01,1.425286911099999898e+01,7.598295386300000231e-01
1.966000000000000014e+01,1.425284756999999836e+01,7.589168473999999831e-01
1.967000000000000171e+01,1.425296037999999932e+01,7.589313952399999730e-01
1.967999999999999972e+01,1.425279489600000105e+01,7.598748372999999390e-01
1.969000000000000128e+01,1.425292326900000006e+01,7.582959644399999144e-01
1.969999999999999929e+01,1.425288349000000032e+01,7.600823208399999364e-01
1.971000000000000085e+01,1.425287269099999854e+01,7.584210332999999915e-01
1.971999999999999886e+01,1.425284538799999901e+01,7.597584741899999772e-01
1.973000000000000043e+01,1.425296032800000035e+01,7.589633108900000202e-01
1.973999999999999844e+01,1.425279741799999833e+01,7.589137098099999479e-01
1.975000000000000000e+01,1.425291901000000117e+01,7.598921562399999496e-01
1.976000000000000156e+01,1.425288820699999981e+01,7.582512221499999594e-01
1.976999999999999957e+01,1.425286820099999829e+01,7.601488035300000279e-01
1.978000000000000114e+01,1.425284902199999948e+01,7.583609995799999171e-01
1.978999999999999915e+01,1.425295827499999923e+01,7.597906708299999590e-01
1.980000000000000071e+01,1.425279721999999971e+01,7.589595984900000536e-01
1.980999999999999872e+01,1.425292162800000106e+01,7.589040142099999775e-01
1.982000000000000028e+01,1.425288396000000013e+01,7.598869542299999669e-01
1.982999999999999829e+01,1.425287314800000082e+01,7.582791165700000224e-01
1.983999999999999986e+01,1.425284438999999992e+01,7.601163406199999972e-01
1.985000000000000142e+01,1.425296175100000085e+01,7.583716588000000147e-01
1.985999999999999943e+01,1.425279522299999968e+01,7.598007667399999665e-01
1.987000000000000099e+01,1.425292153699999886e+01,7.589458111600000390e-01
1.987999999999999901e+01,1.425288648799999969e+01,7.588984905800000291e-01
1.989000000000000057e+01,1.425286874599999898e+01,7.599161127699999296e-01
1.989999999999999858e+01,1.425284941599999833e+01,7.582498009499999414e-01
1.991000000000000014e+01,1.425295731499999974e+01,7.601264363799999924e-01
1.992000000000000171e+01,1.425279872699999828e+01,7.583771061699999816e-01
1.992999999999999972e+01,1.425291938199999997e+01,7.598015768400000480e-01
1.994000000000000128e+01,1.425288648599999952e+01,7.589069853100000040e-01
1.994999999999999929e+01,1.425287129300000011e+01,7.589816261299999756e-01
1.996000000000000085e+01,1.425284510500000046e+01,7.598221648999999855e-01
1.996999999999999886e+01,1.425296201900000170e+01,7.583095377999999886e-01
1.998000000000000043e+01,1.425279436100000119e+01,7.600999533900000271e-01
1.998999999999999844e+01,1.425292289799999956e+01,7.584027991199999708e-01
2.000000000000000000e+01,1.425288442100000097e+01,7.597493309999999722e-01
