  Time  Coordinate0  Coordinate1  Coordinate2  Force0  Force1  Force2  Displacement0  Displacement1  Displacement2
 0.00000000e+00   6.00000000e-01   2.00000000e-01   0.00000000e+00   0.00000000e+00   0.00000000e+00   0.00000000e+00   0.00000000e+00   0.00000000e+00   0.00000000e+00
 1.00000000e-02   6.00000000e-01   2.00000000e-01   0.00000000e+00  -1.75131424e-04  -2.70842887e-10   9.11909854e-26  -6.71265611e-08  -6.47084449e-11   0.00000000e+00
 2.00000000e-02   6.00000000e-01   2.00000000e-01   0.00000000e+00  -5.47110729e-04  -3.46141589e-09   1.35226091e-25  -2.87739277e-07  -9.95012380e-10   0.00000000e+00
 3.00000000e-02   6.00000000e-01   2.00000000e-01   0.00000000e+00  -9.37500392e-04   4.87873463e-09   1.17239954e-25  -6.00158575e-07  -2.42703913e-09   0.00000000e+00
 4.00000000e-02   6.00000000e-01   2.00000000e-01   0.00000000e+00  -1.32420372e-03  -7.17587091e-09   1.17512493e-24  -8.54805510e-07  -4.21767655e-09   0.00000000e+00
 5.00000000e-02   6.00000000e-01   2.00000000e-01   0.00000000e+00  -1.70714036e-03   1.21456540e-09  -2.49343636e-24  -1.00512406e-06  -7.59620848e-09   0.00000000e+00
 6.00000000e-02   6.00000000e-01   2.00000000e-01   0.00000000e+00  -2.08538683e-03  -3.84895555e-09  -1.82765210e-24  -1.15396405e-06  -1.23355414e-08   0.00000000e+00
 7.00000000e-02   6.00000000e-01   2.00000000e-01   0.00000000e+00  -2.46483999e-03  -4.32699503e-09  -1.26963930e-24  -1.37394420e-06  -1.85246538e-08   0.00000000e+00
 8.00000000e-02   6.00000000e-01   2.00000000e-01   0.00000000e+00  -2.85029988e-03  -3.86545952e-09   5.02906207e-24  -1.58506820e-06  -2.68727764e-08   0.00000000e+00
 9.00000000e-02   6.00000000e-01   2.00000000e-01   0.00000000e+00  -3.23614062e-03  -5.38958701e-09  -3.66280929e-24  -1.72228574e-06  -3.76552154e-08   0.00000000e+00
 1.00000000e-01   6.00000000e-01   2.00000000e-01   0.00000000e+00  -3.61751634e-03  -4.57865454e-09   1.33366905e-24  -1.84416042e-06  -5.13855826e-08   0.00000000e+00
 1.10000000e-01   6.00000000e-01   2.00000000e-01   0.00000000e+00  -3.99835253e-03  -4.53244025e-09  -5.87144305e-24  -2.00586927e-06  -6.88682786e-08   0.00000000e+00
 1.20000000e-01   6.00000000e-01   2.00000000e-01   0.00000000e+00  -4.38214954e-03  -2.17386888e-09  -9.29040340e-25  -2.17470997e-06  -9.09475312e-08   0.00000000e+00
 1.30000000e-01   6.00000000e-01   2.00000000e-01   0.00000000e+00  -4.76664922e-03  -2.09213734e-10   1.11842389e-23  -2.29925295e-06  -1.18388320e-07   0.00000000e+00
 1.40000000e-01   6.00000000e-01   2.00000000e-01   0.00000000e+00  -5.14822983e-03   3.15246981e-09   1.43912649e-25  -2.39734418e-06  -1.52207040e-07   0.00000000e+00
 1.50000000e-01   6.00000000e-01   2.00000000e-01   0.00000000e+00  -5.52775205e-03   7.59649855e-09   1.20743800e-23  -2.51786608e-06  -1.93473554e-07   0.00000000e+00
 1.60000000e-01   6.00000000e-01   2.00000000e-01   0.00000000e+00  -5.90858135e-03   1.25009472e-08   2.95816142e-24  -2.64882717e-06  -2.43193403e-07   0.00000000e+00
 1.70000000e-01   6.00000000e-01   2.00000000e-01   0.00000000e+00  -6.28975773e-03   1.89511414e-08   5.70031368e-24  -2.75203326e-06  -3.02490323e-07   0.00000000e+00
 1.80000000e-01   6.00000000e-01   2.00000000e-01   0.00000000e+00  -6.66853138e-03   2.56425529e-08   9.20351719e-24  -2.83248311e-06  -3.72460198e-07   0.00000000e+00
 1.90000000e-01   6.00000000e-01   2.00000000e-01   0.00000000e+00  -7.04513374e-03   3.39547300e-08   1.56092325e-23  -2.91866525e-06  -4.54188942e-07   0.00000000e+00
 2.00000000e-01   6.00000000e-01   2.00000000e-01   0.00000000e+00  -7.42132483e-03   4.25202439e-08   1.53502260e-23  -3.01485641e-06  -5.48870063e-07   0.00000000e+00
 2.10000000e-01   6.00000000e-01   2.00000000e-01   0.00000000e+00  -7.79734029e-03   5.28667986e-08  -9.70292164e-24  -3.09588262e-06  -6.57663822e-07   0.00000000e+00
 2.20000000e-01   6.00000000e-01   2.00000000e-01   0.00000000e+00  -8.17140891e-03   6.37102513e-08  -2.68051076e-24  -3.15544655e-06  -7.81786087e-07   0.00000000e+00
 2.30000000e-01   6.00000000e-01   2.00000000e-01   0.00000000e+00  -8.54285528e-03   7.65965326e-08   1.67423966e-23  -3.21486482e-06  -9.22405052e-07   0.00000000e+00
 2.40000000e-01   6.00000000e-01   2.00000000e-01   0.00000000e+00  -8.91313455e-03   8.94165464e-08   1.70832490e-23  -3.27933500e-06  -1.08053877e-06   0.00000000e+00
 2.50000000e-01   6.00000000e-01   2.00000000e-01   0.00000000e+00  -9.28241538e-03   1.04014012e-07  -2.24193272e-23  -3.33532673e-06  -1.25744597e-06   0.00000000e+00
 2.60000000e-01   6.00000000e-01   2.00000000e-01   0.00000000e+00  -9.64973728e-03   1.20816231e-07  -9.49933061e-24  -3.37544930e-06  -1.45431459e-06   0.00000000e+00
 2.70000000e-01   6.00000000e-01   2.00000000e-01   0.00000000e+00  -1.00144670e-02   1.37745557e-07   2.19757793e-23  -3.40920222e-06  -1.67225763e-06   0.00000000e+00
 2.80000000e-01   6.00000000e-01   2.00000000e-01   0.00000000e+00  -1.03771109e-02   1.57293538e-07  -2.15624359e-23  -3.44581614e-06  -1.91253848e-06   0.00000000e+00
 2.90000000e-01   6.00000000e-01   2.00000000e-01   0.00000000e+00  -1.07382408e-02   1.78251803e-07  -9.36018769e-25  -3.47686807e-06  -2.17614689e-06   0.00000000e+00
 3.00000000e-01   6.00000000e-01   2.00000000e-01   0.00000000e+00  -1.10971849e-02   1.99933998e-07  -9.97617318e-25  -3.49532247e-06  -2.46412641e-06   0.00000000e+00
 3.10000000e-01   6.00000000e-01   2.00000000e-01   0.00000000e+00  -1.14533280e-02   2.24853040e-07   1.72422733e-23  -3.50672600e-06  -2.77757157e-06   0.00000000e+00
 3.20000000e-01   6.00000000e-01   2.00000000e-01   0.00000000e+00  -1.18069930e-02   2.50137128e-07  -2.03399536e-23  -3.51684090e-06  -3.11741673e-06   0.00000000e+00
 3.30000000e-01   6.00000000e-01   2.00000000e-01   0.00000000e+00  -1.21584261e-02   2.79420261e-07   3.90018054e-23  -3.52343890e-06  -3.48468275e-06   0.00000000e+00
 3.40000000e-01   6.00000000e-01   2.00000000e-01   0.00000000e+00  -1.25074348e-02   3.08593772e-07   1.08502643e-25  -3.52047088e-06  -3.88029215e-06   0.00000000e+00
 3.50000000e-01   6.00000000e-01   2.00000000e-01   0.00000000e+00  -1.28534745e-02   3.40985506e-07   2.42179205e-23  -3.50943885e-06  -4.30488701e-06   0.00000000e+00
 3.60000000e-01   6.00000000e-01   2.00000000e-01   0.00000000e+00  -1.31965569e-02   3.73472339e-07  -1.88993996e-24  -3.49578263e-06  -4.75923970e-06   0.00000000e+00
 3.70000000e-01   6.00000000e-01   2.00000000e-01   0.00000000e+00  -1.35369686e-02   4.11092648e-07  -4.59548933e-23  -3.47836633e-06  -5.24412076e-06   0.00000000e+00
 3.80000000e-01   6.00000000e-01   2.00000000e-01   0.00000000e+00  -1.38745422e-02   4.48220324e-07   2.58900121e-23  -3.45352748e-06  -5.76007003e-06   0.00000000e+00
 3.90000000e-01   6.00000000e-01   2.00000000e-01   0.00000000e+00  -1.42089286e-02   4.89628472e-07   2.69842438e-25  -3.42131387e-06  -6.30776204e-06   0.00000000e+00
 4.00000000e-01   6.00000000e-01   2.00000000e-01   0.00000000e+00  -1.45400313e-02   5.32746732e-07  -6.15212392e-24  -3.38460242e-06  -6.88778807e-06   0.00000000e+00
 4.10000000e-01   6.00000000e-01   2.00000000e-01   0.00000000e+00  -1.48679810e-02   5.78893872e-07  -2.80363976e-23  -3.34438801e-06  -7.50056753e-06   0.00000000e+00
 4.20000000e-01   6.00000000e-01   2.00000000e-01   0.00000000e+00  -1.51927640e-02   6.27403281e-07  -5.04814710e-23  -3.29798022e-06  -8.14655614e-06   0.00000000e+00
 4.30000000e-01   6.00000000e-01   2.00000000e-01   0.00000000e+00  -1.55140887e-02   6.78651702e-07   4.07175869e-23  -3.24467878e-06  -8.82623882e-06   0.00000000e+00
 4.40000000e-01   6.00000000e-01   2.00000000e-01   0.00000000e+00  -1.58318297e-02   7.33138656e-07  -1.32753820e-23  -3.18661603e-06  -9.54002548e-06   0.00000000e+00
 4.50000000e-01   6.00000000e-01   2.00000000e-01   0.00000000e+00  -1.61460460e-02   7.90846917e-07   2.07886022e-23  -3.12435703e-06  -1.02881826e-05   0.00000000e+00
 4.60000000e-01   6.00000000e-01   2.00000000e-01   0.00000000e+00  -1.64566935e-02   8.50494298e-07   3.45240411e-24  -3.05686985e-06  -1.10711236e-05   0.00000000e+00
 4.70000000e-01   6.00000000e-01   2.00000000e-01   0.00000000e+00  -1.67636216e-02   9.15810400e-07  -7.30162873e-25  -2.98320882e-06  -1.18891755e-05   0.00000000e+00
 4.80000000e-01   6.00000000e-01   2.00000000e-01   0.00000000e+00  -1.70666863e-02   9.81532247e-07   4.52037718e-25  -2.90429917e-06  -1.27425265e-05   0.00000000e+00
 4.90000000e-01   6.00000000e-01   2.00000000e-01   0.00000000e+00  -1.73661567e-02   1.05300698e-06  -2.53185190e-23  -2.82175563e-06  -1.36315217e-05   0.00000000e+00
 5.00000000e-01   6.00000000e-01   2.00000000e-01   0.00000000e+00  -1.76614132e-02   1.12740411e-06  -5.17039678e-23  -2.73440026e-06  -1.45562629e-05   0.00000000e+00
 5.10000000e-01   6.00000000e-01   2.00000000e-01   0.00000000e+00  -1.79526760e-02   1.20517760e-06  -2.79999023e-23  -2.64083563e-06  -1.55167401e-05   0.00000000e+00
 5.20000000e-01   6.00000000e-01   2.00000000e-01   0.00000000e+00  -1.82397841e-02   1.28583461e-06  -4.10708766e-24  -2.54166481e-06  -1.65133026e-05   0.00000000e+00
 5.30000000e-01   6.00000000e-01   2.00000000e-01   0.00000000e+00  -1.85226858e-02   1.37122983e-06   5.25969803e-24  -2.43832234e-06  -1.75463820e-05   0.00000000e+00
 5.40000000e-01   6.00000000e-01   2.00000000e-01   0.00000000e+00  -1.88013873e-02   1.46195223e-06   1.22336380e-24  -2.33111775e-06  -1.86157927e-05   0.00000000e+00
 5.50000000e-01   6.00000000e-01   2.00000000e-01   0.00000000e+00  -1.90759386e-02   1.54328777e-06   8.94425877e-24  -2.21875577e-06  -1.97194741e-05   0.00000000e+00
 5.60000000e-01   6.00000000e-01   2.00000000e-01   0.00000000e+00  -1.93461066e-02   1.62711910e-06   2.61904071e-25  -2.10116794e-06  -2.08586592e-05   0.00000000e+00
 5.70000000e-01   6.00000000e-01   2.00000000e-01   0.00000000e+00  -1.96116964e-02   1.74017831e-06  -8.24534928e-23  -1.97930424e-06  -2.20365771e-05   0.00000000e+00
 5.80000000e-01   6.00000000e-01   2.00000000e-01   0.00000000e+00  -1.98727905e-02   1.84423762e-06  -3.82416844e-24  -1.85310173e-06  -2.32517475e-05   0.00000000e+00
 5.90000000e-01   6.00000000e-01   2.00000000e-01   0.00000000e+00  -2.01293132e-02   1.95421414e-06  -2.23044853e-23  -1.72200813e-06  -2.45033755e-05   0.00000000e+00
 6.00000000e-01   6.00000000e-01   2.00000000e-01   0.00000000e+00  -2.03811645e-02   2.06937460e-06   4.93562506e-23  -1.58606663e-06  -2.57925951e-05   0.00000000e+00
 6.10000000e-01   6.00000000e-01   2.00000000e-01   0.00000000e+00  -2.06282717e-02   2.18989963e-06   1.04640245e-23  -1.44586511e-06  -2.71191433e-05   0.00000000e+00
 6.20000000e-01   6.00000000e-01   2.00000000e-01   0.00000000e+00  -2.08706118e-02   2.31154661e-06   1.09682604e-23  -1.30163642e-06  -2.84828000e-05   0.00000000e+00
 6.30000000e-01   6.00000000e-01   2.00000000e-01   0.00000000e+00  -2.11081362e-02   2.44008123e-06   4.61501973e-23  -1.15290921e-06  -2.98838177e-05   0.00000000e+00
 6.40000000e-01   6.00000000e-01   2.00000000e-01   0.00000000e+00  -2.13407543e-02   2.57227690e-06  -2.11566173e-23  -9.99611057e-07  -3.13220567e-05   0.00000000e+00
 6.50000000e-01   6.00000000e-01   2.00000000e-01   0.00000000e+00  -2.15683854e-02   2.70815444e-06   2.98779102e-23  -8.42190470e-07  -3.27974163e-05   0.00000000e+00
 6.60000000e-01   6.00000000e-01   2.00000000e-01   0.00000000e+00  -2.17910092e-02   2.84869967e-06   1.69378457e-22  -6.80806965e-07  -3.43102766e-05   0.00000000e+00
 6.70000000e-01   6.00000000e-01   2.00000000e-01   0.00000000e+00  -2.20085789e-02   2.99529351e-06  -1.22080351e-22  -5.15334539e-07  -3.58606279e-05   0.00000000e+00
 6.80000000e-01   6.00000000e-01   2.00000000e-01   0.00000000e+00  -2.22210122e-02   3.14456219e-06  -1.00889328e-23  -3.45622572e-07  -3.74482438e-05   0.00000000e+00
 6.90000000e-01   6.00000000e-01   2.00000000e-01   0.00000000e+00  -2.24282518e-02   3.30056302e-06  -7.98843103e-23  -1.71883932e-07  -3.90732313e-05   0.00000000e+00
 7.00000000e-01   6.00000000e-01   2.00000000e-01   0.00000000e+00  -2.26302677e-02   3.45940297e-06  -1.52360138e-22   5.57780754e-09  -4.07356820e-05   0.00000000e+00
 7.10000000e-01   6.00000000e-01   2.00000000e-01   0.00000000e+00  -2.28269906e-02   3.62417516e-06   1.46112623e-22   1.86877059e-07  -4.24355811e-05   0.00000000e+00
 7.20000000e-01   6.00000000e-01   2.00000000e-01   0.00000000e+00  -2.30184263e-02   3.79303758e-06  -1.42977336e-24   3.72014114e-07  -4.41726016e-05   0.00000000e+00
 7.30000000e-01   6.00000000e-01   2.00000000e-01   0.00000000e+00  -2.32044236e-02   3.96524762e-06   1.61648535e-22   5.60899770e-07  -4.59463908e-05   0.00000000e+00
 7.40000000e-01   6.00000000e-01   2.00000000e-01   0.00000000e+00  -2.33849905e-02   4.14374130e-06  -3.49995986e-23   7.53484925e-07  -4.77566489e-05   0.00000000e+00
 7.50000000e-01   6.00000000e-01   2.00000000e-01   0.00000000e+00  -2.35600775e-02   4.32373636e-06  -1.54390465e-22   9.49677166e-07  -4.96029834e-05   0.00000000e+00
 7.60000000e-01   6.00000000e-01   2.00000000e-01   0.00000000e+00  -2.37296394e-02   4.51100586e-06   4.25069538e-23   1.14947612e-06  -5.14848781e-05   0.00000000e+00
 7.70000000e-01   6.00000000e-01   2.00000000e-01   0.00000000e+00  -2.38935719e-02   4.69421682e-06   2.30872450e-23   1.35282383e-06  -5.34019006e-05   0.00000000e+00
 7.80000000e-01   6.00000000e-01   2.00000000e-01   0.00000000e+00  -2.40518942e-02   4.89066822e-06   1.54677772e-24   1.55971045e-06  -5.53533540e-05   0.00000000e+00
 7.90000000e-01   6.00000000e-01   2.00000000e-01   0.00000000e+00  -2.42046028e-02   5.08628360e-06   1.97847607e-22   1.76998972e-06  -5.73380814e-05   0.00000000e+00
 8.00000000e-01   6.00000000e-01   2.00000000e-01   0.00000000e+00  -2.43516197e-02   5.28798760e-06  -2.11300564e-23   1.98338152e-06  -5.93551767e-05   0.00000000e+00
 8.10000000e-01   6.00000000e-01   2.00000000e-01   0.00000000e+00  -2.44929084e-02   5.48949886e-06  -2.95635929e-24   2.19989512e-06  -6.14040865e-05   0.00000000e+00
 8.20000000e-01   6.00000000e-01   2.00000000e-01   0.00000000e+00  -2.46284397e-02   5.69598246e-06  -2.02377201e-24   2.41965818e-06  -6.34846463e-05   0.00000000e+00
 8.30000000e-01   6.00000000e-01   2.00000000e-01   0.00000000e+00  -2.47581568e-02   5.91288894e-06  -7.98030136e-24   2.64262576e-06  -6.55953079e-05   0.00000000e+00
 8.40000000e-01   6.00000000e-01   2.00000000e-01   0.00000000e+00  -2.48820300e-02   6.11616089e-06  -1.76711988e-22   2.86858898e-06  -6.77352939e-05   0.00000000e+00
 8.50000000e-01   6.00000000e-01   2.00000000e-01   0.00000000e+00  -2.50000438e-02   6.34127604e-06  -2.31434803e-24   3.09737844e-06  -6.99047031e-05   0.00000000e+00
 8.60000000e-01   6.00000000e-01   2.00000000e-01   0.00000000e+00  -2.51120112e-02   6.54724882e-06  -1.38910205e-22   3.32925752e-06  -7.21002522e-05   0.00000000e+00
 8.70000000e-01   6.00000000e-01   2.00000000e-01   0.00000000e+00  -2.52183098e-02   6.76166815e-06   2.05804908e-22   3.56397914e-06  -7.43209455e-05   0.00000000e+00
 8.80000000e-01   6.00000000e-01   2.00000000e-01   0.00000000e+00  -2.53185682e-02   6.99824105e-06   8.51221042e-23   3.80104185e-06  -7.65688287e-05   0.00000000e+00
 8.90000000e-01   6.00000000e-01   2.00000000e-01   0.00000000e+00  -2.54128586e-02   7.22164305e-06   3.01678443e-23   4.04059879e-06  -7.88424074e-05   0.00000000e+00
 9.00000000e-01   6.00000000e-01   2.00000000e-01   0.00000000e+00  -2.55011379e-02   7.45216094e-06   5.25612304e-23   4.28301174e-06  -8.11394587e-05   0.00000000e+00
 9.10000000e-01   6.00000000e-01   2.00000000e-01   0.00000000e+00  -2.55833646e-02   7.68340194e-06  -1.51115705e-22   4.52827336e-06  -8.34592042e-05   0.00000000e+00
 9.20000000e-01   6.00000000e-01   2.00000000e-01   0.00000000e+00  -2.56595043e-02   7.91273801e-06  -5.31890587e-23   4.77580966e-06  -8.58003332e-05   0.00000000e+00
 9.30000000e-01   6.00000000e-01   2.00000000e-01   0.00000000e+00  -2.57295806e-02   8.14742153e-06   7.86329350e-23   5.02544516e-06  -8.81613208e-05   0.00000000e+00
 9.40000000e-01   6.00000000e-01   2.00000000e-01   0.00000000e+00  -2.57935751e-02   8.37765079e-06   2.45891548e-23   5.27758748e-06  -9.05410013e-05   0.00000000e+00
 9.50000000e-01   6.00000000e-01   2.00000000e-01   0.00000000e+00  -2.58514345e-02   8.61434877e-06   3.53404516e-23   5.53219797e-06  -9.29379978e-05   0.00000000e+00
 9.60000000e-01   6.00000000e-01   2.00000000e-01   0.00000000e+00  -2.59031369e-02   8.84608489e-06  -1.98988198e-22   5.78888246e-06  -9.53507098e-05   0.00000000e+00
 9.70000000e-01   6.00000000e-01   2.00000000e-01   0.00000000e+00  -2.59486955e-02   9.08050107e-06   1.07227329e-23   6.04750966e-06  -9.77777848e-05   0.00000000e+00
 9.80000000e-01   6.00000000e-01   2.00000000e-01   0.00000000e+00  -2.59881013e-02   9.31384330e-06   1.02866677e-23   6.30823471e-06  -1.00217616e-04   0.00000000e+00
 9.90000000e-01   6.00000000e-01   2.00000000e-01   0.00000000e+00  -2.60213244e-02   9.54555128e-06  -4.11758876e-22   6.57113306e-06  -1.02668597e-04   0.00000000e+00
 1.00000000e+00   6.00000000e-01   2.00000000e-01   0.00000000e+00  -2.60483412e-02   9.77739764e-06  -1.26088633e-22   6.83588124e-06  -1.05129258e-04   0.00000000e+00
 1.01000000e+00   6.00000000e-01   2.00000000e-01   0.00000000e+00  -2.60691632e-02   1.00076493e-05  -3.60699587e-22   7.10226706e-06  -1.07597913e-04   0.00000000e+00
 1.02000000e+00   6.00000000e-01   2.00000000e-01   0.00000000e+00  -2.60837840e-02   1.02343130e-05  -9.45515622e-23   7.37044391e-06  -1.10072790e-04   0.00000000e+00
 1.03000000e+00   6.00000000e-01   2.00000000e-01   0.00000000e+00  -2.60921842e-02   1.04610400e-05   3.56650939e-22   7.64039540e-06  -1.12551672e-04   0.00000000e+00
 1.04000000e+00   6.00000000e-01   2.00000000e-01   0.00000000e+00  -2.60943629e-02   1.06798218e-05   8.99604353e-23   7.91188849e-06  -1.15032920e-04   0.00000000e+00
 1.05000000e+00   6.00000000e-01   2.00000000e-01   0.00000000e+00  -2.60903117e-02   1.09054182e-05   3.30042984e-23   8.18480028e-06  -1.17515148e-04   0.00000000e+00
 1.06000000e+00   6.00000000e-01   2.00000000e-01   0.00000000e+00  -2.60800430e-02   1.11197172e-05   2.32112223e-23   8.45918688e-06  -1.19997301e-04   0.00000000e+00
 1.07000000e+00   6.00000000e-01   2.00000000e-01   0.00000000e+00  -2.60635427e-02   1.13432123e-05  -1.93022496e-23   8.73504286e-06  -1.22478941e-04   0.00000000e+00
 1.08000000e+00   6.00000000e-01   2.00000000e-01   0.00000000e+00  -2.60408082e-02   1.15570555e-05  -2.48995005e-22   9.01214122e-06  -1.24958986e-04   0.00000000e+00
 1.09000000e+00   6.00000000e-01   2.00000000e-01   0.00000000e+00  -2.60118565e-02   1.17728940e-05   9.36149959e-24   9.29028287e-06  -1.27436272e-04   0.00000000e+00
 1.10000000e+00   6.00000000e-01   2.00000000e-01   0.00000000e+00  -2.59766897e-02   1.19829014e-05   1.57439809e-23   9.56956176e-06  -1.29909255e-04   0.00000000e+00
 1.11000000e+00   6.00000000e-01   2.00000000e-01   0.00000000e+00  -2.59353127e-02   1.22193788e-05   2.88044118e-23   9.85015698e-06  -1.32372920e-04   0.00000000e+00
 1.12000000e+00   6.00000000e-01   2.00000000e-01   0.00000000e+00  -2.58877309e-02   1.24315798e-05   7.52984578e-24   1.01318222e-05  -1.34823620e-04   0.00000000e+00
 1.13000000e+00   6.00000000e-01   2.00000000e-01   0.00000000e+00  -2.58339509e-02   1.26129609e-05  -1.56863552e-23   1.04141726e-05  -1.37267148e-04   0.00000000e+00
 1.14000000e+00   6.00000000e-01   2.00000000e-01   0.00000000e+00  -2.57740080e-02   1.28309564e-05  -1.08491835e-23   1.06973364e-05  -1.39703232e-04   0.00000000e+00
 1.15000000e+00   6.00000000e-01   2.00000000e-01   0.00000000e+00  -2.57079129e-02   1.29889345e-05  -2.94439833e-22   1.09813062e-05  -1.42123694e-04   0.00000000e+00
 1.16000000e+00   6.00000000e-01   2.00000000e-01   0.00000000e+00  -2.56356362e-02   1.31642173e-05  -2.22198051e-22   1.12658992e-05  -1.44527666e-04   0.00000000e+00
 1.17000000e+00   6.00000000e-01   2.00000000e-01   0.00000000e+00  -2.55572284e-02   1.33338525e-05   1.90191367e-22   1.15510093e-05  -1.46913112e-04   0.00000000e+00
 1.18000000e+00   6.00000000e-01   2.00000000e-01   0.00000000e+00  -2.54726831e-02   1.34840181e-05   1.53789166e-22   1.18365733e-05  -1.49276796e-04   0.00000000e+00
 1.19000000e+00   6.00000000e-01   2.00000000e-01   0.00000000e+00  -2.53820309e-02   1.36458136e-05  -3.91306036e-22   1.21225658e-05  -1.51619468e-04   0.00000000e+00
 1.20000000e+00   6.00000000e-01   2.00000000e-01   0.00000000e+00  -2.52852798e-02   1.37978565e-05  -2.35267690e-22   1.24088891e-05  -1.53939852e-04   0.00000000e+00
 1.21000000e+00   6.00000000e-01   2.00000000e-01   0.00000000e+00  -2.51824819e-02   1.39394610e-05   1.88438296e-22   1.26954723e-05  -1.56236684e-04   0.00000000e+00
 1.22000000e+00   6.00000000e-01   2.00000000e-01   0.00000000e+00  -2.50735145e-02   1.40739973e-05   2.23433314e-22   1.29823434e-05  -1.58509471e-04   0.00000000e+00
 1.23000000e+00   6.00000000e-01   2.00000000e-01   0.00000000e+00  -2.49585825e-02   1.42077515e-05  -3.70327079e-22   1.32694668e-05  -1.60754835e-04   0.00000000e+00
 1.24000000e+00   6.00000000e-01   2.00000000e-01   0.00000000e+00  -2.48376946e-02   1.43322780e-05   2.92372806e-22   1.35565315e-05  -1.62969290e-04   0.00000000e+00
 1.25000000e+00   6.00000000e-01   2.00000000e-01   0.00000000e+00  -2.47108372e-02   1.44462924e-05   4.98834447e-22   1.38432291e-05  -1.65152202e-04   0.00000000e+00
 1.26000000e+00   6.00000000e-01   2.00000000e-01   0.00000000e+00  -2.45780982e-02   1.45594011e-05   1.04916224e-22   1.41297205e-05  -1.67303244e-04   0.00000000e+00
 1.27000000e+00   6.00000000e-01   2.00000000e-01   0.00000000e+00  -2.44394047e-02   1.46618593e-05  -1.22300943e-22   1.44161909e-05  -1.69420694e-04   0.00000000e+00
 1.28000000e+00   6.00000000e-01   2.00000000e-01   0.00000000e+00  -2.42948534e-02   1.47540120e-05  -3.28744606e-23   1.47023965e-05  -1.71502960e-04   0.00000000e+00
 1.29000000e+00   6.00000000e-01   2.00000000e-01   0.00000000e+00  -2.41444292e-02   1.48416599e-05   5.06483170e-22   1.49881983e-05  -1.73548132e-04   0.00000000e+00
 1.30000000e+00   6.00000000e-01   2.00000000e-01   0.00000000e+00  -2.39882353e-02   1.49155294e-05   3.52279920e-23   1.52734331e-05  -1.75553365e-04   0.00000000e+00
 1.31000000e+00   6.00000000e-01   2.00000000e-01   0.00000000e+00  -2.38262623e-02   1.49732982e-05   1.67186027e-23   1.55580389e-05  -1.77517307e-04   0.00000000e+00
 1.32000000e+00   6.00000000e-01   2.00000000e-01   0.00000000e+00  -2.36586018e-02   1.50372285e-05   1.70757599e-24   1.58421305e-05  -1.79438997e-04   0.00000000e+00
 1.33000000e+00   6.00000000e-01   2.00000000e-01   0.00000000e+00  -2.34851960e-02   1.50790223e-05   3.46619938e-22   1.61255523e-05  -1.81317044e-04   0.00000000e+00
 1.34000000e+00   6.00000000e-01   2.00000000e-01   0.00000000e+00  -2.33061668e-02   1.51224341e-05  -6.29533378e-23   1.64081356e-05  -1.83150797e-04   0.00000000e+00
 1.35000000e+00   6.00000000e-01   2.00000000e-01   0.00000000e+00  -2.31215379e-02   1.51539360e-05  -3.24352640e-23   1.66897752e-05  -1.84939954e-04   0.00000000e+00
 1.36000000e+00   6.00000000e-01   2.00000000e-01   0.00000000e+00  -2.29313434e-02   1.51788670e-05   1.13673331e-23   1.69704427e-05  -1.86684350e-04   0.00000000e+00
 1.37000000e+00   6.00000000e-01   2.00000000e-01   0.00000000e+00  -2.27356589e-02   1.51965438e-05   5.03934846e-22   1.72501679e-05  -1.88382726e-04   0.00000000e+00
 1.38000000e+00   6.00000000e-01   2.00000000e-01   0.00000000e+00  -2.25344889e-02   1.52008406e-05  -2.40837535e-25   1.75286928e-05  -1.90034211e-04   0.00000000e+00
 1.39000000e+00   6.00000000e-01   2.00000000e-01   0.00000000e+00  -2.23278324e-02   1.51956777e-05  -5.57215876e-24   1.78059221e-05  -1.91637841e-04   0.00000000e+00
 1.40000000e+00   6.00000000e-01   2.00000000e-01   0.00000000e+00  -2.21159042e-02   1.51760876e-05   3.58933947e-22   1.80819595e-05  -1.93192199e-04   0.00000000e+00
 1.41000000e+00   6.00000000e-01   2.00000000e-01   0.00000000e+00  -2.18985524e-02   1.51618492e-05  -1.27263632e-22   1.83568227e-05  -1.94695579e-04   0.00000000e+00
 1.42000000e+00   6.00000000e-01   2.00000000e-01   0.00000000e+00  -2.16760680e-02   1.51242840e-05   5.80655183e-23   1.86302001e-05  -1.96147219e-04   0.00000000e+00
 1.43000000e+00   6.00000000e-01   2.00000000e-01   0.00000000e+00  -2.14483177e-02   1.50935196e-05   5.21300794e-23   1.89018561e-05  -1.97549000e-04   0.00000000e+00
 1.44000000e+00   6.00000000e-01   2.00000000e-01   0.00000000e+00  -2.12154326e-02   1.50501652e-05   8.51024204e-24   1.91719519e-05  -1.98899431e-04   0.00000000e+00
 1.45000000e+00   6.00000000e-01   2.00000000e-01   0.00000000e+00  -2.09774849e-02   1.49871643e-05   2.32974346e-22   1.94404886e-05  -2.00195959e-04   0.00000000e+00
 1.46000000e+00   6.00000000e-01   2.00000000e-01   0.00000000e+00  -2.07344609e-02   1.49232003e-05   3.27254152e-22   1.97072238e-05  -2.01437964e-04   0.00000000e+00
 1.47000000e+00   6.00000000e-01   2.00000000e-01   0.00000000e+00  -2.04865295e-02   1.48318812e-05   1.78032347e-22   1.99718435e-05  -2.02622249e-04   0.00000000e+00
 1.48000000e+00   6.00000000e-01   2.00000000e-01   0.00000000e+00  -2.02336720e-02   1.47261838e-05   6.83292940e-23   2.02345050e-05  -2.03746882e-04   0.00000000e+00
 1.49000000e+00   6.00000000e-01   2.00000000e-01   0.00000000e+00  -1.99759244e-02   1.46255726e-05  -5.81291639e-22   2.04955010e-05  -2.04811163e-04   0.00000000e+00
 1.50000000e+00   6.00000000e-01   2.00000000e-01   0.00000000e+00  -1.97133920e-02   1.45048367e-05   2.77269811e-22   2.07545709e-05  -2.05813597e-04   0.00000000e+00
 1.51000000e+00   6.00000000e-01   2.00000000e-01   0.00000000e+00  -1.94461080e-02   1.43870721e-05   2.64583808e-22   2.10113910e-05  -2.06753743e-04   0.00000000e+00
 1.52000000e+00   6.00000000e-01   2.00000000e-01   0.00000000e+00  -1.91746553e-02   1.42285290e-05   1.57681089e-23   2.12650566e-05  -2.07618736e-04   0.00000000e+00
 1.53000000e+00   6.00000000e-01   2.00000000e-01   0.00000000e+00  -1.88981935e-02   1.39846148e-05  -3.51439972e-23   2.15161750e-05  -2.08397619e-04   0.00000000e+00
 1.54000000e+00   6.00000000e-01   2.00000000e-01   0.00000000e+00  -1.86173759e-02   1.37885865e-05   5.11758817e-23   2.17659397e-05  -2.09100720e-04   0.00000000e+00
 1.55000000e+00   6.00000000e-01   2.00000000e-01   0.00000000e+00  -1.83319051e-02   1.36006232e-05   2.72530387e-22   2.20141369e-05  -2.09732530e-04   0.00000000e+00
 1.56000000e+00   6.00000000e-01   2.00000000e-01   0.00000000e+00  -1.80420905e-02   1.33904564e-05   3.63817206e-24   2.22594969e-05  -2.10289621e-04   0.00000000e+00
 1.57000000e+00   6.00000000e-01   2.00000000e-01   0.00000000e+00  -1.77479704e-02   1.32124935e-05   5.99518304e-23   2.25013987e-05  -2.10772951e-04   0.00000000e+00
 1.58000000e+00   6.00000000e-01   2.00000000e-01   0.00000000e+00  -1.74496132e-02   1.29888448e-05  -3.68495579e-23   2.27410099e-05  -2.11183923e-04   0.00000000e+00
 1.59000000e+00   6.00000000e-01   2.00000000e-01   0.00000000e+00  -1.71470883e-02   1.28038147e-05   1.80600019e-23   2.29787935e-05  -2.11521218e-04   0.00000000e+00
 1.60000000e+00   6.00000000e-01   2.00000000e-01   0.00000000e+00  -1.68405273e-02   1.25483422e-05  -2.32079522e-22   2.32135264e-05  -2.11780218e-04   0.00000000e+00
 1.61000000e+00   6.00000000e-01   2.00000000e-01   0.00000000e+00  -1.65298574e-02   1.23149650e-05   4.53223528e-22   2.34448605e-05  -2.11957682e-04   0.00000000e+00
 1.62000000e+00   6.00000000e-01   2.00000000e-01   0.00000000e+00  -1.62152697e-02   1.20665063e-05   2.78415774e-22   2.36734863e-05  -2.12053889e-04   0.00000000e+00
 1.63000000e+00   6.00000000e-01   2.00000000e-01   0.00000000e+00  -1.58972989e-02   1.18554436e-05  -2.18760221e-22   2.38989125e-05  -2.12083638e-04   0.00000000e+00
 1.64000000e+00   6.00000000e-01   2.00000000e-01   0.00000000e+00  -1.55751290e-02   1.17163058e-05   3.16833977e-24   2.41213517e-05  -2.12056681e-04   0.00000000e+00
 1.65000000e+00   6.00000000e-01   2.00000000e-01   0.00000000e+00  -1.52492887e-02   1.15135178e-05  -2.29607702e-23   2.43409878e-05  -2.11961455e-04   0.00000000e+00
 1.66000000e+00   6.00000000e-01   2.00000000e-01   0.00000000e+00  -1.49197877e-02   1.12943128e-05   9.33729740e-23   2.45580115e-05  -2.11796562e-04   0.00000000e+00
 1.67000000e+00   6.00000000e-01   2.00000000e-01   0.00000000e+00  -1.45866937e-02   1.11036018e-05   4.18952737e-22   2.47723056e-05  -2.11565852e-04   0.00000000e+00
 1.68000000e+00   6.00000000e-01   2.00000000e-01   0.00000000e+00  -1.42501410e-02   1.08584677e-05   5.86164692e-24   2.49829040e-05  -2.11266139e-04   0.00000000e+00
 1.69000000e+00   6.00000000e-01   2.00000000e-01   0.00000000e+00  -1.39102325e-02   1.06387588e-05   3.53520930e-24   2.51901603e-05  -2.10897626e-04   0.00000000e+00
 1.70000000e+00   6.00000000e-01   2.00000000e-01   0.00000000e+00  -1.35670403e-02   1.03789050e-05  -4.01160092e-22   2.53944764e-05  -2.10460400e-04   0.00000000e+00
 1.71000000e+00   6.00000000e-01   2.00000000e-01   0.00000000e+00  -1.32206356e-02   1.01408222e-05   1.41008301e-22   2.55954402e-05  -2.09954217e-04   0.00000000e+00
 1.72000000e+00   6.00000000e-01   2.00000000e-01   0.00000000e+00  -1.28712231e-02   9.89279318e-06  -3.44496747e-23   2.57924038e-05  -2.09384535e-04   0.00000000e+00
 1.73000000e+00   6.00000000e-01   2.00000000e-01   0.00000000e+00  -1.25186665e-02   9.67813903e-06  -1.84325523e-22   2.59854624e-05  -2.08756722e-04   0.00000000e+00
 1.74000000e+00   6.00000000e-01   2.00000000e-01   0.00000000e+00  -1.21632069e-02   9.42150308e-06  -1.86292193e-22   2.61755705e-05  -2.08070479e-04   0.00000000e+00
 1.75000000e+00   6.00000000e-01   2.00000000e-01   0.00000000e+00  -1.18048660e-02   9.17984026e-06   3.78057950e-22   2.63628542e-05  -2.07323713e-04   0.00000000e+00
 1.76000000e+00   6.00000000e-01   2.00000000e-01   0.00000000e+00  -1.14437123e-02   8.89797844e-06   1.86252746e-22   2.65462531e-05  -2.06514079e-04   0.00000000e+00
 1.77000000e+00   6.00000000e-01   2.00000000e-01   0.00000000e+00  -1.10798974e-02   8.62913551e-06  -2.08931836e-23   2.67255262e-05  -2.05639400e-04   0.00000000e+00
 1.78000000e+00   6.00000000e-01   2.00000000e-01   0.00000000e+00  -1.07135429e-02   8.32107318e-06   1.88838599e-22   2.69014342e-05  -2.04697831e-04   0.00000000e+00
 1.79000000e+00   6.00000000e-01   2.00000000e-01   0.00000000e+00  -1.03446569e-02   8.03389901e-06  -1.64939291e-22   2.70740239e-05  -2.03687731e-04   0.00000000e+00
 1.80000000e+00   6.00000000e-01   2.00000000e-01   0.00000000e+00  -9.97337031e-03   7.72443892e-06  -1.06392673e-23   2.72426430e-05  -2.02609654e-04   0.00000000e+00
 1.81000000e+00   6.00000000e-01   2.00000000e-01   0.00000000e+00  -9.59975357e-03   7.42931674e-06   1.30694384e-22   2.74069901e-05  -2.01463963e-04   0.00000000e+00
 1.82000000e+00   6.00000000e-01   2.00000000e-01   0.00000000e+00  -9.22395222e-03   7.10152958e-06  -4.23461371e-24   2.75675310e-05  -2.00250328e-04   0.00000000e+00
 1.83000000e+00   6.00000000e-01   2.00000000e-01   0.00000000e+00  -8.84595114e-03   6.79875609e-06  -1.41052652e-22   2.77247075e-05  -1.98966743e-04   0.00000000e+00
 1.84000000e+00   6.00000000e-01   2.00000000e-01   0.00000000e+00  -8.46596952e-03   6.45908257e-06   1.49375511e-22   2.78780245e-05  -1.97610097e-04   0.00000000e+00
 1.85000000e+00   6.00000000e-01   2.00000000e-01   0.00000000e+00  -8.08405226e-03   6.14855979e-06  -6.98039382e-24   2.80269468e-05  -1.96180270e-04   0.00000000e+00
 1.86000000e+00   6.00000000e-01   2.00000000e-01   0.00000000e+00  -7.70034088e-03   5.81787709e-06  -4.13964378e-24   2.81716340e-05  -1.94676124e-04   0.00000000e+00
 1.87000000e+00   6.00000000e-01   2.00000000e-01   0.00000000e+00  -7.31487007e-03   5.49868464e-06  -9.60610357e-24   2.83125198e-05  -1.93097035e-04   0.00000000e+00
 1.88000000e+00   6.00000000e-01   2.00000000e-01   0.00000000e+00  -6.92773742e-03   5.17471300e-06   7.43679424e-24   2.84496691e-05  -1.91443766e-04   0.00000000e+00
 1.89000000e+00   6.00000000e-01   2.00000000e-01   0.00000000e+00  -6.53904255e-03   4.85001357e-06  -9.19650157e-24   2.85826157e-05  -1.89716022e-04   0.00000000e+00
 1.90000000e+00   6.00000000e-01   2.00000000e-01   0.00000000e+00  -6.14888973e-03   4.52805896e-06   6.95577373e-24   2.87112951e-05  -1.87913343e-04   0.00000000e+00
 1.91000000e+00   6.00000000e-01   2.00000000e-01   0.00000000e+00  -5.75739155e-03   4.19991447e-06   3.18922942e-24   2.88359764e-05  -1.86034944e-04   0.00000000e+00
 1.92000000e+00   6.00000000e-01   2.00000000e-01   0.00000000e+00  -5.36462742e-03   3.87932759e-06  -3.03044180e-23   2.89566652e-05  -1.84080213e-04   0.00000000e+00
 1.93000000e+00   6.00000000e-01   2.00000000e-01   0.00000000e+00  -4.97067966e-03   3.55339029e-06   9.10055119e-24   2.90732740e-05  -1.82048701e-04   0.00000000e+00
 1.94000000e+00   6.00000000e-01   2.00000000e-01   0.00000000e+00  -4.57567395e-03   3.23466301e-06  -7.60162266e-23   2.91855475e-05  -1.79939786e-04   0.00000000e+00
 1.95000000e+00   6.00000000e-01   2.00000000e-01   0.00000000e+00  -4.17970578e-03   2.91486651e-06  -1.80082055e-24   2.92934995e-05  -1.77752714e-04   0.00000000e+00
 1.96000000e+00   6.00000000e-01   2.00000000e-01   0.00000000e+00  -3.78288075e-03   2.59947945e-06  -2.90271529e-24   2.93974218e-05  -1.75486444e-04   0.00000000e+00
 1.97000000e+00   6.00000000e-01   2.00000000e-01   0.00000000e+00  -3.38526571e-03   2.28213206e-06   1.88332854e-24   2.94971614e-05  -1.73140713e-04   0.00000000e+00
 1.98000000e+00   6.00000000e-01   2.00000000e-01   0.00000000e+00  -2.98696467e-03   1.97370501e-06  -5.29232215e-23   2.95925072e-05  -1.70717036e-04   0.00000000e+00
 1.99000000e+00   6.00000000e-01   2.00000000e-01   0.00000000e+00  -2.58811357e-03   1.66914186e-06  -1.08979815e-23   2.96835412e-05  -1.68217843e-04   0.00000000e+00
 2.00000000e+00   6.00000000e-01   2.00000000e-01   0.00000000e+00  -2.18879156e-03   1.37381053e-06  -1.62163942e-24   2.97703266e-05  -1.65645141e-04   0.00000000e+00
 2.01000000e+00   6.00000000e-01   2.00000000e-01   0.00000000e+00  -1.96423654e-03   1.21217624e-06  -3.05910463e-23   2.97857531e-05  -1.63000918e-04   0.00000000e+00
 2.02000000e+00   6.00000000e-01   2.00000000e-01   0.00000000e+00  -1.93607796e-03   1.19896508e-06   4.18656867e-23   2.96435054e-05  -1.60286538e-04   0.00000000e+00
 2.03000000e+00   6.00000000e-01   2.00000000e-01   0.00000000e+00  -1.92642476e-03   1.19099396e-06   6.84839070e-23   2.94051793e-05  -1.57502462e-04   0.00000000e+00
 2.04000000e+00   6.00000000e-01   2.00000000e-01   0.00000000e+00  -1.91274762e-03   1.18235095e-06  -9.65195889e-25   2.92202488e-05  -1.54649465e-04   0.00000000e+00
 2.05000000e+00   6.00000000e-01   2.00000000e-01   0.00000000e+00  -1.89541996e-03   1.16923242e-06  -3.42977616e-23   2.91350213e-05  -1.51727087e-04   0.00000000e+00
 2.06000000e+00   6.00000000e-01   2.00000000e-01   0.00000000e+00  -1.87351905e-03   1.14758098e-06  -2.73026928e-24   2.90466794e-05  -1.48735729e-04   0.00000000e+00
 2.07000000e+00   6.00000000e-01   2.00000000e-01   0.00000000e+00  -1.85301374e-03   1.13533314e-06   3.69078515e-23   2.88827818e-05  -1.45676591e-04   0.00000000e+00
 2.08000000e+00   6.00000000e-01   2.00000000e-01   0.00000000e+00  -1.83885800e-03   1.11286013e-06  -3.45459939e-23   2.87231924e-05  -1.42549044e-04   0.00000000e+00
 2.09000000e+00   6.00000000e-01   2.00000000e-01   0.00000000e+00  -1.82546965e-03   1.09376710e-06   6.55564200e-25   2.86329684e-05  -1.39352311e-04   0.00000000e+00
 2.10000000e+00   6.00000000e-01   2.00000000e-01   0.00000000e+00  -1.80819384e-03   1.06226892e-06   1.85150356e-24   2.85533744e-05  -1.36084774e-04   0.00000000e+00
 2.11000000e+00   6.00000000e-01   2.00000000e-01   0.00000000e+00  -1.79092860e-03   1.02474320e-06  -5.35679628e-24   2.84292373e-05  -1.32744579e-04   0.00000000e+00
 2.12000000e+00   6.00000000e-01   2.00000000e-01   0.00000000e+00  -1.77736603e-03   9.93152481e-07   3.00100536e-24   2.82935406e-05  -1.29330880e-04   0.00000000e+00
 2.13000000e+00   6.00000000e-01   2.00000000e-01   0.00000000e+00  -1.76529563e-03   9.56966245e-07   5.57571176e-25   2.81976040e-05  -1.25843468e-04   0.00000000e+00
 2.14000000e+00   6.00000000e-01   2.00000000e-01   0.00000000e+00  -1.75124010e-03   9.24114370e-07   1.23280801e-23   2.81233850e-05  -1.22282349e-04   0.00000000e+00
 2.15000000e+00   6.00000000e-01   2.00000000e-01   0.00000000e+00  -1.73614514e-03   8.90661900e-07  -7.63469390e-24   2.80219111e-05  -1.18647800e-04   0.00000000e+00
 2.16000000e+00   6.00000000e-01   2.00000000e-01   0.00000000e+00  -1.72346533e-03   8.62558910e-07   2.87655549e-23   2.79052985e-05  -1.14940812e-04   0.00000000e+00
 2.17000000e+00   6.00000000e-01   2.00000000e-01   0.00000000e+00  -1.71233977e-03   8.33572833e-07   1.90903720e-23   2.78119219e-05  -1.11162011e-04   0.00000000e+00
 2.18000000e+00   6.00000000e-01   2.00000000e-01   0.00000000e+00  -1.70011400e-03   8.04027874e-07  -5.52121945e-24   2.77366310e-05  -1.07311483e-04   0.00000000e+00
 2.19000000e+00   6.00000000e-01   2.00000000e-01   0.00000000e+00  -1.68711496e-03   7.71916976e-07  -6.33299120e-24   2.76507398e-05  -1.03388809e-04   0.00000000e+00
 2.20000000e+00   6.00000000e-01   2.00000000e-01   0.00000000e+00  -1.67520260e-03   7.39402947e-07  -1.80441597e-23   2.75500639e-05  -9.93940124e-05   0.00000000e+00
 2.21000000e+00   6.00000000e-01   2.00000000e-01   0.00000000e+00  -1.66472894e-03   7.08902901e-07  -4.04811269e-24   2.74599217e-05  -9.53274430e-05   0.00000000e+00
 2.22000000e+00   6.00000000e-01   2.00000000e-01   0.00000000e+00  -1.65398146e-03   6.75262204e-07   1.12656215e-24   2.73865712e-05  -9.11885278e-05   0.00000000e+00
 2.23000000e+00   6.00000000e-01   2.00000000e-01   0.00000000e+00  -1.64238800e-03   6.41493412e-07  -1.93956892e-23   2.73085518e-05  -8.69774021e-05   0.00000000e+00
 2.24000000e+00   6.00000000e-01   2.00000000e-01   0.00000000e+00  -1.63150628e-03   6.08183661e-07  -1.05408449e-25   2.72207533e-05  -8.26944794e-05   0.00000000e+00
 2.25000000e+00   6.00000000e-01   2.00000000e-01   0.00000000e+00  -1.62168618e-03   5.66178416e-07   1.20131782e-24   2.71367348e-05  -7.83382355e-05   0.00000000e+00
 2.26000000e+00   6.00000000e-01   2.00000000e-01   0.00000000e+00  -1.61187381e-03   5.16086716e-07   2.37120178e-24   2.70637754e-05  -7.39073705e-05   0.00000000e+00
 2.27000000e+00   6.00000000e-01   2.00000000e-01   0.00000000e+00  -1.60163534e-03   4.78007855e-07   4.75523473e-25   2.69923732e-05  -6.94024570e-05   0.00000000e+00
 2.28000000e+00   6.00000000e-01   2.00000000e-01   0.00000000e+00  -1.59158338e-03   4.38478125e-07   2.22758431e-24   2.69134276e-05  -6.48235875e-05   0.00000000e+00
 2.29000000e+00   6.00000000e-01   2.00000000e-01   0.00000000e+00  -1.58236581e-03   4.06742154e-07   4.39425359e-24   2.68353219e-05  -6.01708410e-05   0.00000000e+00
 2.30000000e+00   6.00000000e-01   2.00000000e-01   0.00000000e+00  -1.57333652e-03   3.78694193e-07  -2.68934770e-26   2.67650042e-05  -5.54466243e-05   0.00000000e+00
 2.31000000e+00   6.00000000e-01   2.00000000e-01   0.00000000e+00  -1.56404214e-03   3.52446625e-07   3.80872150e-24   2.66970991e-05  -5.06530592e-05   0.00000000e+00
 2.32000000e+00   6.00000000e-01   2.00000000e-01   0.00000000e+00  -1.55486549e-03   3.27188976e-07   1.37228532e-23   2.66259283e-05  -4.57912023e-05   0.00000000e+00
 2.33000000e+00   6.00000000e-01   2.00000000e-01   0.00000000e+00  -1.54613095e-03   3.05064658e-07  -5.56576788e-26   2.65535730e-05  -4.08632141e-05   0.00000000e+00
 2.34000000e+00   6.00000000e-01   2.00000000e-01   0.00000000e+00  -1.53777343e-03   2.81866265e-07   1.69105259e-24   2.64859440e-05  -3.58704187e-05   0.00000000e+00
 2.35000000e+00   6.00000000e-01   2.00000000e-01   0.00000000e+00  -1.52931063e-03   2.56802411e-07   7.64727598e-24   2.64217207e-05  -3.08135075e-05   0.00000000e+00
 2.36000000e+00   6.00000000e-01   2.00000000e-01   0.00000000e+00  -1.52085358e-03   2.36131940e-07   5.41651315e-24   2.63556489e-05  -2.56938800e-05   0.00000000e+00
 2.37000000e+00   6.00000000e-01   2.00000000e-01   0.00000000e+00  -1.51275202e-03   2.14441550e-07  -1.04878730e-23   2.62887190e-05  -2.05128294e-05   0.00000000e+00
 2.38000000e+00   6.00000000e-01   2.00000000e-01   0.00000000e+00  -1.50511521e-03   1.87645950e-07   8.03092678e-24   2.62240446e-05  -1.52659901e-05   0.00000000e+00
 2.39000000e+00   6.00000000e-01   2.00000000e-01   0.00000000e+00  -1.49737923e-03   1.26488259e-07   4.68673798e-24   2.61618978e-05  -9.94999183e-06   0.00000000e+00
 2.40000000e+00   6.00000000e-01   2.00000000e-01   0.00000000e+00  -1.48967135e-03   9.88516858e-08   7.45917124e-24   2.61001095e-05  -4.57108889e-06   0.00000000e+00
 2.41000000e+00   6.00000000e-01   2.00000000e-01   0.00000000e+00  -1.48213099e-03   7.22418604e-08   3.11697235e-24   2.60377086e-05   8.67602584e-07   0.00000000e+00
 2.42000000e+00   6.00000000e-01   2.00000000e-01   0.00000000e+00  -1.47484115e-03   3.95262758e-08   3.21792759e-24   2.59769173e-05   6.36714914e-06   0.00000000e+00
 2.43000000e+00   6.00000000e-01   2.00000000e-01   0.00000000e+00  -1.46763147e-03   1.39134304e-08   7.77903156e-24   2.59180870e-05   1.19257995e-05   0.00000000e+00
 2.44000000e+00   6.00000000e-01   2.00000000e-01   0.00000000e+00  -1.46047145e-03  -1.04595516e-08  -2.57685827e-24   2.58595829e-05   1.75424742e-05   0.00000000e+00
 2.45000000e+00   6.00000000e-01   2.00000000e-01   0.00000000e+00  -1.45359238e-03  -3.08770079e-08   4.20477721e-24   2.58009086e-05   2.32162903e-05   0.00000000e+00
 2.46000000e+00   6.00000000e-01   2.00000000e-01   0.00000000e+00  -1.44677353e-03  -4.66420571e-08   3.92067036e-24   2.57428734e-05   2.89456624e-05   0.00000000e+00
 2.47000000e+00   6.00000000e-01   2.00000000e-01   0.00000000e+00  -1.44010215e-03  -6.59060900e-08   8.03263719e-24   2.56866097e-05   3.47303146e-05   0.00000000e+00
 2.48000000e+00   6.00000000e-01   2.00000000e-01   0.00000000e+00  -1.43347697e-03  -8.49686498e-08  -1.35910718e-24   2.56314838e-05   4.05700133e-05   0.00000000e+00
 2.49000000e+00   6.00000000e-01   2.00000000e-01   0.00000000e+00  -1.42694591e-03  -1.02072255e-07  -2.18963776e-24   2.55763456e-05   4.64637637e-05   0.00000000e+00
 2.50000000e+00   6.00000000e-01   2.00000000e-01   0.00000000e+00  -1.42058812e-03  -1.19436412e-07   7.89222925e-25   2.55216255e-05   5.24108410e-05   0.00000000e+00
 2.51000000e+00   6.00000000e-01   2.00000000e-01   0.00000000e+00  -1.41435302e-03  -1.34872438e-07   1.20440454e-24   2.54679483e-05   5.84101172e-05   0.00000000e+00
 2.52000000e+00   6.00000000e-01   2.00000000e-01   0.00000000e+00  -1.40820738e-03  -1.48328646e-07  -2.05212805e-24   2.54153141e-05   6.44599908e-05   0.00000000e+00
 2.53000000e+00   6.00000000e-01   2.00000000e-01   0.00000000e+00  -1.40214947e-03  -1.61129937e-07   4.15349147e-24   2.53631367e-05   7.05591280e-05   0.00000000e+00
 2.54000000e+00   6.00000000e-01   2.00000000e-01   0.00000000e+00  -1.39619720e-03  -1.73207905e-07   1.24081727e-24   2.53111529e-05   7.67064156e-05   0.00000000e+00
 2.55000000e+00   6.00000000e-01   2.00000000e-01   0.00000000e+00  -1.39038990e-03  -1.86503663e-07   6.35449553e-24   2.52600246e-05   8.29010982e-05   0.00000000e+00
 2.56000000e+00   6.00000000e-01   2.00000000e-01   0.00000000e+00  -1.38473497e-03  -2.04775190e-07   5.35604297e-25   2.52096881e-05   8.91455119e-05   0.00000000e+00
 2.57000000e+00   6.00000000e-01   2.00000000e-01   0.00000000e+00  -1.37911179e-03  -2.40315151e-07  -2.71574431e-25   2.51597870e-05   9.54419350e-05   0.00000000e+00
 2.58000000e+00   6.00000000e-01   2.00000000e-01   0.00000000e+00  -1.37359699e-03  -2.58579893e-07   1.47705103e-25   2.51104079e-05   1.01787516e-04   0.00000000e+00
 2.59000000e+00   6.00000000e-01   2.00000000e-01   0.00000000e+00  -1.36816349e-03  -2.74805537e-07   4.80454839e-24   2.50617617e-05   1.08180140e-04   0.00000000e+00
 2.60000000e+00   6.00000000e-01   2.00000000e-01   0.00000000e+00  -1.36282477e-03  -2.93548216e-07   3.35757789e-25   2.50139445e-05   1.14619800e-04   0.00000000e+00
 2.61000000e+00   6.00000000e-01   2.00000000e-01   0.00000000e+00  -1.35774703e-03  -3.00967720e-07  -3.86178561e-24   2.49662110e-05   1.21099538e-04   0.00000000e+00
 2.62000000e+00   6.00000000e-01   2.00000000e-01   0.00000000e+00  -1.35262382e-03  -2.76289004e-07  -3.05647774e-24   2.49186596e-05   1.27613650e-04   0.00000000e+00
 2.63000000e+00   6.00000000e-01   2.00000000e-01   0.00000000e+00  -1.34761791e-03  -2.82384429e-07  -1.39076397e-23   2.48721316e-05   1.34166159e-04   0.00000000e+00
 2.64000000e+00   6.00000000e-01   2.00000000e-01   0.00000000e+00  -1.34266680e-03  -2.85537771e-07   1.52142535e-23   2.48265933e-05   1.40757859e-04   0.00000000e+00
 2.65000000e+00   6.00000000e-01   2.00000000e-01   0.00000000e+00  -1.33777472e-03  -2.81544919e-07   1.68578461e-23   2.47814834e-05   1.47386061e-04   0.00000000e+00
 2.66000000e+00   6.00000000e-01   2.00000000e-01   0.00000000e+00  -1.33295798e-03  -2.87453845e-07   2.60190146e-25   2.47364716e-05   1.54050803e-04   0.00000000e+00
 2.67000000e+00   6.00000000e-01   2.00000000e-01   0.00000000e+00  -1.32825081e-03  -2.90899205e-07   1.31798880e-23   2.46920241e-05   1.60751567e-04   0.00000000e+00
 2.68000000e+00   6.00000000e-01   2.00000000e-01   0.00000000e+00  -1.32362017e-03  -2.97531006e-07   1.30409458e-23   2.46485393e-05   1.67487002e-04   0.00000000e+00
 2.69000000e+00   6.00000000e-01   2.00000000e-01   0.00000000e+00  -1.31908597e-03  -3.03312983e-07   1.49847832e-23   2.46053815e-05   1.74257835e-04   0.00000000e+00
 2.70000000e+00   6.00000000e-01   2.00000000e-01   0.00000000e+00  -1.31458790e-03  -3.23197182e-07  -1.77944793e-23   2.45623498e-05   1.81064531e-04   0.00000000e+00
 2.71000000e+00   6.00000000e-01   2.00000000e-01   0.00000000e+00  -1.31025634e-03  -3.25694414e-07   1.61248876e-23   2.45197936e-05   1.87903929e-04   0.00000000e+00
 2.72000000e+00   6.00000000e-01   2.00000000e-01   0.00000000e+00  -1.30593024e-03  -3.27999164e-07   1.19185648e-23   2.44779401e-05   1.94772913e-04   0.00000000e+00
 2.73000000e+00   6.00000000e-01   2.00000000e-01   0.00000000e+00  -1.30171945e-03  -3.45004677e-07  -9.30059643e-24   2.44366658e-05   2.01669405e-04   0.00000000e+00
 2.74000000e+00   6.00000000e-01   2.00000000e-01   0.00000000e+00  -1.29750227e-03  -3.55767117e-07   1.08201713e-23   2.43956343e-05   2.08590939e-04   0.00000000e+00
 2.75000000e+00   6.00000000e-01   2.00000000e-01   0.00000000e+00  -1.29339232e-03  -3.65363156e-07   1.42326374e-23   2.43550754e-05   2.15535734e-04   0.00000000e+00
 2.76000000e+00   6.00000000e-01   2.00000000e-01   0.00000000e+00  -1.28934891e-03  -3.73793289e-07  -2.40665101e-23   2.43151903e-05   2.22502409e-04   0.00000000e+00
 2.77000000e+00   6.00000000e-01   2.00000000e-01   0.00000000e+00  -1.28535464e-03  -3.81170602e-07  -2.48378762e-23   2.42757492e-05   2.29489274e-04   0.00000000e+00
 2.78000000e+00   6.00000000e-01   2.00000000e-01   0.00000000e+00  -1.28151414e-03  -3.83588380e-07   1.81791283e-24   2.42364367e-05   2.36492111e-04   0.00000000e+00
 2.79000000e+00   6.00000000e-01   2.00000000e-01   0.00000000e+00  -1.27768227e-03  -3.70742906e-07  -2.75252859e-23   2.41974565e-05   2.43506954e-04   0.00000000e+00
 2.80000000e+00   6.00000000e-01   2.00000000e-01   0.00000000e+00  -1.27391423e-03  -3.70735758e-07  -2.55868388e-24   2.41591871e-05   2.50534176e-04   0.00000000e+00
 2.81000000e+00   6.00000000e-01   2.00000000e-01   0.00000000e+00  -1.27018758e-03  -3.71529303e-07   2.98852583e-24   2.41216156e-05   2.57573459e-04   0.00000000e+00
 2.82000000e+00   6.00000000e-01   2.00000000e-01   0.00000000e+00  -1.26651995e-03  -3.70653883e-07   2.19040610e-23   2.40843187e-05   2.64622747e-04   0.00000000e+00
 2.83000000e+00   6.00000000e-01   2.00000000e-01   0.00000000e+00  -1.26290401e-03  -3.72190620e-07   2.80357717e-24   2.40471836e-05   2.71681054e-04   0.00000000e+00
 2.84000000e+00   6.00000000e-01   2.00000000e-01   0.00000000e+00  -1.25936837e-03  -3.72632160e-07  -2.14869817e-23   2.40105792e-05   2.78747005e-04   0.00000000e+00
 2.85000000e+00   6.00000000e-01   2.00000000e-01   0.00000000e+00  -1.25588274e-03  -3.71747301e-07   2.57664647e-23   2.39746020e-05   2.85818446e-04   0.00000000e+00
 2.86000000e+00   6.00000000e-01   2.00000000e-01   0.00000000e+00  -1.25242353e-03  -3.69783635e-07  -4.58823657e-24   2.39390220e-05   2.92893408e-04   0.00000000e+00
 2.87000000e+00   6.00000000e-01   2.00000000e-01   0.00000000e+00  -1.24904134e-03  -3.68050089e-07  -2.66551027e-23   2.39036156e-05   2.99970783e-04   0.00000000e+00
 2.88000000e+00   6.00000000e-01   2.00000000e-01   0.00000000e+00  -1.24571994e-03  -3.70389196e-07  -2.58092257e-23   2.38686139e-05   3.07049331e-04   0.00000000e+00
 2.89000000e+00   6.00000000e-01   2.00000000e-01   0.00000000e+00  -1.24247253e-03  -3.53308313e-07   3.32328977e-23   2.38341286e-05   3.14126862e-04   0.00000000e+00
 2.90000000e+00   6.00000000e-01   2.00000000e-01   0.00000000e+00  -1.23926944e-03  -3.36849612e-07  -1.96817349e-23   2.37999472e-05   3.21201694e-04   0.00000000e+00
 2.91000000e+00   6.00000000e-01   2.00000000e-01   0.00000000e+00  -1.23609618e-03  -3.26418145e-07   4.18602048e-24   2.37660514e-05   3.28271731e-04   0.00000000e+00
 2.92000000e+00   6.00000000e-01   2.00000000e-01   0.00000000e+00  -1.23297720e-03  -3.08753237e-07   6.30108937e-24   2.37326235e-05   3.35334378e-04   0.00000000e+00
 2.93000000e+00   6.00000000e-01   2.00000000e-01   0.00000000e+00  -1.22991209e-03  -2.97563863e-07   2.44702702e-23   2.36997394e-05   3.42388115e-04   0.00000000e+00
 2.94000000e+00   6.00000000e-01   2.00000000e-01   0.00000000e+00  -1.22688060e-03  -2.84504771e-07   1.65552023e-23   2.36671699e-05   3.49431869e-04   0.00000000e+00
 2.95000000e+00   6.00000000e-01   2.00000000e-01   0.00000000e+00  -1.22391230e-03  -2.76736075e-07  -2.59155227e-23   2.36348057e-05   3.56464085e-04   0.00000000e+00
 2.96000000e+00   6.00000000e-01   2.00000000e-01   0.00000000e+00  -1.22098849e-03  -2.66513350e-07  -7.15283467e-26   2.36028354e-05   3.63482958e-04   0.00000000e+00
 2.97000000e+00   6.00000000e-01   2.00000000e-01   0.00000000e+00  -1.21810930e-03  -2.56715109e-07  -4.22052646e-23   2.35713755e-05   3.70486976e-04   0.00000000e+00
 2.98000000e+00   6.00000000e-01   2.00000000e-01   0.00000000e+00  -1.21526198e-03  -2.47021370e-07  -4.73130194e-23   2.35403091e-05   3.77474312e-04   0.00000000e+00
 2.99000000e+00   6.00000000e-01   2.00000000e-01   0.00000000e+00  -1.21250506e-03  -2.33611706e-07  -1.00520359e-24   2.35094070e-05   3.84441486e-04   0.00000000e+00
 3.00000000e+00   6.00000000e-01   2.00000000e-01   0.00000000e+00  -1.20978947e-03  -1.66647877e-07   4.88125567e-23   2.34788231e-05   3.91390606e-04   0.00000000e+00
 3.01000000e+00   6.00000000e-01   2.00000000e-01   0.00000000e+00  -1.20707908e-03  -1.48685900e-07  -3.47851050e-24   2.34489509e-05   3.98323380e-04   0.00000000e+00
 3.02000000e+00   6.00000000e-01   2.00000000e-01   0.00000000e+00  -1.20442410e-03  -9.81827985e-08   4.58761461e-23   2.34196051e-05   4.05232322e-04   0.00000000e+00
 3.03000000e+00   6.00000000e-01   2.00000000e-01   0.00000000e+00  -1.20177895e-03  -4.92003740e-08   2.53625439e-24   2.33903816e-05   4.12114173e-04   0.00000000e+00
 3.04000000e+00   6.00000000e-01   2.00000000e-01   0.00000000e+00  -1.19917548e-03  -1.20073406e-08  -5.81483671e-25   2.33612971e-05   4.18968936e-04   0.00000000e+00
 3.05000000e+00   6.00000000e-01   2.00000000e-01   0.00000000e+00  -1.19665319e-03   3.09155343e-08  -3.08002594e-25   2.33326976e-05   4.25793566e-04   0.00000000e+00
 3.06000000e+00   6.00000000e-01   2.00000000e-01   0.00000000e+00  -1.19413953e-03   6.82039881e-08   4.73104472e-23   2.33046101e-05   4.32586305e-04   0.00000000e+00
 3.07000000e+00   6.00000000e-01   2.00000000e-01   0.00000000e+00  -1.19165843e-03   1.02035063e-07   4.37316384e-23   2.32767371e-05   4.39345831e-04   0.00000000e+00
 3.08000000e+00   6.00000000e-01   2.00000000e-01   0.00000000e+00  -1.18919472e-03   1.34148957e-07  -2.36845182e-24   2.32490858e-05   4.46070240e-04   0.00000000e+00
 3.09000000e+00   6.00000000e-01   2.00000000e-01   0.00000000e+00  -1.18680473e-03   1.62939180e-07   5.33627286e-23   2.32218634e-05   4.52758030e-04   0.00000000e+00
 3.10000000e+00   6.00000000e-01   2.00000000e-01   0.00000000e+00  -1.18441365e-03   1.86435224e-07  -8.28408332e-23   2.31950960e-05   4.59407806e-04   0.00000000e+00
 3.11000000e+00   6.00000000e-01   2.00000000e-01   0.00000000e+00  -1.18205180e-03   2.08633087e-07   3.50897390e-23   2.31686512e-05   4.66018122e-04   0.00000000e+00
 3.12000000e+00   6.00000000e-01   2.00000000e-01   0.00000000e+00  -1.17976086e-03   2.29729976e-07  -7.65875548e-24   2.31424033e-05   4.72587680e-04   0.00000000e+00
 3.13000000e+00   6.00000000e-01   2.00000000e-01   0.00000000e+00  -1.17749869e-03   2.50390826e-07  -4.84691906e-23   2.31164223e-05   4.79114901e-04   0.00000000e+00
 3.14000000e+00   6.00000000e-01   2.00000000e-01   0.00000000e+00  -1.17527776e-03   2.71679804e-07  -1.70286799e-24   2.30908407e-05   4.85597792e-04   0.00000000e+00
 3.15000000e+00   6.00000000e-01   2.00000000e-01   0.00000000e+00  -1.17306472e-03   2.92636899e-07  -5.71364634e-24   2.30656572e-05   4.92034581e-04   0.00000000e+00
 3.16000000e+00   6.00000000e-01   2.00000000e-01   0.00000000e+00  -1.17088803e-03   3.11673543e-07  -5.07980047e-24   2.30408256e-05   4.98423624e-04   0.00000000e+00
 3.17000000e+00   6.00000000e-01   2.00000000e-01   0.00000000e+00  -1.16873909e-03   3.30096401e-07  -3.55946268e-24   2.30162769e-05   5.04763217e-04   0.00000000e+00
 3.18000000e+00   6.00000000e-01   2.00000000e-01   0.00000000e+00  -1.16662402e-03   3.46493157e-07  -6.71474981e-25   2.29920420e-05   5.11051814e-04   0.00000000e+00
 3.19000000e+00   6.00000000e-01   2.00000000e-01   0.00000000e+00  -1.16453020e-03   3.61440024e-07  -3.57436084e-24   2.29682049e-05   5.17287940e-04   0.00000000e+00
 3.20000000e+00   6.00000000e-01   2.00000000e-01   0.00000000e+00  -1.16248496e-03   3.31941402e-07  -6.40630860e-24   2.29447848e-05   5.23465122e-04   0.00000000e+00
 3.21000000e+00   6.00000000e-01   2.00000000e-01   0.00000000e+00  -1.16047546e-03   3.39684771e-07   8.87780412e-23   2.29218230e-05   5.29579448e-04   0.00000000e+00
 3.22000000e+00   6.00000000e-01   2.00000000e-01   0.00000000e+00  -1.15845366e-03   3.16703366e-07   2.36473038e-24   2.28991666e-05   5.35635761e-04   0.00000000e+00
 3.23000000e+00   6.00000000e-01   2.00000000e-01   0.00000000e+00  -1.15646667e-03   2.92049678e-07   4.43519431e-23   2.28767582e-05   5.41634165e-04   0.00000000e+00
 3.24000000e+00   6.00000000e-01   2.00000000e-01   0.00000000e+00  -1.15453232e-03   2.77817015e-07   3.32620005e-23   2.28546851e-05   5.47571824e-04   0.00000000e+00
 3.25000000e+00   6.00000000e-01   2.00000000e-01   0.00000000e+00  -1.15260747e-03   2.55689613e-07  -2.48324859e-24   2.28329585e-05   5.53449111e-04   0.00000000e+00
 3.26000000e+00   6.00000000e-01   2.00000000e-01   0.00000000e+00  -1.15071467e-03   2.36962420e-07  -3.37686890e-25   2.28115483e-05   5.59265239e-04   0.00000000e+00
 3.27000000e+00   6.00000000e-01   2.00000000e-01   0.00000000e+00  -1.14887062e-03   2.22180872e-07   2.93671163e-24   2.27903607e-05   5.65018460e-04   0.00000000e+00
 3.28000000e+00   6.00000000e-01   2.00000000e-01   0.00000000e+00  -1.14702642e-03   2.10342483e-07  -3.94980293e-23   2.27694753e-05   5.70707534e-04   0.00000000e+00
 3.29000000e+00   6.00000000e-01   2.00000000e-01   0.00000000e+00  -1.14524579e-03   2.20840288e-07   9.31518683e-23   2.27489870e-05   5.76335855e-04   0.00000000e+00
 3.30000000e+00   6.00000000e-01   2.00000000e-01   0.00000000e+00  -1.14348611e-03   2.12653542e-07  -4.04245001e-23   2.27289121e-05   5.81907656e-04   0.00000000e+00
 3.31000000e+00   6.00000000e-01   2.00000000e-01   0.00000000e+00  -1.14169856e-03   2.14137585e-07   4.54099632e-23   2.27092240e-05   5.87418783e-04   0.00000000e+00
 3.32000000e+00   6.00000000e-01   2.00000000e-01   0.00000000e+00  -1.13996779e-03   2.37986965e-07   9.07265905e-23   2.26897929e-05   5.92866269e-04   0.00000000e+00
 3.33000000e+00   6.00000000e-01   2.00000000e-01   0.00000000e+00  -1.13822814e-03   2.42758383e-07   5.00338129e-23   2.26707050e-05   5.98251570e-04   0.00000000e+00
 3.34000000e+00   6.00000000e-01   2.00000000e-01   0.00000000e+00  -1.13651810e-03   2.60702204e-07  -3.95606735e-23   2.26520118e-05   6.03571950e-04   0.00000000e+00
 3.35000000e+00   6.00000000e-01   2.00000000e-01   0.00000000e+00  -1.13484070e-03   2.79505997e-07  -4.37685625e-23   2.26335836e-05   6.08825110e-04   0.00000000e+00
 3.36000000e+00   6.00000000e-01   2.00000000e-01   0.00000000e+00  -1.13315703e-03   2.93359310e-07  -4.89924363e-23   2.26154200e-05   6.14011215e-04   0.00000000e+00
 3.37000000e+00   6.00000000e-01   2.00000000e-01   0.00000000e+00  -1.13152026e-03   3.07343895e-07  -1.28202745e-24   2.25975558e-05   6.19129251e-04   0.00000000e+00
 3.38000000e+00   6.00000000e-01   2.00000000e-01   0.00000000e+00  -1.12989853e-03   3.19404987e-07  -5.10012245e-23   2.25800220e-05   6.24178341e-04   0.00000000e+00
 3.39000000e+00   6.00000000e-01   2.00000000e-01   0.00000000e+00  -1.12831040e-03   3.29547749e-07   1.16604667e-23   2.25627777e-05   6.29158398e-04   0.00000000e+00
 3.40000000e+00   6.00000000e-01   2.00000000e-01   0.00000000e+00  -1.12669332e-03   3.36222560e-07  -3.98921697e-23   2.25458138e-05   6.34068963e-04   0.00000000e+00
 3.41000000e+00   6.00000000e-01   2.00000000e-01   0.00000000e+00  -1.12511320e-03   3.42660074e-07   1.44576801e-24   2.25292326e-05   6.38909198e-04   0.00000000e+00
 3.42000000e+00   6.00000000e-01   2.00000000e-01   0.00000000e+00  -1.12358627e-03   3.51510450e-07  -4.68252473e-23   2.25129591e-05   6.43679705e-04   0.00000000e+00
 3.43000000e+00   6.00000000e-01   2.00000000e-01   0.00000000e+00  -1.12205854e-03   3.50750314e-07  -4.53280309e-23   2.24968806e-05   6.48380625e-04   0.00000000e+00
 3.44000000e+00   6.00000000e-01   2.00000000e-01   0.00000000e+00  -1.12054631e-03   3.58828775e-07   4.79618991e-23   2.24810880e-05   6.53009515e-04   0.00000000e+00
 3.45000000e+00   6.00000000e-01   2.00000000e-01   0.00000000e+00  -1.11905459e-03   3.66265614e-07  -7.93311917e-24   2.24657044e-05   6.57564658e-04   0.00000000e+00
 3.46000000e+00   6.00000000e-01   2.00000000e-01   0.00000000e+00  -1.11756387e-03   3.72078228e-07  -7.38276876e-24   2.24507028e-05   6.62045341e-04   0.00000000e+00
 3.47000000e+00   6.00000000e-01   2.00000000e-01   0.00000000e+00  -1.11609263e-03   3.78284701e-07  -4.34362170e-23   2.24359403e-05   6.66450270e-04   0.00000000e+00
 3.48000000e+00   6.00000000e-01   2.00000000e-01   0.00000000e+00  -1.11464389e-03   3.83243942e-07   4.33698700e-23   2.24214002e-05   6.70778412e-04   0.00000000e+00
 3.49000000e+00   6.00000000e-01   2.00000000e-01   0.00000000e+00  -1.11321572e-03   3.87019756e-07   4.61579334e-23   2.24072144e-05   6.75029139e-04   0.00000000e+00
 3.50000000e+00   6.00000000e-01   2.00000000e-01   0.00000000e+00  -1.11179962e-03   3.88568946e-07  -3.87275683e-23   2.23933977e-05   6.79201868e-04   0.00000000e+00
 3.51000000e+00   6.00000000e-01   2.00000000e-01   0.00000000e+00  -1.11039732e-03   3.89209412e-07   1.33457498e-22   2.23798592e-05   6.83296232e-04   0.00000000e+00
 3.52000000e+00   6.00000000e-01   2.00000000e-01   0.00000000e+00  -1.10899024e-03   3.87264051e-07  -5.40111266e-25   2.23666138e-05   6.87312012e-04   0.00000000e+00
 3.53000000e+00   6.00000000e-01   2.00000000e-01   0.00000000e+00  -1.10762395e-03   3.84484341e-07  -9.20974935e-23   2.23536923e-05   6.91249026e-04   0.00000000e+00
 3.54000000e+00   6.00000000e-01   2.00000000e-01   0.00000000e+00  -1.10629799e-03   3.80058830e-07   1.20215967e-23   2.23410155e-05   6.95106236e-04   0.00000000e+00
 3.55000000e+00   6.00000000e-01   2.00000000e-01   0.00000000e+00  -1.10495671e-03   3.81871405e-07  -8.66357145e-23   2.23285910e-05   6.98882734e-04   0.00000000e+00
 3.56000000e+00   6.00000000e-01   2.00000000e-01   0.00000000e+00  -1.10364884e-03   3.73819917e-07   9.01817329e-23   2.23164961e-05   7.02579106e-04   0.00000000e+00
 3.57000000e+00   6.00000000e-01   2.00000000e-01   0.00000000e+00  -1.10234630e-03   3.66801428e-07   1.89897912e-24   2.23047774e-05   7.06195688e-04   0.00000000e+00
 3.58000000e+00   6.00000000e-01   2.00000000e-01   0.00000000e+00  -1.10105409e-03   3.57537987e-07   9.66948205e-23   2.22933670e-05   7.09732528e-04   0.00000000e+00
 3.59000000e+00   6.00000000e-01   2.00000000e-01   0.00000000e+00  -1.09977343e-03   3.46385421e-07  -7.66311348e-23   2.22821800e-05   7.13190013e-04   0.00000000e+00
 3.60000000e+00   6.00000000e-01   2.00000000e-01   0.00000000e+00  -1.09851187e-03   3.33942139e-07   1.12695155e-23   2.22712920e-05   7.16568377e-04   0.00000000e+00
 3.61000000e+00   6.00000000e-01   2.00000000e-01   0.00000000e+00  -1.09726322e-03   3.20149322e-07  -8.68550449e-23   2.22607467e-05   7.19867906e-04   0.00000000e+00
 3.62000000e+00   6.00000000e-01   2.00000000e-01   0.00000000e+00  -1.09602510e-03   3.04651375e-07  -1.80985666e-24   2.22504944e-05   7.23089036e-04   0.00000000e+00
 3.63000000e+00   6.00000000e-01   2.00000000e-01   0.00000000e+00  -1.09479708e-03   2.87863093e-07   4.01065859e-24   2.22404925e-05   7.26232248e-04   0.00000000e+00
 3.64000000e+00   6.00000000e-01   2.00000000e-01   0.00000000e+00  -1.09358862e-03   2.69737202e-07   9.35765386e-25   2.22307596e-05   7.29298098e-04   0.00000000e+00
 3.65000000e+00   6.00000000e-01   2.00000000e-01   0.00000000e+00  -1.09239319e-03   2.50653234e-07  -3.38325679e-24   2.22213320e-05   7.32287267e-04   0.00000000e+00
 3.66000000e+00   6.00000000e-01   2.00000000e-01   0.00000000e+00  -1.09119582e-03   2.30276290e-07  -9.63109133e-23   2.22122079e-05   7.35200548e-04   0.00000000e+00
 3.67000000e+00   6.00000000e-01   2.00000000e-01   0.00000000e+00  -1.09002830e-03   2.08975328e-07  -8.42272568e-23   2.22033329e-05   7.38038706e-04   0.00000000e+00
 3.68000000e+00   6.00000000e-01   2.00000000e-01   0.00000000e+00  -1.08887081e-03   1.87106627e-07   8.63218351e-23   2.21946822e-05   7.40802537e-04   0.00000000e+00
 3.69000000e+00   6.00000000e-01   2.00000000e-01   0.00000000e+00  -1.08772772e-03   1.63701901e-07  -8.16320585e-23   2.21862891e-05   7.43492877e-04   0.00000000e+00
 3.70000000e+00   6.00000000e-01   2.00000000e-01   0.00000000e+00  -1.08655802e-03   1.12928021e-07   2.94682408e-24   2.21782138e-05   7.46105618e-04   0.00000000e+00
 3.71000000e+00   6.00000000e-01   2.00000000e-01   0.00000000e+00  -1.08543124e-03   9.67232145e-08  -9.63099097e-23   2.21703274e-05   7.48639022e-04   0.00000000e+00
 3.72000000e+00   6.00000000e-01   2.00000000e-01   0.00000000e+00  -1.08432142e-03   4.89793041e-08   4.07135824e-25   2.21626035e-05   7.51099680e-04   0.00000000e+00
 3.73000000e+00   6.00000000e-01   2.00000000e-01   0.00000000e+00  -1.08322100e-03   4.31191709e-09  -5.20300633e-24   2.21551557e-05   7.53489812e-04   0.00000000e+00
 3.74000000e+00   6.00000000e-01   2.00000000e-01   0.00000000e+00  -1.08213192e-03  -3.45239109e-08   8.12940490e-23   2.21480377e-05   7.55808663e-04   0.00000000e+00
 3.75000000e+00   6.00000000e-01   2.00000000e-01   0.00000000e+00  -1.08104717e-03  -7.72856107e-08  -3.48979772e-24   2.21411988e-05   7.58058294e-04   0.00000000e+00
 3.76000000e+00   6.00000000e-01   2.00000000e-01   0.00000000e+00  -1.07997369e-03  -1.19420622e-07   8.69495225e-23   2.21345489e-05   7.60239818e-04   0.00000000e+00
 3.77000000e+00   6.00000000e-01   2.00000000e-01   0.00000000e+00  -1.07890359e-03  -1.61458899e-07  -5.57003422e-24   2.21281534e-05   7.62352348e-04   0.00000000e+00
 3.78000000e+00   6.00000000e-01   2.00000000e-01   0.00000000e+00  -1.07785466e-03  -1.93867467e-07   1.11808685e-23   2.21220228e-05   7.64395964e-04   0.00000000e+00
 3.79000000e+00   6.00000000e-01   2.00000000e-01   0.00000000e+00  -1.07678603e-03  -2.46894467e-07   9.49922157e-23   2.21161604e-05   7.66369717e-04   0.00000000e+00
 3.80000000e+00   6.00000000e-01   2.00000000e-01   0.00000000e+00  -1.07576806e-03  -2.77122949e-07  -7.83908158e-23   2.21104210e-05   7.68272756e-04   0.00000000e+00
 3.81000000e+00   6.00000000e-01   2.00000000e-01   0.00000000e+00  -1.07476250e-03  -3.25185032e-07  -7.86412794e-23   2.21048014e-05   7.70109048e-04   0.00000000e+00
 3.82000000e+00   6.00000000e-01   2.00000000e-01   0.00000000e+00  -1.07375748e-03  -3.73235175e-07   1.76165254e-23   2.20994735e-05   7.71881086e-04   0.00000000e+00
 3.83000000e+00   6.00000000e-01   2.00000000e-01   0.00000000e+00  -1.07277393e-03  -4.16728815e-07   6.55205602e-26   2.20944412e-05   7.73589066e-04   0.00000000e+00
 3.84000000e+00   6.00000000e-01   2.00000000e-01   0.00000000e+00  -1.07179466e-03  -4.62306549e-07  -1.89679668e-24   2.20895977e-05   7.75234759e-04   0.00000000e+00
 3.85000000e+00   6.00000000e-01   2.00000000e-01   0.00000000e+00  -1.07080526e-03  -5.12262157e-07  -6.12463951e-24   2.20849193e-05   7.76817691e-04   0.00000000e+00
 3.86000000e+00   6.00000000e-01   2.00000000e-01   0.00000000e+00  -1.06985558e-03  -5.47507304e-07   7.84265482e-23   2.20804315e-05   7.78337496e-04   0.00000000e+00
 3.87000000e+00   6.00000000e-01   2.00000000e-01   0.00000000e+00  -1.06891680e-03  -5.94488675e-07   8.12157166e-24   2.20761574e-05   7.79797491e-04   0.00000000e+00
 3.88000000e+00   6.00000000e-01   2.00000000e-01   0.00000000e+00  -1.06798679e-03  -6.39411140e-07  -5.83678512e-24   2.20720585e-05   7.81199458e-04   0.00000000e+00
 3.89000000e+00   6.00000000e-01   2.00000000e-01   0.00000000e+00  -1.06706332e-03  -6.80005558e-07   5.66258961e-24   2.20681076e-05   7.82543586e-04   0.00000000e+00
 3.90000000e+00   6.00000000e-01   2.00000000e-01   0.00000000e+00  -1.06615764e-03  -7.21430592e-07   7.47113733e-24   2.20643820e-05   7.83831187e-04   0.00000000e+00
 3.91000000e+00   6.00000000e-01   2.00000000e-01   0.00000000e+00  -1.06525933e-03  -7.60785015e-07  -6.55920327e-24   2.20608572e-05   7.85063325e-04   0.00000000e+00
 3.92000000e+00   6.00000000e-01   2.00000000e-01   0.00000000e+00  -1.06437032e-03  -7.98983741e-07   5.17110418e-24   2.20574777e-05   7.86240775e-04   0.00000000e+00
 3.93000000e+00   6.00000000e-01   2.00000000e-01   0.00000000e+00  -1.06349340e-03  -8.35548507e-07   1.67246364e-24   2.20542504e-05   7.87364599e-04   0.00000000e+00
 3.94000000e+00   6.00000000e-01   2.00000000e-01   0.00000000e+00  -1.06262817e-03  -8.71656033e-07  -9.14281605e-23   2.20512007e-05   7.88435781e-04   0.00000000e+00
 3.95000000e+00   6.00000000e-01   2.00000000e-01   0.00000000e+00  -1.06177207e-03  -9.05751661e-07   9.48266046e-23   2.20483340e-05   7.89455226e-04   0.00000000e+00
 3.96000000e+00   6.00000000e-01   2.00000000e-01   0.00000000e+00  -1.06092494e-03  -9.39390863e-07  -5.33919466e-24   2.20456178e-05   7.90423909e-04   0.00000000e+00
 3.97000000e+00   6.00000000e-01   2.00000000e-01   0.00000000e+00  -1.06008769e-03  -9.71498414e-07   1.30245787e-24   2.20430296e-05   7.91342792e-04   0.00000000e+00
 3.98000000e+00   6.00000000e-01   2.00000000e-01   0.00000000e+00  -1.05926296e-03  -1.00292773e-06   1.27840256e-23   2.20406016e-05   7.92212820e-04   0.00000000e+00
 3.99000000e+00   6.00000000e-01   2.00000000e-01   0.00000000e+00  -1.05844634e-03  -1.03304637e-06  -1.31308917e-24   2.20383339e-05   7.93034941e-04   0.00000000e+00
 4.00000000e+00   6.00000000e-01   2.00000000e-01   0.00000000e+00  -1.05763855e-03  -1.06240868e-06   8.04993303e-23   2.20362047e-05   7.93810074e-04   0.00000000e+00
 4.01000000e+00   6.00000000e-01   2.00000000e-01   0.00000000e+00  -1.05684122e-03  -1.09044121e-06   8.59412860e-25   2.20342049e-05   7.94539101e-04   0.00000000e+00
 4.02000000e+00   6.00000000e-01   2.00000000e-01   0.00000000e+00  -1.05605239e-03  -1.11771307e-06   1.86582764e-25   2.20323356e-05   7.95222889e-04   0.00000000e+00
 4.03000000e+00   6.00000000e-01   2.00000000e-01   0.00000000e+00  -1.05527464e-03  -1.14374875e-06   1.60053423e-22   2.20306133e-05   7.95862273e-04   0.00000000e+00
 4.04000000e+00   6.00000000e-01   2.00000000e-01   0.00000000e+00  -1.05450428e-03  -1.16897811e-06  -3.79887497e-24   2.20290225e-05   7.96458083e-04   0.00000000e+00
 4.05000000e+00   6.00000000e-01   2.00000000e-01   0.00000000e+00  -1.05374228e-03  -1.19321526e-06   2.08978142e-24   2.20275476e-05   7.97011157e-04   0.00000000e+00
 4.06000000e+00   6.00000000e-01   2.00000000e-01   0.00000000e+00  -1.05299132e-03  -1.21674045e-06   9.07878163e-25   2.20261963e-05   7.97522324e-04   0.00000000e+00
 4.07000000e+00   6.00000000e-01   2.00000000e-01   0.00000000e+00  -1.05224735e-03  -1.23940293e-06   9.08211031e-24   2.20249694e-05   7.97992454e-04   0.00000000e+00
 4.08000000e+00   6.00000000e-01   2.00000000e-01   0.00000000e+00  -1.05151359e-03  -1.26162434e-06   8.74774201e-23   2.20238640e-05   7.98422425e-04   0.00000000e+00
 4.09000000e+00   6.00000000e-01   2.00000000e-01   0.00000000e+00  -1.05078708e-03  -1.28300948e-06   8.54333874e-23   2.20228684e-05   7.98813145e-04   0.00000000e+00
 4.10000000e+00   6.00000000e-01   2.00000000e-01   0.00000000e+00  -1.05006973e-03  -1.30421575e-06  -1.07855127e-23   2.20219788e-05   7.99165554e-04   0.00000000e+00
 4.11000000e+00   6.00000000e-01   2.00000000e-01   0.00000000e+00  -1.04936110e-03  -1.32462187e-06   3.71661984e-24   2.20212025e-05   7.99480614e-04   0.00000000e+00
 4.12000000e+00   6.00000000e-01   2.00000000e-01   0.00000000e+00  -1.04866091e-03  -1.34506169e-06   6.02319273e-25   2.20205329e-05   7.99759306e-04   0.00000000e+00
 4.13000000e+00   6.00000000e-01   2.00000000e-01   0.00000000e+00  -1.04796822e-03  -1.36449773e-06   1.66403719e-23   2.20199614e-05   8.00002647e-04   0.00000000e+00
 4.14000000e+00   6.00000000e-01   2.00000000e-01   0.00000000e+00  -1.04728478e-03  -1.38451836e-06  -4.12675113e-24   2.20194856e-05   8.00211648e-04   0.00000000e+00
 4.15000000e+00   6.00000000e-01   2.00000000e-01   0.00000000e+00  -1.04660849e-03  -1.40297208e-06  -8.50841706e-23   2.20191057e-05   8.00387355e-04   0.00000000e+00
 4.16000000e+00   6.00000000e-01   2.00000000e-01   0.00000000e+00  -1.04594070e-03  -1.42250721e-06   8.37359332e-23   2.20188213e-05   8.00530844e-04   0.00000000e+00
 4.17000000e+00   6.00000000e-01   2.00000000e-01   0.00000000e+00  -1.04528064e-03  -1.44041970e-06   7.24467428e-24   2.20186235e-05   8.00643181e-04   0.00000000e+00
 4.18000000e+00   6.00000000e-01   2.00000000e-01   0.00000000e+00  -1.04462849e-03  -1.45929769e-06   9.25373604e-23   2.20185062e-05   8.00725450e-04   0.00000000e+00
 4.19000000e+00   6.00000000e-01   2.00000000e-01   0.00000000e+00  -1.04398450e-03  -1.47668741e-06  -1.74338963e-22   2.20184704e-05   8.00778756e-04   0.00000000e+00
 4.20000000e+00   6.00000000e-01   2.00000000e-01   0.00000000e+00  -1.04334766e-03  -1.49508238e-06   6.69338301e-24   2.20185139e-05   8.00804189e-04   0.00000000e+00
 4.21000000e+00   6.00000000e-01   2.00000000e-01   0.00000000e+00  -1.04271846e-03  -1.51180012e-06   1.11932566e-23   2.20186330e-05   8.00802874e-04   0.00000000e+00
 4.22000000e+00   6.00000000e-01   2.00000000e-01   0.00000000e+00  -1.04209737e-03  -1.52980002e-06  -7.07197424e-24   2.20188208e-05   8.00775946e-04   0.00000000e+00
 4.23000000e+00   6.00000000e-01   2.00000000e-01   0.00000000e+00  -1.04148296e-03  -1.54601494e-06   8.02087631e-24   2.20190740e-05   8.00724524e-04   0.00000000e+00
 4.24000000e+00   6.00000000e-01   2.00000000e-01   0.00000000e+00  -1.04087705e-03  -1.56342708e-06  -8.83925306e-23   2.20193927e-05   8.00649744e-04   0.00000000e+00
 4.25000000e+00   6.00000000e-01   2.00000000e-01   0.00000000e+00  -1.04027262e-03  -1.57973701e-06   1.67082205e-22   2.20197824e-05   8.00552705e-04   0.00000000e+00
 4.26000000e+00   6.00000000e-01   2.00000000e-01   0.00000000e+00  -1.03967994e-03  -1.59680824e-06  -1.11334721e-24   2.20202358e-05   8.00434514e-04   0.00000000e+00
 4.27000000e+00   6.00000000e-01   2.00000000e-01   0.00000000e+00  -1.03909307e-03  -1.61242260e-06  -3.67275561e-24   2.20207317e-05   8.00296312e-04   0.00000000e+00
 4.28000000e+00   6.00000000e-01   2.00000000e-01   0.00000000e+00  -1.03851528e-03  -1.62875307e-06  -7.99657917e-23   2.20212650e-05   8.00139186e-04   0.00000000e+00
 4.29000000e+00   6.00000000e-01   2.00000000e-01   0.00000000e+00  -1.03794451e-03  -1.64340075e-06   6.53844965e-24   2.20218486e-05   7.99964216e-04   0.00000000e+00
 4.30000000e+00   6.00000000e-01   2.00000000e-01   0.00000000e+00  -1.03738095e-03  -1.65896778e-06   1.70718338e-22   2.20224879e-05   7.99772477e-04   0.00000000e+00
 4.31000000e+00   6.00000000e-01   2.00000000e-01   0.00000000e+00  -1.03682328e-03  -1.67270678e-06  -8.78137813e-23   2.20231664e-05   7.99564988e-04   0.00000000e+00
 4.32000000e+00   6.00000000e-01   2.00000000e-01   0.00000000e+00  -1.03627261e-03  -1.68704337e-06   7.43732921e-23   2.20238722e-05   7.99342794e-04   0.00000000e+00
 4.33000000e+00   6.00000000e-01   2.00000000e-01   0.00000000e+00  -1.03573009e-03  -1.70042855e-06  -7.81854111e-23   2.20246131e-05   7.99106828e-04   0.00000000e+00
 4.34000000e+00   6.00000000e-01   2.00000000e-01   0.00000000e+00  -1.03519276e-03  -1.71259121e-06  -7.28360871e-26   2.20253942e-05   7.98858092e-04   0.00000000e+00
 4.35000000e+00   6.00000000e-01   2.00000000e-01   0.00000000e+00  -1.03466316e-03  -1.72617264e-06  -8.36669234e-23   2.20262057e-05   7.98597487e-04   0.00000000e+00
 4.36000000e+00   6.00000000e-01   2.00000000e-01   0.00000000e+00  -1.03413898e-03  -1.73610971e-06   2.76729767e-24   2.20270383e-05   7.98325884e-04   0.00000000e+00
 4.37000000e+00   6.00000000e-01   2.00000000e-01   0.00000000e+00  -1.03362241e-03  -1.74915265e-06  -8.85725206e-23   2.20278926e-05   7.98044168e-04   0.00000000e+00
 4.38000000e+00   6.00000000e-01   2.00000000e-01   0.00000000e+00  -1.03311169e-03  -1.75778655e-06   8.66801924e-23   2.20287741e-05   7.97753128e-04   0.00000000e+00
 4.39000000e+00   6.00000000e-01   2.00000000e-01   0.00000000e+00  -1.03259389e-03  -1.76922516e-06  -2.55033527e-24   2.20297007e-05   7.97453636e-04   0.00000000e+00
 4.40000000e+00   6.00000000e-01   2.00000000e-01   0.00000000e+00  -1.03209425e-03  -1.77777236e-06   7.66172138e-23   2.20306561e-05   7.97146468e-04   0.00000000e+00
 4.41000000e+00   6.00000000e-01   2.00000000e-01   0.00000000e+00  -1.03160285e-03  -1.78721408e-06  -7.46300622e-24   2.20315973e-05   7.96832344e-04   0.00000000e+00
 4.42000000e+00   6.00000000e-01   2.00000000e-01   0.00000000e+00  -1.03111537e-03  -1.79476803e-06   9.01478074e-24   2.20325251e-05   7.96511972e-04   0.00000000e+00
 4.43000000e+00   6.00000000e-01   2.00000000e-01   0.00000000e+00  -1.03063884e-03  -1.80284137e-06   1.74972941e-22   2.20334774e-05   7.96186003e-04   0.00000000e+00
 4.44000000e+00   6.00000000e-01   2.00000000e-01   0.00000000e+00  -1.03016532e-03  -1.80905712e-06  -7.04721381e-24   2.20344690e-05   7.95855065e-04   0.00000000e+00
 4.45000000e+00   6.00000000e-01   2.00000000e-01   0.00000000e+00  -1.02969567e-03  -1.81588407e-06  -1.78623649e-22   2.20354617e-05   7.95519783e-04   0.00000000e+00
 4.46000000e+00   6.00000000e-01   2.00000000e-01   0.00000000e+00  -1.02923339e-03  -1.82096113e-06  -1.59873381e-23   2.20364365e-05   7.95180738e-04   0.00000000e+00
 4.47000000e+00   6.00000000e-01   2.00000000e-01   0.00000000e+00  -1.02877764e-03  -1.82653921e-06  -1.65257469e-22   2.20374241e-05   7.94838471e-04   0.00000000e+00
 4.48000000e+00   6.00000000e-01   2.00000000e-01   0.00000000e+00  -1.02832459e-03  -1.83069185e-06  -1.66299871e-22   2.20384385e-05   7.94493501e-04   0.00000000e+00
 4.49000000e+00   6.00000000e-01   2.00000000e-01   0.00000000e+00  -1.02787605e-03  -1.83505954e-06  -7.60562369e-23   2.20394628e-05   7.94146294e-04   0.00000000e+00
 4.50000000e+00   6.00000000e-01   2.00000000e-01   0.00000000e+00  -1.02743860e-03  -1.83797035e-06   1.53169193e-22   2.20404701e-05   7.93797355e-04   0.00000000e+00
 4.51000000e+00   6.00000000e-01   2.00000000e-01   0.00000000e+00  -1.02700346e-03  -1.84133483e-06  -7.27040491e-24   2.20414598e-05   7.93447195e-04   0.00000000e+00
 4.52000000e+00   6.00000000e-01   2.00000000e-01   0.00000000e+00  -1.02657667e-03  -1.84327194e-06   4.57048283e-24   2.20424630e-05   7.93096251e-04   0.00000000e+00
 4.53000000e+00   6.00000000e-01   2.00000000e-01   0.00000000e+00  -1.02615428e-03  -1.84561149e-06   1.31773301e-23   2.20434823e-05   7.92744954e-04   0.00000000e+00
 4.54000000e+00   6.00000000e-01   2.00000000e-01   0.00000000e+00  -1.02573512e-03  -1.84649258e-06   7.99613688e-23   2.20444905e-05   7.92393725e-04   0.00000000e+00
 4.55000000e+00   6.00000000e-01   2.00000000e-01   0.00000000e+00  -1.02532476e-03  -1.84801737e-06   1.12347270e-23   2.20454788e-05   7.92042987e-04   0.00000000e+00
 4.56000000e+00   6.00000000e-01   2.00000000e-01   0.00000000e+00  -1.02491923e-03  -1.84835651e-06  -8.22566395e-23   2.20464645e-05   7.91693138e-04   0.00000000e+00
 4.57000000e+00   6.00000000e-01   2.00000000e-01   0.00000000e+00  -1.02451658e-03  -1.84868064e-06  -7.66996821e-23   2.20474605e-05   7.91344570e-04   0.00000000e+00
 4.58000000e+00   6.00000000e-01   2.00000000e-01   0.00000000e+00  -1.02412071e-03  -1.84890904e-06  -9.01483131e-23   2.20484537e-05   7.90997702e-04   0.00000000e+00
 4.59000000e+00   6.00000000e-01   2.00000000e-01   0.00000000e+00  -1.02372778e-03  -1.84834826e-06   5.93051425e-25   2.20494293e-05   7.90652939e-04   0.00000000e+00
 4.60000000e+00   6.00000000e-01   2.00000000e-01   0.00000000e+00  -1.02334106e-03  -1.84840163e-06  -8.35867769e-24   2.20503925e-05   7.90310633e-04   0.00000000e+00
 4.61000000e+00   6.00000000e-01   2.00000000e-01   0.00000000e+00  -1.02295997e-03  -1.84702602e-06   7.46242875e-23   2.20513546e-05   7.89971174e-04   0.00000000e+00
 4.62000000e+00   6.00000000e-01   2.00000000e-01   0.00000000e+00  -1.02258490e-03  -1.84667773e-06   2.32869739e-25   2.20523107e-05   7.89634952e-04   0.00000000e+00
 4.63000000e+00   6.00000000e-01   2.00000000e-01   0.00000000e+00  -1.02221178e-03  -1.84504353e-06   1.62232226e-22   2.20532476e-05   7.89302312e-04   0.00000000e+00
 4.64000000e+00   6.00000000e-01   2.00000000e-01   0.00000000e+00  -1.02184535e-03  -1.84405479e-06  -9.59247654e-23   2.20541707e-05   7.88973613e-04   0.00000000e+00
 4.65000000e+00   6.00000000e-01   2.00000000e-01   0.00000000e+00  -1.02148323e-03  -1.84218977e-06  -7.62536893e-23   2.20550907e-05   7.88649203e-04   0.00000000e+00
 4.66000000e+00   6.00000000e-01   2.00000000e-01   0.00000000e+00  -1.02109335e-03  -1.84130226e-06   1.31187909e-25   2.20560704e-05   7.88330623e-04   0.00000000e+00
 4.67000000e+00   6.00000000e-01   2.00000000e-01   0.00000000e+00  -1.02073515e-03  -1.84982359e-06   1.62688631e-22   2.20570480e-05   7.88018924e-04   0.00000000e+00
 4.68000000e+00   6.00000000e-01   2.00000000e-01   0.00000000e+00  -1.02037628e-03  -1.84423500e-06  -7.83193189e-23   2.20579346e-05   7.87713549e-04   0.00000000e+00
 4.69000000e+00   6.00000000e-01   2.00000000e-01   0.00000000e+00  -1.02003359e-03  -1.84761100e-06   7.62522071e-23   2.20587395e-05   7.87414287e-04   0.00000000e+00
 4.70000000e+00   6.00000000e-01   2.00000000e-01   0.00000000e+00  -1.01969593e-03  -1.84158920e-06  -8.15025604e-23   2.20595280e-05   7.87121583e-04   0.00000000e+00
 4.71000000e+00   6.00000000e-01   2.00000000e-01   0.00000000e+00  -1.01936287e-03  -1.84338282e-06  -9.04061730e-23   2.20603722e-05   7.86835673e-04   0.00000000e+00
 4.72000000e+00   6.00000000e-01   2.00000000e-01   0.00000000e+00  -1.01902905e-03  -1.83749724e-06  -4.35042620e-24   2.20611936e-05   7.86556554e-04   0.00000000e+00
 4.73000000e+00   6.00000000e-01   2.00000000e-01   0.00000000e+00  -1.01869937e-03  -1.83640910e-06  -8.78691482e-23   2.20619342e-05   7.86284580e-04   0.00000000e+00
 4.74000000e+00   6.00000000e-01   2.00000000e-01   0.00000000e+00  -1.01838048e-03  -1.83225296e-06   8.58370357e-23   2.20626557e-05   7.86019934e-04   0.00000000e+00
 4.75000000e+00   6.00000000e-01   2.00000000e-01   0.00000000e+00  -1.01806385e-03  -1.82839515e-06  -9.29424145e-23   2.20633950e-05   7.85762787e-04   0.00000000e+00
 4.76000000e+00   6.00000000e-01   2.00000000e-01   0.00000000e+00  -1.01774971e-03  -1.82531221e-06   4.51815638e-24   2.20641210e-05   7.85513374e-04   0.00000000e+00
 4.77000000e+00   6.00000000e-01   2.00000000e-01   0.00000000e+00  -1.01743793e-03  -1.81990872e-06  -7.97160781e-24   2.20648015e-05   7.85271913e-04   0.00000000e+00
 4.78000000e+00   6.00000000e-01   2.00000000e-01   0.00000000e+00  -1.01713279e-03  -1.81732043e-06  -3.90665588e-24   2.20654425e-05   7.85038491e-04   0.00000000e+00
 4.79000000e+00   6.00000000e-01   2.00000000e-01   0.00000000e+00  -1.01683357e-03  -1.81075232e-06   1.61612126e-22   2.20660850e-05   7.84813192e-04   0.00000000e+00
 4.80000000e+00   6.00000000e-01   2.00000000e-01   0.00000000e+00  -1.01653566e-03  -1.80739268e-06  -4.43525349e-25   2.20667227e-05   7.84596217e-04   0.00000000e+00
 4.81000000e+00   6.00000000e-01   2.00000000e-01   0.00000000e+00  -1.01624032e-03  -1.80138227e-06  -8.08031572e-23   2.20673177e-05   7.84387535e-04   0.00000000e+00
 4.82000000e+00   6.00000000e-01   2.00000000e-01   0.00000000e+00  -1.01595204e-03  -1.79637586e-06   8.86853117e-23   2.20678821e-05   7.84187276e-04   0.00000000e+00
 4.83000000e+00   6.00000000e-01   2.00000000e-01   0.00000000e+00  -1.01566696e-03  -1.79116423e-06  -7.74256193e-24   2.20684331e-05   7.83995503e-04   0.00000000e+00
 4.84000000e+00   6.00000000e-01   2.00000000e-01   0.00000000e+00  -1.01538507e-03  -1.78511012e-06   9.66451771e-23   2.20689722e-05   7.83812210e-04   0.00000000e+00
 4.85000000e+00   6.00000000e-01   2.00000000e-01   0.00000000e+00  -1.01510784e-03  -1.78004910e-06   9.14394891e-23   2.20694847e-05   7.83637538e-04   0.00000000e+00
 4.86000000e+00   6.00000000e-01   2.00000000e-01   0.00000000e+00  -1.01483367e-03  -1.77387295e-06   2.62707221e-24   2.20699602e-05   7.83471512e-04   0.00000000e+00
 4.87000000e+00   6.00000000e-01   2.00000000e-01   0.00000000e+00  -1.01456598e-03  -1.76850672e-06  -1.69233632e-22   2.20704159e-05   7.83314199e-04   0.00000000e+00
 4.88000000e+00   6.00000000e-01   2.00000000e-01   0.00000000e+00  -1.01430073e-03  -1.76258091e-06   6.99224946e-24   2.20708551e-05   7.83165704e-04   0.00000000e+00
 4.89000000e+00   6.00000000e-01   2.00000000e-01   0.00000000e+00  -1.01403752e-03  -1.75714533e-06   9.05539829e-24   2.20712735e-05   7.83026026e-04   0.00000000e+00
 4.90000000e+00   6.00000000e-01   2.00000000e-01   0.00000000e+00  -1.01377795e-03  -1.75120497e-06  -2.50246805e-24   2.20716680e-05   7.82895200e-04   0.00000000e+00
 4.91000000e+00   6.00000000e-01   2.00000000e-01   0.00000000e+00  -1.01352242e-03  -1.74577209e-06   7.15690077e-23   2.20720363e-05   7.82773247e-04   0.00000000e+00
 4.92000000e+00   6.00000000e-01   2.00000000e-01   0.00000000e+00  -1.01327154e-03  -1.73982011e-06   2.46346753e-24   2.20723854e-05   7.82660180e-04   0.00000000e+00
 4.93000000e+00   6.00000000e-01   2.00000000e-01   0.00000000e+00  -1.01302174e-03  -1.73434963e-06   8.24629990e-23   2.20727114e-05   7.82556005e-04   0.00000000e+00
 4.94000000e+00   6.00000000e-01   2.00000000e-01   0.00000000e+00  -1.01277744e-03  -1.72844705e-06  -7.34867601e-23   2.20730131e-05   7.82460715e-04   0.00000000e+00
 4.95000000e+00   6.00000000e-01   2.00000000e-01   0.00000000e+00  -1.01253534e-03  -1.72291076e-06   7.67553913e-23   2.20732938e-05   7.82374336e-04   0.00000000e+00
 4.96000000e+00   6.00000000e-01   2.00000000e-01   0.00000000e+00  -1.01229669e-03  -1.71739506e-06  -7.93479871e-23   2.20735495e-05   7.82296768e-04   0.00000000e+00
 4.97000000e+00   6.00000000e-01   2.00000000e-01   0.00000000e+00  -1.01206169e-03  -1.71104948e-06  -2.54496998e-24   2.20737838e-05   7.82228041e-04   0.00000000e+00
 4.98000000e+00   6.00000000e-01   2.00000000e-01   0.00000000e+00  -1.01183122e-03  -1.70641084e-06  -1.80819452e-24   2.20739955e-05   7.82168131e-04   0.00000000e+00
 4.99000000e+00   6.00000000e-01   2.00000000e-01   0.00000000e+00  -1.01160203e-03  -1.69957608e-06   8.12399560e-23   2.20741813e-05   7.82116958e-04   0.00000000e+00
 5.00000000e+00   6.00000000e-01   2.00000000e-01   0.00000000e+00  -1.01137772e-03  -1.69498430e-06   1.63639844e-22   2.20743466e-05   7.82074539e-04   0.00000000e+00
 5.01000000e+00   6.00000000e-01   2.00000000e-01   0.00000000e+00  -1.01115542e-03  -1.68869232e-06   8.70501401e-23   2.20744923e-05   7.82040759e-04   0.00000000e+00
 5.02000000e+00   6.00000000e-01   2.00000000e-01   0.00000000e+00  -1.01093596e-03  -1.68330061e-06   8.37785277e-23   2.20746150e-05   7.82015587e-04   0.00000000e+00
 5.03000000e+00   6.00000000e-01   2.00000000e-01   0.00000000e+00  -1.01072046e-03  -1.67797973e-06  -6.23918943e-25   2.20747145e-05   7.81998934e-04   0.00000000e+00
 5.04000000e+00   6.00000000e-01   2.00000000e-01   0.00000000e+00  -1.01050851e-03  -1.67182146e-06  -3.18216164e-24   2.20747923e-05   7.81990718e-04   0.00000000e+00
 5.05000000e+00   6.00000000e-01   2.00000000e-01   0.00000000e+00  -1.01029777e-03  -1.66713662e-06   9.70156962e-24   2.20748494e-05   7.81990836e-04   0.00000000e+00
 5.06000000e+00   6.00000000e-01   2.00000000e-01   0.00000000e+00  -1.01009299e-03  -1.66041596e-06  -8.94445368e-23   2.20748832e-05   7.81999219e-04   0.00000000e+00
 5.07000000e+00   6.00000000e-01   2.00000000e-01   0.00000000e+00  -1.00988918e-03  -1.65614660e-06   1.39025743e-24   2.20748938e-05   7.82015827e-04   0.00000000e+00
 5.08000000e+00   6.00000000e-01   2.00000000e-01   0.00000000e+00  -1.00968868e-03  -1.64986804e-06   1.49253279e-22   2.20748858e-05   7.82040441e-04   0.00000000e+00
 5.09000000e+00   6.00000000e-01   2.00000000e-01   0.00000000e+00  -1.00949083e-03  -1.64457284e-06   1.21849327e-23   2.20748610e-05   7.82073014e-04   0.00000000e+00
 5.10000000e+00   6.00000000e-01   2.00000000e-01   0.00000000e+00  -1.00929726e-03  -1.63938913e-06  -1.08017831e-24   2.20748145e-05   7.82113424e-04   0.00000000e+00
 5.11000000e+00   6.00000000e-01   2.00000000e-01   0.00000000e+00  -1.00910376e-03  -1.63345705e-06  -8.58199522e-23   2.20747433e-05   7.82161509e-04   0.00000000e+00
 5.12000000e+00   6.00000000e-01   2.00000000e-01   0.00000000e+00  -1.00891584e-03  -1.62854407e-06  -7.79021968e-24   2.20746537e-05   7.82217176e-04   0.00000000e+00
 5.13000000e+00   6.00000000e-01   2.00000000e-01   0.00000000e+00  -1.00872997e-03  -1.62255623e-06  -3.48101642e-25   2.20745493e-05   7.82280292e-04   0.00000000e+00
 5.14000000e+00   6.00000000e-01   2.00000000e-01   0.00000000e+00  -1.00854509e-03  -1.61783294e-06   1.55556971e-24   2.20744247e-05   7.82350717e-04   0.00000000e+00
 5.15000000e+00   6.00000000e-01   2.00000000e-01   0.00000000e+00  -1.00836486e-03  -1.61205428e-06   5.78499945e-24   2.20742807e-05   7.82428244e-04   0.00000000e+00
 5.16000000e+00   6.00000000e-01   2.00000000e-01   0.00000000e+00  -1.00818732e-03  -1.60668179e-06   9.05880237e-23   2.20741186e-05   7.82512786e-04   0.00000000e+00
 5.17000000e+00   6.00000000e-01   2.00000000e-01   0.00000000e+00  -1.00801363e-03  -1.60162969e-06  -6.00315874e-25   2.20739322e-05   7.82604223e-04   0.00000000e+00
 5.18000000e+00   6.00000000e-01   2.00000000e-01   0.00000000e+00  -1.00784175e-03  -1.59590192e-06   7.83484845e-23   2.20737264e-05   7.82702426e-04   0.00000000e+00
 5.19000000e+00   6.00000000e-01   2.00000000e-01   0.00000000e+00  -1.00767336e-03  -1.59131977e-06   7.04106934e-23   2.20735089e-05   7.82807257e-04   0.00000000e+00
 5.20000000e+00   6.00000000e-01   2.00000000e-01   0.00000000e+00  -1.00750753e-03  -1.58534371e-06   9.04152504e-23   2.20732747e-05   7.82918533e-04   0.00000000e+00
 5.21000000e+00   6.00000000e-01   2.00000000e-01   0.00000000e+00  -1.00734299e-03  -1.58080873e-06  -1.19197106e-23   2.20730206e-05   7.83036164e-04   0.00000000e+00
 5.22000000e+00   6.00000000e-01   2.00000000e-01   0.00000000e+00  -1.00718253e-03  -1.57540968e-06  -4.84860083e-24   2.20727508e-05   7.83159946e-04   0.00000000e+00
 5.23000000e+00   6.00000000e-01   2.00000000e-01   0.00000000e+00  -1.00702237e-03  -1.57036972e-06  -8.67912703e-23   2.20724685e-05   7.83289704e-04   0.00000000e+00
 5.24000000e+00   6.00000000e-01   2.00000000e-01   0.00000000e+00  -1.00686678e-03  -1.56546932e-06   1.95726253e-24   2.20721718e-05   7.83425309e-04   0.00000000e+00
 5.25000000e+00   6.00000000e-01   2.00000000e-01   0.00000000e+00  -1.00671177e-03  -1.56032153e-06  -8.68394517e-23   2.20718570e-05   7.83566598e-04   0.00000000e+00
 5.26000000e+00   6.00000000e-01   2.00000000e-01   0.00000000e+00  -1.00656204e-03  -1.55566162e-06  -7.41991061e-23   2.20715242e-05   7.83713427e-04   0.00000000e+00
 5.27000000e+00   6.00000000e-01   2.00000000e-01   0.00000000e+00  -1.00641187e-03  -1.55070794e-06  -6.68841479e-23   2.20711805e-05   7.83865635e-04   0.00000000e+00
 5.28000000e+00   6.00000000e-01   2.00000000e-01   0.00000000e+00  -1.00626706e-03  -1.54615038e-06   8.15398030e-23   2.20708266e-05   7.84023055e-04   0.00000000e+00
 5.29000000e+00   6.00000000e-01   2.00000000e-01   0.00000000e+00  -1.00612055e-03  -1.54124792e-06   8.31562938e-23   2.20704571e-05   7.84185529e-04   0.00000000e+00
 5.30000000e+00   6.00000000e-01   2.00000000e-01   0.00000000e+00  -1.00598032e-03  -1.53705886e-06  -5.32370018e-24   2.20700720e-05   7.84352888e-04   0.00000000e+00
 5.31000000e+00   6.00000000e-01   2.00000000e-01   0.00000000e+00  -1.00583936e-03  -1.53203246e-06  -8.49212206e-23   2.20696763e-05   7.84524990e-04   0.00000000e+00
 5.32000000e+00   6.00000000e-01   2.00000000e-01   0.00000000e+00  -1.00570324e-03  -1.52825881e-06   8.41110968e-23   2.20692694e-05   7.84701659e-04   0.00000000e+00
 5.33000000e+00   6.00000000e-01   2.00000000e-01   0.00000000e+00  -1.00556702e-03  -1.52322240e-06   8.48518185e-23   2.20688499e-05   7.84882744e-04   0.00000000e+00
 5.34000000e+00   6.00000000e-01   2.00000000e-01   0.00000000e+00  -1.00543615e-03  -1.51964505e-06  -7.80793370e-25   2.20684181e-05   7.85068101e-04   0.00000000e+00
 5.35000000e+00   6.00000000e-01   2.00000000e-01   0.00000000e+00  -1.00530423e-03  -1.51489708e-06  -1.28105905e-24   2.20679745e-05   7.85257546e-04   0.00000000e+00
 5.36000000e+00   6.00000000e-01   2.00000000e-01   0.00000000e+00  -1.00517795e-03  -1.51119378e-06   4.60516299e-24   2.20675212e-05   7.85450955e-04   0.00000000e+00
 5.37000000e+00   6.00000000e-01   2.00000000e-01   0.00000000e+00  -1.00505040e-03  -1.50696476e-06   7.85004876e-23   2.20670594e-05   7.85648172e-04   0.00000000e+00
 5.38000000e+00   6.00000000e-01   2.00000000e-01   0.00000000e+00  -1.00492763e-03  -1.50322611e-06   8.84047430e-23   2.20665856e-05   7.85849020e-04   0.00000000e+00
 5.39000000e+00   6.00000000e-01   2.00000000e-01   0.00000000e+00  -1.00480457e-03  -1.49916687e-06   7.71677770e-24   2.20661018e-05   7.86053366e-04   0.00000000e+00
 5.40000000e+00   6.00000000e-01   2.00000000e-01   0.00000000e+00  -1.00468749e-03  -1.49571120e-06  -5.15465925e-24   2.20656099e-05   7.86261066e-04   0.00000000e+00
 5.41000000e+00   6.00000000e-01   2.00000000e-01   0.00000000e+00  -1.00456788e-03  -1.49173643e-06   4.37932290e-25   2.20651087e-05   7.86471955e-04   0.00000000e+00
 5.42000000e+00   6.00000000e-01   2.00000000e-01   0.00000000e+00  -1.00445464e-03  -1.48847089e-06  -4.10954197e-24   2.20645989e-05   7.86685895e-04   0.00000000e+00
 5.43000000e+00   6.00000000e-01   2.00000000e-01   0.00000000e+00  -1.00434025e-03  -1.48470301e-06   1.37368368e-23   2.20640817e-05   7.86902759e-04   0.00000000e+00
 5.44000000e+00   6.00000000e-01   2.00000000e-01   0.00000000e+00  -1.00424232e-03  -1.48157656e-06   4.21812053e-24   2.20635360e-05   7.87122349e-04   0.00000000e+00
 5.45000000e+00   6.00000000e-01   2.00000000e-01   0.00000000e+00  -1.00412076e-03  -1.47762219e-06  -2.32229800e-25   2.20629896e-05   7.87344558e-04   0.00000000e+00
 5.46000000e+00   6.00000000e-01   2.00000000e-01   0.00000000e+00  -1.00402779e-03  -1.47513198e-06  -8.03768882e-23   2.20624547e-05   7.87569241e-04   0.00000000e+00
 5.47000000e+00   6.00000000e-01   2.00000000e-01   0.00000000e+00  -1.00392201e-03  -1.47097068e-06  -9.27079686e-23   2.20618998e-05   7.87796218e-04   0.00000000e+00
 5.48000000e+00   6.00000000e-01   2.00000000e-01   0.00000000e+00  -1.00382033e-03  -1.46871394e-06   5.62338464e-24   2.20613268e-05   7.88025366e-04   0.00000000e+00
 5.49000000e+00   6.00000000e-01   2.00000000e-01   0.00000000e+00  -1.00371899e-03  -1.46475475e-06   2.42442174e-24   2.20607586e-05   7.88256535e-04   0.00000000e+00
 5.50000000e+00   6.00000000e-01   2.00000000e-01   0.00000000e+00  -1.00362062e-03  -1.46250863e-06   8.16746616e-23   2.20602078e-05   7.88489622e-04   0.00000000e+00
 5.51000000e+00   6.00000000e-01   2.00000000e-01   0.00000000e+00  -1.00352210e-03  -1.45922862e-06   4.15200349e-24   2.20596447e-05   7.88724478e-04   0.00000000e+00
 5.52000000e+00   6.00000000e-01   2.00000000e-01   0.00000000e+00  -1.00342834e-03  -1.45670432e-06  -1.33447369e-24   2.20590533e-05   7.88960957e-04   0.00000000e+00
 5.53000000e+00   6.00000000e-01   2.00000000e-01   0.00000000e+00  -1.00333422e-03  -1.45378719e-06  -8.47791336e-23   2.20584645e-05   7.89198929e-04   0.00000000e+00
 5.54000000e+00   6.00000000e-01   2.00000000e-01   0.00000000e+00  -1.00324414e-03  -1.45145574e-06  -2.08708577e-24   2.20578882e-05   7.89438249e-04   0.00000000e+00
 5.55000000e+00   6.00000000e-01   2.00000000e-01   0.00000000e+00  -1.00315350e-03  -1.44846453e-06   7.27131928e-23   2.20573067e-05   7.89678820e-04   0.00000000e+00
 5.56000000e+00   6.00000000e-01   2.00000000e-01   0.00000000e+00  -1.00306615e-03  -1.44667333e-06  -2.15583097e-24   2.20567085e-05   7.89920498e-04   0.00000000e+00
 5.57000000e+00   6.00000000e-01   2.00000000e-01   0.00000000e+00  -1.00297887e-03  -1.44354099e-06  -6.73170762e-23   2.20561034e-05   7.90163156e-04   0.00000000e+00
 5.58000000e+00   6.00000000e-01   2.00000000e-01   0.00000000e+00  -1.00289728e-03  -1.44200343e-06   9.32483272e-23   2.20555091e-05   7.90406701e-04   0.00000000e+00
 5.59000000e+00   6.00000000e-01   2.00000000e-01   0.00000000e+00  -1.00281241e-03  -1.43915736e-06   3.97107229e-24   2.20549150e-05   7.90650977e-04   0.00000000e+00
 5.60000000e+00   6.00000000e-01   2.00000000e-01   0.00000000e+00  -1.00273349e-03  -1.43747100e-06   5.11970574e-24   2.20543065e-05   7.90895875e-04   0.00000000e+00
 5.61000000e+00   6.00000000e-01   2.00000000e-01   0.00000000e+00  -1.00265297e-03  -1.43501551e-06  -8.11107915e-23   2.20536958e-05   7.91141295e-04   0.00000000e+00
 5.62000000e+00   6.00000000e-01   2.00000000e-01   0.00000000e+00  -1.00257734e-03  -1.43334440e-06  -7.42044992e-23   2.20530882e-05   7.91387093e-04   0.00000000e+00
 5.63000000e+00   6.00000000e-01   2.00000000e-01   0.00000000e+00  -1.00249996e-03  -1.43100138e-06  -7.62061306e-23   2.20524830e-05   7.91633183e-04   0.00000000e+00
 5.64000000e+00   6.00000000e-01   2.00000000e-01   0.00000000e+00  -1.00242808e-03  -1.42965355e-06   8.44615394e-23   2.20518735e-05   7.91879453e-04   0.00000000e+00
 5.65000000e+00   6.00000000e-01   2.00000000e-01   0.00000000e+00  -1.00235371e-03  -1.42723917e-06  -1.00477634e-23   2.20512561e-05   7.92125768e-04   0.00000000e+00
 5.66000000e+00   6.00000000e-01   2.00000000e-01   0.00000000e+00  -1.00228532e-03  -1.42606385e-06   8.32419194e-24   2.20506429e-05   7.92372053e-04   0.00000000e+00
 5.67000000e+00   6.00000000e-01   2.00000000e-01   0.00000000e+00  -1.00221516e-03  -1.42391822e-06   1.66193311e-22   2.20500340e-05   7.92618203e-04   0.00000000e+00
 5.68000000e+00   6.00000000e-01   2.00000000e-01   0.00000000e+00  -1.00214859e-03  -1.42267354e-06   8.54031158e-23   2.20494207e-05   7.92864106e-04   0.00000000e+00
 5.69000000e+00   6.00000000e-01   2.00000000e-01   0.00000000e+00  -1.00208161e-03  -1.42092408e-06  -6.69328448e-23   2.20488052e-05   7.93109671e-04   0.00000000e+00
 5.70000000e+00   6.00000000e-01   2.00000000e-01   0.00000000e+00  -1.00201904e-03  -1.41950555e-06   8.69755368e-23   2.20481912e-05   7.93354808e-04   0.00000000e+00
 5.71000000e+00   6.00000000e-01   2.00000000e-01   0.00000000e+00  -1.00195495e-03  -1.41813474e-06   3.19885809e-24   2.20475805e-05   7.93599409e-04   0.00000000e+00
 5.72000000e+00   6.00000000e-01   2.00000000e-01   0.00000000e+00  -1.00189532e-03  -1.41663335e-06   7.50843038e-24   2.20469696e-05   7.93843407e-04   0.00000000e+00
 5.73000000e+00   6.00000000e-01   2.00000000e-01   0.00000000e+00  -1.00183443e-03  -1.41549501e-06   5.23359228e-24   2.20463577e-05   7.94086727e-04   0.00000000e+00
 5.74000000e+00   6.00000000e-01   2.00000000e-01   0.00000000e+00  -1.00177744e-03  -1.41428331e-06  -7.88581357e-23   2.20457472e-05   7.94329244e-04   0.00000000e+00
 5.75000000e+00   6.00000000e-01   2.00000000e-01   0.00000000e+00  -1.00171880e-03  -1.41279381e-06  -8.89317113e-23   2.20451401e-05   7.94570914e-04   0.00000000e+00
 5.76000000e+00   6.00000000e-01   2.00000000e-01   0.00000000e+00  -1.00166640e-03  -1.41231780e-06  -1.70102034e-22   2.20445352e-05   7.94811643e-04   0.00000000e+00
 5.77000000e+00   6.00000000e-01   2.00000000e-01   0.00000000e+00  -1.00161047e-03  -1.41041996e-06   2.40235787e-24   2.20439293e-05   7.95051340e-04   0.00000000e+00
 5.78000000e+00   6.00000000e-01   2.00000000e-01   0.00000000e+00  -1.00156047e-03  -1.41033293e-06   2.75989277e-24   2.20433244e-05   7.95289945e-04   0.00000000e+00
 5.79000000e+00   6.00000000e-01   2.00000000e-01   0.00000000e+00  -1.00150796e-03  -1.40850326e-06  -8.46855319e-23   2.20427255e-05   7.95527387e-04   0.00000000e+00
 5.80000000e+00   6.00000000e-01   2.00000000e-01   0.00000000e+00  -1.00146008e-03  -1.40844885e-06   8.38036387e-23   2.20421283e-05   7.95763594e-04   0.00000000e+00
 5.81000000e+00   6.00000000e-01   2.00000000e-01   0.00000000e+00  -1.00141037e-03  -1.40690646e-06   1.08221344e-24   2.20415319e-05   7.95998500e-04   0.00000000e+00
 5.82000000e+00   6.00000000e-01   2.00000000e-01   0.00000000e+00  -1.00136585e-03  -1.40675548e-06  -9.44957000e-23   2.20409386e-05   7.96232053e-04   0.00000000e+00
 5.83000000e+00   6.00000000e-01   2.00000000e-01   0.00000000e+00  -1.00131884e-03  -1.40551525e-06  -8.70382327e-23   2.20403483e-05   7.96464166e-04   0.00000000e+00
 5.84000000e+00   6.00000000e-01   2.00000000e-01   0.00000000e+00  -1.00127710e-03  -1.40526481e-06  -7.58775071e-23   2.20397615e-05   7.96694796e-04   0.00000000e+00
 5.85000000e+00   6.00000000e-01   2.00000000e-01   0.00000000e+00  -1.00123277e-03  -1.40431227e-06  -1.45709865e-22   2.20391785e-05   7.96923890e-04   0.00000000e+00
 5.86000000e+00   6.00000000e-01   2.00000000e-01   0.00000000e+00  -1.00119323e-03  -1.40405907e-06   8.02559067e-23   2.20385968e-05   7.97151370e-04   0.00000000e+00
 5.87000000e+00   6.00000000e-01   2.00000000e-01   0.00000000e+00  -1.00115165e-03  -1.40322789e-06  -9.26733965e-23   2.20380195e-05   7.97377206e-04   0.00000000e+00
 5.88000000e+00   6.00000000e-01   2.00000000e-01   0.00000000e+00  -1.00111526e-03  -1.40307163e-06  -1.05372688e-23   2.20374470e-05   7.97601350e-04   0.00000000e+00
 5.89000000e+00   6.00000000e-01   2.00000000e-01   0.00000000e+00  -1.00107601e-03  -1.40240144e-06  -1.62239998e-24   2.20368770e-05   7.97823736e-04   0.00000000e+00
 5.90000000e+00   6.00000000e-01   2.00000000e-01   0.00000000e+00  -1.00104207e-03  -1.40224709e-06  -8.02027797e-23   2.20363102e-05   7.98044329e-04   0.00000000e+00
 5.91000000e+00   6.00000000e-01   2.00000000e-01   0.00000000e+00  -1.00100522e-03  -1.40166367e-06  -8.44795378e-23   2.20357490e-05   7.98263097e-04   0.00000000e+00
 5.92000000e+00   6.00000000e-01   2.00000000e-01   0.00000000e+00  -1.00097353e-03  -1.40173000e-06   6.09283953e-24   2.20351913e-05   7.98479980e-04   0.00000000e+00
 5.93000000e+00   6.00000000e-01   2.00000000e-01   0.00000000e+00  -1.00093946e-03  -1.40103276e-06   7.95882928e-23   2.20346374e-05   7.98694946e-04   0.00000000e+00
 5.94000000e+00   6.00000000e-01   2.00000000e-01   0.00000000e+00  -1.00091069e-03  -1.40136247e-06   2.15169208e-24   2.20340879e-05   7.98907965e-04   0.00000000e+00
 5.95000000e+00   6.00000000e-01   2.00000000e-01   0.00000000e+00  -1.00087890e-03  -1.40066430e-06  -4.92632441e-24   2.20335423e-05   7.99118977e-04   0.00000000e+00
 5.96000000e+00   6.00000000e-01   2.00000000e-01   0.00000000e+00  -1.00085200e-03  -1.40099327e-06   8.19838474e-23   2.20330015e-05   7.99327970e-04   0.00000000e+00
 5.97000000e+00   6.00000000e-01   2.00000000e-01   0.00000000e+00  -1.00082278e-03  -1.40053126e-06  -7.22405964e-23   2.20324669e-05   7.99534925e-04   0.00000000e+00
 5.98000000e+00   6.00000000e-01   2.00000000e-01   0.00000000e+00  -1.00079826e-03  -1.40089172e-06  -6.57634229e-24   2.20319348e-05   7.99739776e-04   0.00000000e+00
 5.99000000e+00   6.00000000e-01   2.00000000e-01   0.00000000e+00  -1.00077105e-03  -1.40039780e-06   8.11275232e-23   2.20314073e-05   7.99942519e-04   0.00000000e+00
 6.00000000e+00   6.00000000e-01   2.00000000e-01   0.00000000e+00  -1.00074927e-03  -1.40091192e-06  -3.46025767e-24   2.20308861e-05   8.00143141e-04   0.00000000e+00
 6.01000000e+00   6.00000000e-01   2.00000000e-01   0.00000000e+00  -1.00072508e-03  -1.40056175e-06   8.21895685e-23   2.20303688e-05   8.00341584e-04   0.00000000e+00
 6.02000000e+00   6.00000000e-01   2.00000000e-01   0.00000000e+00  -1.00070429e-03  -1.40091617e-06  -6.00479482e-25   2.20298559e-05   8.00537856e-04   0.00000000e+00
 6.03000000e+00   6.00000000e-01   2.00000000e-01   0.00000000e+00  -1.00068216e-03  -1.40088534e-06   7.81107126e-23   2.20293494e-05   8.00731934e-04   0.00000000e+00
 6.04000000e+00   6.00000000e-01   2.00000000e-01   0.00000000e+00  -1.00066426e-03  -1.40111429e-06   1.30703436e-24   2.20288470e-05   8.00923784e-04   0.00000000e+00
 6.05000000e+00   6.00000000e-01   2.00000000e-01   0.00000000e+00  -1.00064420e-03  -1.40126620e-06   1.31828581e-23   2.20283494e-05   8.01113406e-04   0.00000000e+00
 6.06000000e+00   6.00000000e-01   2.00000000e-01   0.00000000e+00  -1.00062902e-03  -1.40147928e-06  -4.22739714e-24   2.20278572e-05   8.01300780e-04   0.00000000e+00
 6.07000000e+00   6.00000000e-01   2.00000000e-01   0.00000000e+00  -1.00061051e-03  -1.40175013e-06   4.49149698e-24   2.20273700e-05   8.01485875e-04   0.00000000e+00
 6.08000000e+00   6.00000000e-01   2.00000000e-01   0.00000000e+00  -1.00059707e-03  -1.40190667e-06   8.62452163e-23   2.20268884e-05   8.01668694e-04   0.00000000e+00
 6.09000000e+00   6.00000000e-01   2.00000000e-01   0.00000000e+00  -1.00058114e-03  -1.40236758e-06   2.34201891e-24   2.20264128e-05   8.01849231e-04   0.00000000e+00
 6.10000000e+00   6.00000000e-01   2.00000000e-01   0.00000000e+00  -1.00056940e-03  -1.40249909e-06  -1.61033981e-22   2.20259407e-05   8.02027458e-04   0.00000000e+00
 6.11000000e+00   6.00000000e-01   2.00000000e-01   0.00000000e+00  -1.00055542e-03  -1.40299729e-06  -7.87985036e-23   2.20254741e-05   8.02203383e-04   0.00000000e+00
 6.12000000e+00   6.00000000e-01   2.00000000e-01   0.00000000e+00  -1.00054632e-03  -1.40324807e-06  -1.28627741e-23   2.20250143e-05   8.02376998e-04   0.00000000e+00
 6.13000000e+00   6.00000000e-01   2.00000000e-01   0.00000000e+00  -1.00053389e-03  -1.40373567e-06   7.39093090e-25   2.20245591e-05   8.02548281e-04   0.00000000e+00
 6.14000000e+00   6.00000000e-01   2.00000000e-01   0.00000000e+00  -1.00052659e-03  -1.40400244e-06  -8.63918922e-23   2.20241084e-05   8.02717244e-04   0.00000000e+00
 6.15000000e+00   6.00000000e-01   2.00000000e-01   0.00000000e+00  -1.00051685e-03  -1.40460229e-06   1.94595151e-24   2.20236641e-05   8.02883890e-04   0.00000000e+00
 6.16000000e+00   6.00000000e-01   2.00000000e-01   0.00000000e+00  -1.00051093e-03  -1.40491965e-06   7.25253016e-23   2.20232245e-05   8.03048195e-04   0.00000000e+00
 6.17000000e+00   6.00000000e-01   2.00000000e-01   0.00000000e+00  -1.00050269e-03  -1.40543486e-06   7.63757048e-23   2.20227906e-05   8.03210175e-04   0.00000000e+00
 6.18000000e+00   6.00000000e-01   2.00000000e-01   0.00000000e+00  -1.00049942e-03  -1.40594622e-06  -1.30436918e-24   2.20223628e-05   8.03369836e-04   0.00000000e+00
 6.19000000e+00   6.00000000e-01   2.00000000e-01   0.00000000e+00  -1.00049292e-03  -1.40642036e-06  -1.67564574e-24   2.20219391e-05   8.03527156e-04   0.00000000e+00
 6.20000000e+00   6.00000000e-01   2.00000000e-01   0.00000000e+00  -1.00049116e-03  -1.40691976e-06  -1.56260730e-22   2.20215207e-05   8.03682160e-04   0.00000000e+00
 6.21000000e+00   6.00000000e-01   2.00000000e-01   0.00000000e+00  -1.00048672e-03  -1.40755751e-06   9.38829998e-24   2.20211095e-05   8.03834853e-04   0.00000000e+00
 6.22000000e+00   6.00000000e-01   2.00000000e-01   0.00000000e+00  -1.00048645e-03  -1.40797931e-06  -5.27762593e-24   2.20207024e-05   8.03985223e-04   0.00000000e+00
 6.23000000e+00   6.00000000e-01   2.00000000e-01   0.00000000e+00  -1.00048385e-03  -1.40868884e-06  -8.49034470e-24   2.20203002e-05   8.04133296e-04   0.00000000e+00
 6.24000000e+00   6.00000000e-01   2.00000000e-01   0.00000000e+00  -1.00048601e-03  -1.40915617e-06  -6.64192356e-24   2.20199041e-05   8.04279077e-04   0.00000000e+00
 6.25000000e+00   6.00000000e-01   2.00000000e-01   0.00000000e+00  -1.00048476e-03  -1.40987902e-06  -9.02284396e-23   2.20195130e-05   8.04422558e-04   0.00000000e+00
 6.26000000e+00   6.00000000e-01   2.00000000e-01   0.00000000e+00  -1.00048813e-03  -1.41033369e-06  -5.07007683e-24   2.20191274e-05   8.04563767e-04   0.00000000e+00
 6.27000000e+00   6.00000000e-01   2.00000000e-01   0.00000000e+00  -1.00048903e-03  -1.41115134e-06   8.24046081e-23   2.20187480e-05   8.04702717e-04   0.00000000e+00
 6.28000000e+00   6.00000000e-01   2.00000000e-01   0.00000000e+00  -1.00049412e-03  -1.41160652e-06  -1.69037611e-22   2.20183721e-05   8.04839401e-04   0.00000000e+00
 6.29000000e+00   6.00000000e-01   2.00000000e-01   0.00000000e+00  -1.00049628e-03  -1.41240402e-06   1.31985647e-24   2.20180018e-05   8.04973847e-04   0.00000000e+00
 6.30000000e+00   6.00000000e-01   2.00000000e-01   0.00000000e+00  -1.00050349e-03  -1.41295857e-06   1.58108551e-22   2.20176382e-05   8.05106068e-04   0.00000000e+00
 6.31000000e+00   6.00000000e-01   2.00000000e-01   0.00000000e+00  -1.00050719e-03  -1.41370540e-06   8.70028877e-23   2.20172789e-05   8.05236064e-04   0.00000000e+00
 6.32000000e+00   6.00000000e-01   2.00000000e-01   0.00000000e+00  -1.00051587e-03  -1.41428778e-06  -3.74566691e-24   2.20169239e-05   8.05363868e-04   0.00000000e+00
 6.33000000e+00   6.00000000e-01   2.00000000e-01   0.00000000e+00  -1.00052136e-03  -1.41512964e-06   1.02452709e-23   2.20165753e-05   8.05489495e-04   0.00000000e+00
 6.34000000e+00   6.00000000e-01   2.00000000e-01   0.00000000e+00  -1.00053117e-03  -1.41566174e-06   3.58617514e-24   2.20162311e-05   8.05612943e-04   0.00000000e+00
 6.35000000e+00   6.00000000e-01   2.00000000e-01   0.00000000e+00  -1.00053811e-03  -1.41649637e-06   2.24151260e-24   2.20158923e-05   8.05734247e-04   0.00000000e+00
 6.36000000e+00   6.00000000e-01   2.00000000e-01   0.00000000e+00  -1.00055003e-03  -1.41711391e-06   8.74745534e-23   2.20155588e-05   8.05853426e-04   0.00000000e+00
 6.37000000e+00   6.00000000e-01   2.00000000e-01   0.00000000e+00  -1.00055841e-03  -1.41792544e-06   8.74423954e-23   2.20152292e-05   8.05970484e-04   0.00000000e+00
 6.38000000e+00   6.00000000e-01   2.00000000e-01   0.00000000e+00  -1.00057176e-03  -1.41852160e-06   1.21828041e-23   2.20149046e-05   8.06085455e-04   0.00000000e+00
 6.39000000e+00   6.00000000e-01   2.00000000e-01   0.00000000e+00  -1.00058174e-03  -1.41943481e-06   2.58494175e-24   2.20145865e-05   8.06198359e-04   0.00000000e+00
 6.40000000e+00   6.00000000e-01   2.00000000e-01   0.00000000e+00  -1.00059607e-03  -1.41996725e-06   5.74726170e-24   2.20142719e-05   8.06309198e-04   0.00000000e+00
 6.41000000e+00   6.00000000e-01   2.00000000e-01   0.00000000e+00  -1.00060746e-03  -1.42087116e-06  -8.83413762e-23   2.20139618e-05   8.06418011e-04   0.00000000e+00
 6.42000000e+00   6.00000000e-01   2.00000000e-01   0.00000000e+00  -1.00062400e-03  -1.42148717e-06  -8.57652710e-23   2.20136574e-05   8.06524820e-04   0.00000000e+00
 6.43000000e+00   6.00000000e-01   2.00000000e-01   0.00000000e+00  -1.00063658e-03  -1.42236047e-06   7.80930796e-23   2.20133570e-05   8.06629628e-04   0.00000000e+00
 6.44000000e+00   6.00000000e-01   2.00000000e-01   0.00000000e+00  -1.00065398e-03  -1.42294366e-06  -8.14241590e-23   2.20130613e-05   8.06732475e-04   0.00000000e+00
 6.45000000e+00   6.00000000e-01   2.00000000e-01   0.00000000e+00  -1.00066842e-03  -1.42387694e-06   8.40718984e-23   2.20127712e-05   8.06833385e-04   0.00000000e+00
 6.46000000e+00   6.00000000e-01   2.00000000e-01   0.00000000e+00  -1.00068678e-03  -1.42448118e-06   2.40186111e-24   2.20124843e-05   8.06932363e-04   0.00000000e+00
 6.47000000e+00   6.00000000e-01   2.00000000e-01   0.00000000e+00  -1.00070251e-03  -1.42531584e-06   7.91653994e-23   2.20122020e-05   8.07029447e-04   0.00000000e+00
 6.48000000e+00   6.00000000e-01   2.00000000e-01   0.00000000e+00  -1.00072291e-03  -1.42604211e-06   7.46376371e-23   2.20119251e-05   8.07124659e-04   0.00000000e+00
 6.49000000e+00   6.00000000e-01   2.00000000e-01   0.00000000e+00  -1.00073983e-03  -1.42678332e-06   5.10048052e-24   2.20116515e-05   8.07218012e-04   0.00000000e+00
 6.50000000e+00   6.00000000e-01   2.00000000e-01   0.00000000e+00  -1.00076118e-03  -1.42754561e-06   1.35298787e-24   2.20113820e-05   8.07309543e-04   0.00000000e+00
 6.51000000e+00   6.00000000e-01   2.00000000e-01   0.00000000e+00  -1.00077978e-03  -1.42833161e-06   8.68808419e-23   2.20111182e-05   8.07399276e-04   0.00000000e+00
 6.52000000e+00   6.00000000e-01   2.00000000e-01   0.00000000e+00  -1.00080216e-03  -1.42902089e-06  -7.84621792e-23   2.20108575e-05   8.07487220e-04   0.00000000e+00
 6.53000000e+00   6.00000000e-01   2.00000000e-01   0.00000000e+00  -1.00082164e-03  -1.42982404e-06   8.29817302e-23   2.20106008e-05   8.07573412e-04   0.00000000e+00
 6.54000000e+00   6.00000000e-01   2.00000000e-01   0.00000000e+00  -1.00084597e-03  -1.43052587e-06   6.66662031e-25   2.20103491e-05   8.07657881e-04   0.00000000e+00
 6.55000000e+00   6.00000000e-01   2.00000000e-01   0.00000000e+00  -1.00086653e-03  -1.43132302e-06   1.40625144e-24   2.20101007e-05   8.07740634e-04   0.00000000e+00
 6.56000000e+00   6.00000000e-01   2.00000000e-01   0.00000000e+00  -1.00089148e-03  -1.43199435e-06   9.77702451e-25   2.20098562e-05   8.07821711e-04   0.00000000e+00
 6.57000000e+00   6.00000000e-01   2.00000000e-01   0.00000000e+00  -1.00091387e-03  -1.43282061e-06  -4.36917992e-24   2.20096167e-05   8.07901139e-04   0.00000000e+00
 6.58000000e+00   6.00000000e-01   2.00000000e-01   0.00000000e+00  -1.00094002e-03  -1.43348700e-06   7.46216547e-23   2.20093796e-05   8.07978926e-04   0.00000000e+00
 6.59000000e+00   6.00000000e-01   2.00000000e-01   0.00000000e+00  -1.00096297e-03  -1.43425728e-06   2.50738220e-24   2.20091465e-05   8.08055112e-04   0.00000000e+00
 6.60000000e+00   6.00000000e-01   2.00000000e-01   0.00000000e+00  -1.00099068e-03  -1.43498713e-06   8.58827789e-23   2.20089184e-05   8.08129725e-04   0.00000000e+00
 6.61000000e+00   6.00000000e-01   2.00000000e-01   0.00000000e+00  -1.00101470e-03  -1.43570420e-06  -3.52985904e-24   2.20086932e-05   8.08202771e-04   0.00000000e+00
 6.62000000e+00   6.00000000e-01   2.00000000e-01   0.00000000e+00  -1.00104334e-03  -1.43639870e-06  -8.45398027e-23   2.20084709e-05   8.08274296e-04   0.00000000e+00
 6.63000000e+00   6.00000000e-01   2.00000000e-01   0.00000000e+00  -1.00106871e-03  -1.43720751e-06   2.69331690e-24   2.20082534e-05   8.08344322e-04   0.00000000e+00
 6.64000000e+00   6.00000000e-01   2.00000000e-01   0.00000000e+00  -1.00109809e-03  -1.43781524e-06  -1.25437438e-24   2.20080386e-05   8.08412858e-04   0.00000000e+00
 6.65000000e+00   6.00000000e-01   2.00000000e-01   0.00000000e+00  -1.00112448e-03  -1.43862160e-06   8.54837881e-23   2.20078274e-05   8.08479941e-04   0.00000000e+00
 6.66000000e+00   6.00000000e-01   2.00000000e-01   0.00000000e+00  -1.00115562e-03  -1.43922152e-06   6.07200663e-24   2.20076201e-05   8.08545603e-04   0.00000000e+00
 6.67000000e+00   6.00000000e-01   2.00000000e-01   0.00000000e+00  -1.00118286e-03  -1.44007649e-06  -6.31966172e-24   2.20074150e-05   8.08609850e-04   0.00000000e+00
 6.68000000e+00   6.00000000e-01   2.00000000e-01   0.00000000e+00  -1.00121475e-03  -1.44054876e-06   2.11256056e-24   2.20072133e-05   8.08672723e-04   0.00000000e+00
 6.69000000e+00   6.00000000e-01   2.00000000e-01   0.00000000e+00  -1.00124335e-03  -1.44152022e-06   2.48432044e-24   2.20070163e-05   8.08734252e-04   0.00000000e+00
 6.70000000e+00   6.00000000e-01   2.00000000e-01   0.00000000e+00  -1.00127586e-03  -1.44195386e-06  -1.01539607e-23   2.20068210e-05   8.08794435e-04   0.00000000e+00
 6.71000000e+00   6.00000000e-01   2.00000000e-01   0.00000000e+00  -1.00130588e-03  -1.44279363e-06   2.88538704e-24   2.20066284e-05   8.08853320e-04   0.00000000e+00
 6.72000000e+00   6.00000000e-01   2.00000000e-01   0.00000000e+00  -1.00133982e-03  -1.44339627e-06   1.00984270e-23   2.20064398e-05   8.08910932e-04   0.00000000e+00
 6.73000000e+00   6.00000000e-01   2.00000000e-01   0.00000000e+00  -1.00136998e-03  -1.44412125e-06  -8.23330874e-23   2.20062539e-05   8.08967274e-04   0.00000000e+00
 6.74000000e+00   6.00000000e-01   2.00000000e-01   0.00000000e+00  -1.00140487e-03  -1.44468540e-06  -7.72373305e-23   2.20060708e-05   8.09022392e-04   0.00000000e+00
 6.75000000e+00   6.00000000e-01   2.00000000e-01   0.00000000e+00  -1.00143657e-03  -1.44550601e-06  -8.34038354e-23   2.20058913e-05   8.09076311e-04   0.00000000e+00
 6.76000000e+00   6.00000000e-01   2.00000000e-01   0.00000000e+00  -1.00147198e-03  -1.44599291e-06   4.31140462e-25   2.20057130e-05   8.09129033e-04   0.00000000e+00
 6.77000000e+00   6.00000000e-01   2.00000000e-01   0.00000000e+00  -1.00150462e-03  -1.44677679e-06  -8.41257911e-23   2.20055379e-05   8.09180601e-04   0.00000000e+00
 6.78000000e+00   6.00000000e-01   2.00000000e-01   0.00000000e+00  -1.00154129e-03  -1.44731545e-06  -8.95276291e-23   2.20053668e-05   8.09231040e-04   0.00000000e+00
 6.79000000e+00   6.00000000e-01   2.00000000e-01   0.00000000e+00  -1.00157461e-03  -1.44802503e-06  -7.69432179e-25   2.20051972e-05   8.09280361e-04   0.00000000e+00
 6.80000000e+00   6.00000000e-01   2.00000000e-01   0.00000000e+00  -1.00161212e-03  -1.44859548e-06  -9.67022154e-25   2.20050295e-05   8.09328602e-04   0.00000000e+00
 6.81000000e+00   6.00000000e-01   2.00000000e-01   0.00000000e+00  -1.00164631e-03  -1.44932684e-06   6.96030409e-24   2.20048659e-05   8.09375778e-04   0.00000000e+00
 6.82000000e+00   6.00000000e-01   2.00000000e-01   0.00000000e+00  -1.00168475e-03  -1.44978260e-06  -2.06223212e-24   2.20047036e-05   8.09421900e-04   0.00000000e+00
 6.83000000e+00   6.00000000e-01   2.00000000e-01   0.00000000e+00  -1.00171992e-03  -1.45054345e-06   8.86775716e-24   2.20045436e-05   8.09467012e-04   0.00000000e+00
 6.84000000e+00   6.00000000e-01   2.00000000e-01   0.00000000e+00  -1.00175934e-03  -1.45105577e-06   8.17424295e-23   2.20043865e-05   8.09511132e-04   0.00000000e+00
 6.85000000e+00   6.00000000e-01   2.00000000e-01   0.00000000e+00  -1.00179511e-03  -1.45173152e-06   7.51146253e-23   2.20042313e-05   8.09554268e-04   0.00000000e+00
 6.86000000e+00   6.00000000e-01   2.00000000e-01   0.00000000e+00  -1.00183552e-03  -1.45221288e-06   8.26150349e-23   2.20040782e-05   8.09596459e-04   0.00000000e+00
 6.87000000e+00   6.00000000e-01   2.00000000e-01   0.00000000e+00  -1.00187237e-03  -1.45295939e-06   9.40742654e-23   2.20039282e-05   8.09637727e-04   0.00000000e+00
 6.88000000e+00   6.00000000e-01   2.00000000e-01   0.00000000e+00  -1.00191285e-03  -1.45339482e-06  -8.59671488e-23   2.20037789e-05   8.09678073e-04   0.00000000e+00
 6.89000000e+00   6.00000000e-01   2.00000000e-01   0.00000000e+00  -1.00195024e-03  -1.45404719e-06  -6.00473263e-24   2.20036323e-05   8.09717535e-04   0.00000000e+00
 6.90000000e+00   6.00000000e-01   2.00000000e-01   0.00000000e+00  -1.00199208e-03  -1.45459733e-06  -3.36675522e-25   2.20034889e-05   8.09756137e-04   0.00000000e+00
 6.91000000e+00   6.00000000e-01   2.00000000e-01   0.00000000e+00  -1.00203049e-03  -1.45510386e-06   7.28202510e-23   2.20033459e-05   8.09793894e-04   0.00000000e+00
 6.92000000e+00   6.00000000e-01   2.00000000e-01   0.00000000e+00  -1.00207243e-03  -1.45583554e-06  -1.50699872e-24   2.20032045e-05   8.09830823e-04   0.00000000e+00
 6.93000000e+00   6.00000000e-01   2.00000000e-01   0.00000000e+00  -1.00211221e-03  -1.45606275e-06   8.15193616e-23   2.20030666e-05   8.09866958e-04   0.00000000e+00
 6.94000000e+00   6.00000000e-01   2.00000000e-01   0.00000000e+00  -1.00215482e-03  -1.45704925e-06  -7.84443614e-24   2.20029295e-05   8.09902301e-04   0.00000000e+00
 6.95000000e+00   6.00000000e-01   2.00000000e-01   0.00000000e+00  -1.00219462e-03  -1.45708518e-06  -8.48500807e-25   2.20027939e-05   8.09936873e-04   0.00000000e+00
 6.96000000e+00   6.00000000e-01   2.00000000e-01   0.00000000e+00  -1.00223895e-03  -1.45806155e-06   1.18192512e-23   2.20026606e-05   8.09970715e-04   0.00000000e+00
 6.97000000e+00   6.00000000e-01   2.00000000e-01   0.00000000e+00  -1.00227920e-03  -1.45827107e-06   7.10335513e-24   2.20025285e-05   8.10003817e-04   0.00000000e+00
 6.98000000e+00   6.00000000e-01   2.00000000e-01   0.00000000e+00  -1.00232387e-03  -1.45891594e-06   4.28810701e-24   2.20023981e-05   8.10036220e-04   0.00000000e+00
 6.99000000e+00   6.00000000e-01   2.00000000e-01   0.00000000e+00  -1.00236529e-03  -1.45947790e-06  -1.31494147e-23   2.20022701e-05   8.10067943e-04   0.00000000e+00
 7.00000000e+00   6.00000000e-01   2.00000000e-01   0.00000000e+00  -1.00241006e-03  -1.45988495e-06   6.20632668e-24   2.20021425e-05   8.10098972e-04   0.00000000e+00
 7.01000000e+00   6.00000000e-01   2.00000000e-01   0.00000000e+00  -1.00245252e-03  -1.46032044e-06   7.87680503e-23   2.20020163e-05   8.10129367e-04   0.00000000e+00
 7.02000000e+00   6.00000000e-01   2.00000000e-01   0.00000000e+00  -1.00249831e-03  -1.46111494e-06  -7.81271132e-23   2.20018927e-05   8.10159131e-04   0.00000000e+00
 7.03000000e+00   6.00000000e-01   2.00000000e-01   0.00000000e+00  -1.00254082e-03  -1.46114712e-06   1.27234673e-23   2.20017699e-05   8.10188258e-04   0.00000000e+00
 7.04000000e+00   6.00000000e-01   2.00000000e-01   0.00000000e+00  -1.00258749e-03  -1.46204519e-06   8.87136910e-23   2.20016479e-05   8.10216804e-04   0.00000000e+00
 7.05000000e+00   6.00000000e-01   2.00000000e-01   0.00000000e+00  -1.00263089e-03  -1.46224617e-06  -1.61187813e-22   2.20015284e-05   8.10244763e-04   0.00000000e+00
 7.06000000e+00   6.00000000e-01   2.00000000e-01   0.00000000e+00  -1.00267762e-03  -1.46280518e-06  -7.98201695e-23   2.20014091e-05   8.10272145e-04   0.00000000e+00
 7.07000000e+00   6.00000000e-01   2.00000000e-01   0.00000000e+00  -1.00272145e-03  -1.46331649e-06   8.58818646e-23   2.20012914e-05   8.10298980e-04   0.00000000e+00
 7.08000000e+00   6.00000000e-01   2.00000000e-01   0.00000000e+00  -1.00276958e-03  -1.46362714e-06   3.04895932e-24   2.20011758e-05   8.10325279e-04   0.00000000e+00
 7.09000000e+00   6.00000000e-01   2.00000000e-01   0.00000000e+00  -1.00281377e-03  -1.46426986e-06  -8.75827153e-23   2.20010600e-05   8.10351043e-04   0.00000000e+00
 7.10000000e+00   6.00000000e-01   2.00000000e-01   0.00000000e+00  -1.00286242e-03  -1.46439869e-06   3.45978155e-24   2.20009452e-05   8.10376318e-04   0.00000000e+00
 7.11000000e+00   6.00000000e-01   2.00000000e-01   0.00000000e+00  -1.00290736e-03  -1.46526990e-06  -9.57251281e-23   2.20008334e-05   8.10401111e-04   0.00000000e+00
 7.12000000e+00   6.00000000e-01   2.00000000e-01   0.00000000e+00  -1.00295630e-03  -1.46524098e-06  -8.83027526e-23   2.20007211e-05   8.10425415e-04   0.00000000e+00
 7.13000000e+00   6.00000000e-01   2.00000000e-01   0.00000000e+00  -1.00300172e-03  -1.46607956e-06   2.02878493e-23   2.20006096e-05   8.10449267e-04   0.00000000e+00
 7.14000000e+00   6.00000000e-01   2.00000000e-01   0.00000000e+00  -1.00305168e-03  -1.46618402e-06   8.40584143e-23   2.20005000e-05   8.10472660e-04   0.00000000e+00
 7.15000000e+00   6.00000000e-01   2.00000000e-01   0.00000000e+00  -1.00309788e-03  -1.46675619e-06   8.47801464e-23   2.20003908e-05   8.10495620e-04   0.00000000e+00
 7.16000000e+00   6.00000000e-01   2.00000000e-01   0.00000000e+00  -1.00314790e-03  -1.46713096e-06   9.07321773e-23   2.20002824e-05   8.10518165e-04   0.00000000e+00
 7.17000000e+00   6.00000000e-01   2.00000000e-01   0.00000000e+00  -1.00319454e-03  -1.46749409e-06   9.02549938e-23   2.20001761e-05   8.10540304e-04   0.00000000e+00
 7.18000000e+00   6.00000000e-01   2.00000000e-01   0.00000000e+00  -1.00324496e-03  -1.46799432e-06   4.67619930e-24   2.20000694e-05   8.10562044e-04   0.00000000e+00
 7.19000000e+00   6.00000000e-01   2.00000000e-01   0.00000000e+00  -1.00329222e-03  -1.46822546e-06  -8.81777213e-25   2.19999636e-05   8.10583399e-04   0.00000000e+00
 7.20000000e+00   6.00000000e-01   2.00000000e-01   0.00000000e+00  -1.00334336e-03  -1.46878258e-06   7.72826528e-23   2.19998596e-05   8.10604393e-04   0.00000000e+00
 7.21000000e+00   6.00000000e-01   2.00000000e-01   0.00000000e+00  -1.00339091e-03  -1.46903454e-06  -3.25712249e-25   2.19997556e-05   8.10625018e-04   0.00000000e+00
 7.22000000e+00   6.00000000e-01   2.00000000e-01   0.00000000e+00  -1.00344254e-03  -1.46947385e-06   7.77718144e-23   2.19996520e-05   8.10645294e-04   0.00000000e+00
 7.23000000e+00   6.00000000e-01   2.00000000e-01   0.00000000e+00  -1.00349011e-03  -1.46972004e-06  -8.15870209e-23   2.19995508e-05   8.10665263e-04   0.00000000e+00
 7.24000000e+00   6.00000000e-01   2.00000000e-01   0.00000000e+00  -1.00354272e-03  -1.47044862e-06  -1.89338711e-24   2.19994489e-05   8.10684883e-04   0.00000000e+00
 7.25000000e+00   6.00000000e-01   2.00000000e-01   0.00000000e+00  -1.00359098e-03  -1.47014325e-06  -7.29582739e-23   2.19993472e-05   8.10704196e-04   0.00000000e+00
 7.26000000e+00   6.00000000e-01   2.00000000e-01   0.00000000e+00  -1.00364360e-03  -1.47138570e-06   8.58107707e-23   2.19992473e-05   8.10723214e-04   0.00000000e+00
 7.27000000e+00   6.00000000e-01   2.00000000e-01   0.00000000e+00  -1.00369274e-03  -1.47077092e-06   1.11722225e-23   2.19991478e-05   8.10741913e-04   0.00000000e+00
 7.28000000e+00   6.00000000e-01   2.00000000e-01   0.00000000e+00  -1.00374556e-03  -1.47193866e-06   7.91335191e-23   2.19990484e-05   8.10760353e-04   0.00000000e+00
 7.29000000e+00   6.00000000e-01   2.00000000e-01   0.00000000e+00  -1.00379518e-03  -1.47173058e-06   3.62265961e-24   2.19989503e-05   8.10778523e-04   0.00000000e+00
 7.30000000e+00   6.00000000e-01   2.00000000e-01   0.00000000e+00  -1.00384872e-03  -1.47242531e-06   4.89924650e-24   2.19988516e-05   8.10796411e-04   0.00000000e+00
 7.31000000e+00   6.00000000e-01   2.00000000e-01   0.00000000e+00  -1.00389853e-03  -1.47246634e-06  -8.53583105e-23   2.19987540e-05   8.10814055e-04   0.00000000e+00
 7.32000000e+00   6.00000000e-01   2.00000000e-01   0.00000000e+00  -1.00395230e-03  -1.47311777e-06   4.97696004e-24   2.19986580e-05   8.10831459e-04   0.00000000e+00
 7.33000000e+00   6.00000000e-01   2.00000000e-01   0.00000000e+00  -1.00400248e-03  -1.47308736e-06  -8.07454443e-23   2.19985615e-05   8.10848618e-04   0.00000000e+00
 7.34000000e+00   6.00000000e-01   2.00000000e-01   0.00000000e+00  -1.00405669e-03  -1.47375902e-06  -6.31694787e-24   2.19984649e-05   8.10865563e-04   0.00000000e+00
 7.35000000e+00   6.00000000e-01   2.00000000e-01   0.00000000e+00  -1.00410740e-03  -1.47378933e-06  -2.02118343e-24   2.19983701e-05   8.10882291e-04   0.00000000e+00
 7.36000000e+00   6.00000000e-01   2.00000000e-01   0.00000000e+00  -1.00416165e-03  -1.47431606e-06  -7.10724622e-23   2.19982749e-05   8.10898797e-04   0.00000000e+00
 7.37000000e+00   6.00000000e-01   2.00000000e-01   0.00000000e+00  -1.00421255e-03  -1.47443584e-06  -7.83364570e-23   2.19981803e-05   8.10915107e-04   0.00000000e+00
 7.38000000e+00   6.00000000e-01   2.00000000e-01   0.00000000e+00  -1.00426780e-03  -1.47490812e-06   7.48229623e-23   2.19980867e-05   8.10931220e-04   0.00000000e+00
 7.39000000e+00   6.00000000e-01   2.00000000e-01   0.00000000e+00  -1.00431897e-03  -1.47502747e-06  -8.39794554e-23   2.19979924e-05   8.10947138e-04   0.00000000e+00
 7.40000000e+00   6.00000000e-01   2.00000000e-01   0.00000000e+00  -1.00437403e-03  -1.47552835e-06   2.65640594e-24   2.19978986e-05   8.10962875e-04   0.00000000e+00
 7.41000000e+00   6.00000000e-01   2.00000000e-01   0.00000000e+00  -1.00442601e-03  -1.47556300e-06   7.54556034e-23   2.19978067e-05   8.10978440e-04   0.00000000e+00
 7.42000000e+00   6.00000000e-01   2.00000000e-01   0.00000000e+00  -1.00448132e-03  -1.47616469e-06  -8.74642650e-23   2.19977135e-05   8.10993836e-04   0.00000000e+00
 7.43000000e+00   6.00000000e-01   2.00000000e-01   0.00000000e+00  -1.00453326e-03  -1.47612572e-06   2.60603072e-24   2.19976206e-05   8.11009065e-04   0.00000000e+00
 7.44000000e+00   6.00000000e-01   2.00000000e-01   0.00000000e+00  -1.00458944e-03  -1.47670361e-06   9.06771292e-23   2.19975292e-05   8.11024146e-04   0.00000000e+00
 7.45000000e+00   6.00000000e-01   2.00000000e-01   0.00000000e+00  -1.00464171e-03  -1.47674954e-06   1.21392841e-23   2.19974374e-05   8.11039074e-04   0.00000000e+00
 7.46000000e+00   6.00000000e-01   2.00000000e-01   0.00000000e+00  -1.00469797e-03  -1.47718872e-06   5.48531249e-24   2.19973454e-05   8.11053860e-04   0.00000000e+00
 7.47000000e+00   6.00000000e-01   2.00000000e-01   0.00000000e+00  -1.00475094e-03  -1.47737682e-06  -2.54720026e-24   2.19972547e-05   8.11068519e-04   0.00000000e+00
 7.48000000e+00   6.00000000e-01   2.00000000e-01   0.00000000e+00  -1.00480661e-03  -1.47774131e-06  -8.16329146e-23   2.19971635e-05   8.11083027e-04   0.00000000e+00
 7.49000000e+00   6.00000000e-01   2.00000000e-01   0.00000000e+00  -1.00486027e-03  -1.47775654e-06  -8.34204520e-23   2.19970728e-05   8.11097423e-04   0.00000000e+00
 7.50000000e+00   6.00000000e-01   2.00000000e-01   0.00000000e+00  -1.00491684e-03  -1.47848988e-06   8.78169444e-23   2.19969828e-05   8.11111705e-04   0.00000000e+00
 7.51000000e+00   6.00000000e-01   2.00000000e-01   0.00000000e+00  -1.00496999e-03  -1.47817710e-06  -2.40157668e-24   2.19968923e-05   8.11125845e-04   0.00000000e+00
 7.52000000e+00   6.00000000e-01   2.00000000e-01   0.00000000e+00  -1.00502694e-03  -1.47893337e-06   4.97573865e-24   2.19968019e-05   8.11139890e-04   0.00000000e+00
 7.53000000e+00   6.00000000e-01   2.00000000e-01   0.00000000e+00  -1.00508014e-03  -1.47883759e-06   7.40546305e-23   2.19967134e-05   8.11153829e-04   0.00000000e+00
 7.54000000e+00   6.00000000e-01   2.00000000e-01   0.00000000e+00  -1.00513714e-03  -1.47934589e-06   8.57875643e-23   2.19966238e-05   8.11167649e-04   0.00000000e+00
 7.55000000e+00   6.00000000e-01   2.00000000e-01   0.00000000e+00  -1.00519111e-03  -1.47934394e-06   8.59595795e-23   2.19965338e-05   8.11181383e-04   0.00000000e+00
 7.56000000e+00   6.00000000e-01   2.00000000e-01   0.00000000e+00  -1.00524853e-03  -1.47988653e-06  -1.63726468e-22   2.19964450e-05   8.11195025e-04   0.00000000e+00
 7.57000000e+00   6.00000000e-01   2.00000000e-01   0.00000000e+00  -1.00530229e-03  -1.47984824e-06   1.52162250e-22   2.19963561e-05   8.11208560e-04   0.00000000e+00
 7.58000000e+00   6.00000000e-01   2.00000000e-01   0.00000000e+00  -1.00536003e-03  -1.48030485e-06   1.47323811e-24   2.19962673e-05   8.11222017e-04   0.00000000e+00
 7.59000000e+00   6.00000000e-01   2.00000000e-01   0.00000000e+00  -1.00541430e-03  -1.48036988e-06   5.32654371e-24   2.19961793e-05   8.11235400e-04   0.00000000e+00
 7.60000000e+00   6.00000000e-01   2.00000000e-01   0.00000000e+00  -1.00547180e-03  -1.48080303e-06   1.60073198e-22   2.19960901e-05   8.11248694e-04   0.00000000e+00
 7.61000000e+00   6.00000000e-01   2.00000000e-01   0.00000000e+00  -1.00552635e-03  -1.48077114e-06  -3.53402432e-24   2.19960016e-05   8.11261925e-04   0.00000000e+00
 7.62000000e+00   6.00000000e-01   2.00000000e-01   0.00000000e+00  -1.00558424e-03  -1.48147004e-06  -6.60741162e-24   2.19959146e-05   8.11275064e-04   0.00000000e+00
 7.63000000e+00   6.00000000e-01   2.00000000e-01   0.00000000e+00  -1.00563917e-03  -1.48100050e-06  -1.69250467e-22   2.19958263e-05   8.11288118e-04   0.00000000e+00
 7.64000000e+00   6.00000000e-01   2.00000000e-01   0.00000000e+00  -1.00569676e-03  -1.48207545e-06  -7.85700893e-25   2.19957378e-05   8.11301105e-04   0.00000000e+00
 7.65000000e+00   6.00000000e-01   2.00000000e-01   0.00000000e+00  -1.00575248e-03  -1.48134600e-06  -7.81762044e-23   2.19956507e-05   8.11314037e-04   0.00000000e+00
 7.66000000e+00   6.00000000e-01   2.00000000e-01   0.00000000e+00  -1.00581028e-03  -1.48256688e-06   1.75941614e-26   2.19955625e-05   8.11326928e-04   0.00000000e+00
 7.67000000e+00   6.00000000e-01   2.00000000e-01   0.00000000e+00  -1.00586503e-03  -1.48201200e-06   8.34246558e-23   2.19954750e-05   8.11339742e-04   0.00000000e+00
 7.68000000e+00   6.00000000e-01   2.00000000e-01   0.00000000e+00  -1.00592397e-03  -1.48270436e-06  -1.55350691e-22   2.19953884e-05   8.11352501e-04   0.00000000e+00
 7.69000000e+00   6.00000000e-01   2.00000000e-01   0.00000000e+00  -1.00597888e-03  -1.48267353e-06  -4.20544041e-25   2.19953009e-05   8.11365191e-04   0.00000000e+00
 7.70000000e+00   6.00000000e-01   2.00000000e-01   0.00000000e+00  -1.00603755e-03  -1.48291687e-06   9.44347154e-24   2.19952132e-05   8.11377824e-04   0.00000000e+00
 7.71000000e+00   6.00000000e-01   2.00000000e-01   0.00000000e+00  -1.00609292e-03  -1.48325541e-06  -2.84089987e-24   2.19951270e-05   8.11390414e-04   0.00000000e+00
 7.72000000e+00   6.00000000e-01   2.00000000e-01   0.00000000e+00  -1.00615145e-03  -1.48328157e-06  -4.43767764e-24   2.19950401e-05   8.11402940e-04   0.00000000e+00
 7.73000000e+00   6.00000000e-01   2.00000000e-01   0.00000000e+00  -1.00620684e-03  -1.48368764e-06   1.75106206e-24   2.19949530e-05   8.11415416e-04   0.00000000e+00
 7.74000000e+00   6.00000000e-01   2.00000000e-01   0.00000000e+00  -1.00626617e-03  -1.48372868e-06  -4.63044245e-25   2.19948666e-05   8.11427848e-04   0.00000000e+00
 7.75000000e+00   6.00000000e-01   2.00000000e-01   0.00000000e+00  -1.00632134e-03  -1.48409785e-06  -1.05995656e-23   2.19947799e-05   8.11440223e-04   0.00000000e+00
 7.76000000e+00   6.00000000e-01   2.00000000e-01   0.00000000e+00  -1.00638081e-03  -1.48411632e-06   8.13998519e-23   2.19946931e-05   8.11452560e-04   0.00000000e+00
 7.77000000e+00   6.00000000e-01   2.00000000e-01   0.00000000e+00  -1.00643598e-03  -1.48458246e-06   7.45461099e-23   2.19946077e-05   8.11464863e-04   0.00000000e+00
 7.78000000e+00   6.00000000e-01   2.00000000e-01   0.00000000e+00  -1.00649505e-03  -1.48455942e-06   7.20302904e-23   2.19945212e-05   8.11477105e-04   0.00000000e+00
 7.79000000e+00   6.00000000e-01   2.00000000e-01   0.00000000e+00  -1.00655050e-03  -1.48485931e-06  -8.01206242e-23   2.19944348e-05   8.11489312e-04   0.00000000e+00
 7.80000000e+00   6.00000000e-01   2.00000000e-01   0.00000000e+00  -1.00661000e-03  -1.48513279e-06   5.61822835e-25   2.19943496e-05   8.11501486e-04   0.00000000e+00
 7.81000000e+00   6.00000000e-01   2.00000000e-01   0.00000000e+00  -1.00666517e-03  -1.48513108e-06  -4.59886550e-24   2.19942636e-05   8.11513609e-04   0.00000000e+00
 7.82000000e+00   6.00000000e-01   2.00000000e-01   0.00000000e+00  -1.00672468e-03  -1.48561777e-06  -4.50790958e-24   2.19941775e-05   8.11525701e-04   0.00000000e+00
 7.83000000e+00   6.00000000e-01   2.00000000e-01   0.00000000e+00  -1.00678030e-03  -1.48551336e-06  -7.91742968e-23   2.19940928e-05   8.11537754e-04   0.00000000e+00
 7.84000000e+00   6.00000000e-01   2.00000000e-01   0.00000000e+00  -1.00683939e-03  -1.48600530e-06   3.91307492e-24   2.19940068e-05   8.11549756e-04   0.00000000e+00
 7.85000000e+00   6.00000000e-01   2.00000000e-01   0.00000000e+00  -1.00689488e-03  -1.48592183e-06   6.88613724e-23   2.19939213e-05   8.11561720e-04   0.00000000e+00
 7.86000000e+00   6.00000000e-01   2.00000000e-01   0.00000000e+00  -1.00695445e-03  -1.48634835e-06  -8.63530898e-23   2.19938369e-05   8.11573653e-04   0.00000000e+00
 7.87000000e+00   6.00000000e-01   2.00000000e-01   0.00000000e+00  -1.00700966e-03  -1.48638599e-06  -2.93358377e-24   2.19937517e-05   8.11585542e-04   0.00000000e+00
 7.88000000e+00   6.00000000e-01   2.00000000e-01   0.00000000e+00  -1.00706904e-03  -1.48668186e-06   2.92725385e-24   2.19936664e-05   8.11597399e-04   0.00000000e+00
 7.89000000e+00   6.00000000e-01   2.00000000e-01   0.00000000e+00  -1.00712467e-03  -1.48681715e-06  -8.35215454e-23   2.19935825e-05   8.11609224e-04   0.00000000e+00
 7.90000000e+00   6.00000000e-01   2.00000000e-01   0.00000000e+00  -1.00718353e-03  -1.48708272e-06   8.90941682e-23   2.19934976e-05   8.11621003e-04   0.00000000e+00
 7.91000000e+00   6.00000000e-01   2.00000000e-01   0.00000000e+00  -1.00723913e-03  -1.48712956e-06  -6.19722492e-24   2.19934129e-05   8.11632750e-04   0.00000000e+00
 7.92000000e+00   6.00000000e-01   2.00000000e-01   0.00000000e+00  -1.00729857e-03  -1.48755940e-06  -8.44074508e-23   2.19933291e-05   8.11644466e-04   0.00000000e+00
 7.93000000e+00   6.00000000e-01   2.00000000e-01   0.00000000e+00  -1.00735390e-03  -1.48745310e-06  -7.70045255e-23   2.19932446e-05   8.11656139e-04   0.00000000e+00
 7.94000000e+00   6.00000000e-01   2.00000000e-01   0.00000000e+00  -1.00741310e-03  -1.48793293e-06  -8.99665854e-23   2.19931601e-05   8.11667782e-04   0.00000000e+00
 7.95000000e+00   6.00000000e-01   2.00000000e-01   0.00000000e+00  -1.00746853e-03  -1.48789309e-06   7.56323455e-23   2.19930772e-05   8.11679397e-04   0.00000000e+00
 7.96000000e+00   6.00000000e-01   2.00000000e-01   0.00000000e+00  -1.00752745e-03  -1.48827503e-06  -2.01813501e-24   2.19929931e-05   8.11690962e-04   0.00000000e+00
 7.97000000e+00   6.00000000e-01   2.00000000e-01   0.00000000e+00  -1.00758301e-03  -1.48823756e-06   2.96133370e-24   2.19929090e-05   8.11702500e-04   0.00000000e+00
 7.98000000e+00   6.00000000e-01   2.00000000e-01   0.00000000e+00  -1.00764200e-03  -1.48870376e-06   8.58793228e-23   2.19928261e-05   8.11714009e-04   0.00000000e+00
 7.99000000e+00   6.00000000e-01   2.00000000e-01   0.00000000e+00  -1.00769721e-03  -1.48860738e-06   9.49891886e-23   2.19927429e-05   8.11725467e-04   0.00000000e+00
 8.00000000e+00   6.00000000e-01   2.00000000e-01   0.00000000e+00  -1.00775629e-03  -1.48901196e-06  -3.05570210e-24   2.19926594e-05   8.11736898e-04   0.00000000e+00
 8.01000000e+00   6.00000000e-01   2.00000000e-01   0.00000000e+00  -1.00781166e-03  -1.48903400e-06  -9.25362927e-23   2.19925769e-05   8.11748305e-04   0.00000000e+00
 8.02000000e+00   6.00000000e-01   2.00000000e-01   0.00000000e+00  -1.00787008e-03  -1.48941038e-06  -1.07732891e-23   2.19924936e-05   8.11759660e-04   0.00000000e+00
 8.03000000e+00   6.00000000e-01   2.00000000e-01   0.00000000e+00  -1.00792522e-03  -1.48940487e-06  -8.17619782e-23   2.19924110e-05   8.11770969e-04   0.00000000e+00
 8.04000000e+00   6.00000000e-01   2.00000000e-01   0.00000000e+00  -1.00798475e-03  -1.48959251e-06   9.14755113e-23   2.19923290e-05   8.11782266e-04   0.00000000e+00
 8.05000000e+00   6.00000000e-01   2.00000000e-01   0.00000000e+00  -1.00803917e-03  -1.49008237e-06  -1.10546155e-23   2.19922461e-05   8.11793512e-04   0.00000000e+00
 8.06000000e+00   6.00000000e-01   2.00000000e-01   0.00000000e+00  -1.00809830e-03  -1.48965734e-06  -3.84255528e-24   2.19921633e-05   8.11804728e-04   0.00000000e+00
 8.07000000e+00   6.00000000e-01   2.00000000e-01   0.00000000e+00  -1.00815293e-03  -1.49063111e-06  -9.24548078e-24   2.19920824e-05   8.11815924e-04   0.00000000e+00
 8.08000000e+00   6.00000000e-01   2.00000000e-01   0.00000000e+00  -1.00821156e-03  -1.49002899e-06   4.59571203e-24   2.19920005e-05   8.11827054e-04   0.00000000e+00
 8.09000000e+00   6.00000000e-01   2.00000000e-01   0.00000000e+00  -1.00826655e-03  -1.49081569e-06   7.74403504e-23   2.19919182e-05   8.11838153e-04   0.00000000e+00
 8.10000000e+00   6.00000000e-01   2.00000000e-01   0.00000000e+00  -1.00832528e-03  -1.49060514e-06  -8.33051943e-23   2.19918368e-05   8.11849210e-04   0.00000000e+00
 8.11000000e+00   6.00000000e-01   2.00000000e-01   0.00000000e+00  -1.00837982e-03  -1.49094554e-06   5.91908092e-24   2.19917554e-05   8.11860224e-04   0.00000000e+00
 8.12000000e+00   6.00000000e-01   2.00000000e-01   0.00000000e+00  -1.00843823e-03  -1.49117127e-06   3.04672202e-24   2.19916743e-05   8.11871206e-04   0.00000000e+00
 8.13000000e+00   6.00000000e-01   2.00000000e-01   0.00000000e+00  -1.00849294e-03  -1.49119907e-06  -7.61444123e-23   2.19915941e-05   8.11882157e-04   0.00000000e+00
 8.14000000e+00   6.00000000e-01   2.00000000e-01   0.00000000e+00  -1.00855092e-03  -1.49165038e-06   3.05676195e-24   2.19915125e-05   8.11893052e-04   0.00000000e+00
 8.15000000e+00   6.00000000e-01   2.00000000e-01   0.00000000e+00  -1.00860543e-03  -1.49139809e-06   8.57949969e-23   2.19914315e-05   8.11903916e-04   0.00000000e+00
 8.16000000e+00   6.00000000e-01   2.00000000e-01   0.00000000e+00  -1.00866392e-03  -1.49215920e-06   8.35956799e-25   2.19913521e-05   8.11914747e-04   0.00000000e+00
 8.17000000e+00   6.00000000e-01   2.00000000e-01   0.00000000e+00  -1.00871805e-03  -1.49169412e-06  -8.10563400e-23   2.19912717e-05   8.11925519e-04   0.00000000e+00
 8.18000000e+00   6.00000000e-01   2.00000000e-01   0.00000000e+00  -1.00877582e-03  -1.49246732e-06  -9.27009387e-23   2.19911910e-05   8.11936263e-04   0.00000000e+00
 8.19000000e+00   6.00000000e-01   2.00000000e-01   0.00000000e+00  -1.00883013e-03  -1.49214806e-06  -8.73968805e-23   2.19911121e-05   8.11946961e-04   0.00000000e+00
 8.20000000e+00   6.00000000e-01   2.00000000e-01   0.00000000e+00  -1.00888738e-03  -1.49271340e-06   2.19626277e-24   2.19910325e-05   8.11957608e-04   0.00000000e+00
 8.21000000e+00   6.00000000e-01   2.00000000e-01   0.00000000e+00  -1.00894167e-03  -1.49257135e-06   8.80262260e-23   2.19909529e-05   8.11968214e-04   0.00000000e+00
 8.22000000e+00   6.00000000e-01   2.00000000e-01   0.00000000e+00  -1.00899928e-03  -1.49301608e-06  -9.23880035e-24   2.19908741e-05   8.11978775e-04   0.00000000e+00
 8.23000000e+00   6.00000000e-01   2.00000000e-01   0.00000000e+00  -1.00905302e-03  -1.49293826e-06  -1.92342094e-24   2.19907949e-05   8.11989288e-04   0.00000000e+00
 8.24000000e+00   6.00000000e-01   2.00000000e-01   0.00000000e+00  -1.00911039e-03  -1.49337987e-06  -9.54207186e-24   2.19907160e-05   8.11999754e-04   0.00000000e+00
 8.25000000e+00   6.00000000e-01   2.00000000e-01   0.00000000e+00  -1.00916419e-03  -1.49327194e-06   8.43381399e-23   2.19906385e-05   8.12010178e-04   0.00000000e+00
 8.26000000e+00   6.00000000e-01   2.00000000e-01   0.00000000e+00  -1.00922095e-03  -1.49374726e-06   7.57125722e-23   2.19905598e-05   8.12020549e-04   0.00000000e+00
 8.27000000e+00   6.00000000e-01   2.00000000e-01   0.00000000e+00  -1.00927450e-03  -1.49361339e-06  -2.81531058e-24   2.19904814e-05   8.12030870e-04   0.00000000e+00
 8.28000000e+00   6.00000000e-01   2.00000000e-01   0.00000000e+00  -1.00933176e-03  -1.49408870e-06  -1.95166435e-24   2.19904043e-05   8.12041153e-04   0.00000000e+00
 8.29000000e+00   6.00000000e-01   2.00000000e-01   0.00000000e+00  -1.00938484e-03  -1.49401413e-06   8.48119249e-24   2.19903266e-05   8.12051376e-04   0.00000000e+00
 8.30000000e+00   6.00000000e-01   2.00000000e-01   0.00000000e+00  -1.00944168e-03  -1.49432908e-06   6.10076936e-24   2.19902488e-05   8.12061558e-04   0.00000000e+00
 8.31000000e+00   6.00000000e-01   2.00000000e-01   0.00000000e+00  -1.00949494e-03  -1.49449355e-06   8.07864069e-23   2.19901724e-05   8.12071697e-04   0.00000000e+00
 8.32000000e+00   6.00000000e-01   2.00000000e-01   0.00000000e+00  -1.00955123e-03  -1.49464866e-06   9.47684427e-24   2.19900953e-05   8.12081761e-04   0.00000000e+00
 8.33000000e+00   6.00000000e-01   2.00000000e-01   0.00000000e+00  -1.00960457e-03  -1.49469541e-06   8.58035027e-23   2.19900182e-05   8.12091790e-04   0.00000000e+00
 8.34000000e+00   6.00000000e-01   2.00000000e-01   0.00000000e+00  -1.00966110e-03  -1.49518042e-06   8.29195981e-23   2.19899423e-05   8.12101775e-04   0.00000000e+00
 8.35000000e+00   6.00000000e-01   2.00000000e-01   0.00000000e+00  -1.00971318e-03  -1.49501023e-06   3.91159884e-24   2.19898661e-05   8.12111682e-04   0.00000000e+00
 8.36000000e+00   6.00000000e-01   2.00000000e-01   0.00000000e+00  -1.00976980e-03  -1.49539707e-06  -7.66097358e-24   2.19897901e-05   8.12121549e-04   0.00000000e+00
 8.37000000e+00   6.00000000e-01   2.00000000e-01   0.00000000e+00  -1.00982215e-03  -1.49547996e-06  -9.39347035e-23   2.19897153e-05   8.12131373e-04   0.00000000e+00
 8.38000000e+00   6.00000000e-01   2.00000000e-01   0.00000000e+00  -1.00987772e-03  -1.49571759e-06  -8.16884574e-23   2.19896394e-05   8.12141132e-04   0.00000000e+00
 8.39000000e+00   6.00000000e-01   2.00000000e-01   0.00000000e+00  -1.00993000e-03  -1.49579660e-06   1.75060749e-24   2.19895641e-05   8.12150845e-04   0.00000000e+00
 8.40000000e+00   6.00000000e-01   2.00000000e-01   0.00000000e+00  -1.00998596e-03  -1.49617467e-06   2.94165486e-24   2.19894902e-05   8.12160494e-04   0.00000000e+00
 8.41000000e+00   6.00000000e-01   2.00000000e-01   0.00000000e+00  -1.01003771e-03  -1.49595755e-06  -7.27163604e-24   2.19894154e-05   8.12170080e-04   0.00000000e+00
 8.42000000e+00   6.00000000e-01   2.00000000e-01   0.00000000e+00  -1.01009336e-03  -1.49662542e-06   1.06672757e-23   2.19893404e-05   8.12179626e-04   0.00000000e+00
 8.43000000e+00   6.00000000e-01   2.00000000e-01   0.00000000e+00  -1.01014504e-03  -1.49634971e-06   2.35014388e-26   2.19892674e-05   8.12189109e-04   0.00000000e+00
 8.44000000e+00   6.00000000e-01   2.00000000e-01   0.00000000e+00  -1.01020003e-03  -1.49684125e-06  -2.81718552e-24   2.19891934e-05   8.12198537e-04   0.00000000e+00
 8.45000000e+00   6.00000000e-01   2.00000000e-01   0.00000000e+00  -1.01025166e-03  -1.49682370e-06  -4.38024748e-25   2.19891196e-05   8.12207914e-04   0.00000000e+00
 8.46000000e+00   6.00000000e-01   2.00000000e-01   0.00000000e+00  -1.01030690e-03  -1.49710991e-06  -7.17334249e-23   2.19890469e-05   8.12217229e-04   0.00000000e+00
 8.47000000e+00   6.00000000e-01   2.00000000e-01   0.00000000e+00  -1.01035802e-03  -1.49719309e-06   7.53407331e-23   2.19889737e-05   8.12226479e-04   0.00000000e+00
 8.48000000e+00   6.00000000e-01   2.00000000e-01   0.00000000e+00  -1.01041286e-03  -1.49738553e-06   2.91280929e-24   2.19889007e-05   8.12235677e-04   0.00000000e+00
 8.49000000e+00   6.00000000e-01   2.00000000e-01   0.00000000e+00  -1.01046380e-03  -1.49760132e-06   7.80064787e-23   2.19888294e-05   8.12244819e-04   0.00000000e+00
 8.50000000e+00   6.00000000e-01   2.00000000e-01   0.00000000e+00  -1.01051814e-03  -1.49771740e-06  -8.00058525e-23   2.19887569e-05   8.12253895e-04   0.00000000e+00
 8.51000000e+00   6.00000000e-01   2.00000000e-01   0.00000000e+00  -1.01056889e-03  -1.49792654e-06   7.41146928e-24   2.19886847e-05   8.12262907e-04   0.00000000e+00
 8.52000000e+00   6.00000000e-01   2.00000000e-01   0.00000000e+00  -1.01062348e-03  -1.49805628e-06  -2.36849234e-24   2.19886138e-05   8.12271866e-04   0.00000000e+00
 8.53000000e+00   6.00000000e-01   2.00000000e-01   0.00000000e+00  -1.01067365e-03  -1.49826516e-06  -7.80560129e-23   2.19885424e-05   8.12280765e-04   0.00000000e+00
 8.54000000e+00   6.00000000e-01   2.00000000e-01   0.00000000e+00  -1.01072764e-03  -1.49844270e-06  -8.73618030e-23   2.19884712e-05   8.12289600e-04   0.00000000e+00
 8.55000000e+00   6.00000000e-01   2.00000000e-01   0.00000000e+00  -1.01077781e-03  -1.49853345e-06   9.32603063e-24   2.19884015e-05   8.12298389e-04   0.00000000e+00
 8.56000000e+00   6.00000000e-01   2.00000000e-01   0.00000000e+00  -1.01083143e-03  -1.49891395e-06   8.31831686e-23   2.19883307e-05   8.12307101e-04   0.00000000e+00
 8.57000000e+00   6.00000000e-01   2.00000000e-01   0.00000000e+00  -1.01088130e-03  -1.49868590e-06   1.02402219e-24   2.19882602e-05   8.12315756e-04   0.00000000e+00
 8.58000000e+00   6.00000000e-01   2.00000000e-01   0.00000000e+00  -1.01093458e-03  -1.49940918e-06  -8.46637586e-23   2.19881914e-05   8.12324360e-04   0.00000000e+00
 8.59000000e+00   6.00000000e-01   2.00000000e-01   0.00000000e+00  -1.01098394e-03  -1.49896007e-06  -1.17776260e-23   2.19881222e-05   8.12332885e-04   0.00000000e+00
 8.60000000e+00   6.00000000e-01   2.00000000e-01   0.00000000e+00  -1.01103700e-03  -1.49968159e-06   7.87072238e-23   2.19880528e-05   8.12341359e-04   0.00000000e+00
 8.61000000e+00   6.00000000e-01   2.00000000e-01   0.00000000e+00  -1.01108633e-03  -1.49939559e-06  -7.99484524e-23   2.19879846e-05   8.12349780e-04   0.00000000e+00
 8.62000000e+00   6.00000000e-01   2.00000000e-01   0.00000000e+00  -1.01113851e-03  -1.50002943e-06  -4.95219896e-24   2.19879159e-05   8.12358113e-04   0.00000000e+00
 8.63000000e+00   6.00000000e-01   2.00000000e-01   0.00000000e+00  -1.01118764e-03  -1.49959399e-06   9.37357591e-24   2.19878478e-05   8.12366392e-04   0.00000000e+00
 8.64000000e+00   6.00000000e-01   2.00000000e-01   0.00000000e+00  -1.01123996e-03  -1.50046186e-06  -3.22911972e-24   2.19877808e-05   8.12374620e-04   0.00000000e+00
 8.65000000e+00   6.00000000e-01   2.00000000e-01   0.00000000e+00  -1.01128837e-03  -1.49990529e-06  -7.77981080e-23   2.19877131e-05   8.12382776e-04   0.00000000e+00
 8.66000000e+00   6.00000000e-01   2.00000000e-01   0.00000000e+00  -1.01134009e-03  -1.50079582e-06   4.15917659e-25   2.19876457e-05   8.12390876e-04   0.00000000e+00
 8.67000000e+00   6.00000000e-01   2.00000000e-01   0.00000000e+00  -1.01138867e-03  -1.50026401e-06   8.64589072e-25   2.19875801e-05   8.12398910e-04   0.00000000e+00
 8.68000000e+00   6.00000000e-01   2.00000000e-01   0.00000000e+00  -1.01144002e-03  -1.50104571e-06  -1.93049132e-24   2.19875132e-05   8.12406873e-04   0.00000000e+00
 8.69000000e+00   6.00000000e-01   2.00000000e-01   0.00000000e+00  -1.01148810e-03  -1.50070118e-06   3.03179028e-24   2.19874464e-05   8.12414771e-04   0.00000000e+00
 8.70000000e+00   6.00000000e-01   2.00000000e-01   0.00000000e+00  -1.01153964e-03  -1.50122447e-06  -1.71486260e-22   2.19873812e-05   8.12422616e-04   0.00000000e+00
 8.71000000e+00   6.00000000e-01   2.00000000e-01   0.00000000e+00  -1.01158692e-03  -1.50121216e-06  -7.63049023e-23   2.19873159e-05   8.12430388e-04   0.00000000e+00
 8.72000000e+00   6.00000000e-01   2.00000000e-01   0.00000000e+00  -1.01163767e-03  -1.50138167e-06  -1.63391174e-24   2.19872507e-05   8.12438103e-04   0.00000000e+00
 8.73000000e+00   6.00000000e-01   2.00000000e-01   0.00000000e+00  -1.01168473e-03  -1.50166943e-06   2.91868763e-24   2.19871868e-05   8.12445762e-04   0.00000000e+00
 8.74000000e+00   6.00000000e-01   2.00000000e-01   0.00000000e+00  -1.01173504e-03  -1.50169146e-06  -1.21027030e-24   2.19871220e-05   8.12453336e-04   0.00000000e+00
 8.75000000e+00   6.00000000e-01   2.00000000e-01   0.00000000e+00  -1.01178189e-03  -1.50186876e-06   8.74245244e-25   2.19870578e-05   8.12460857e-04   0.00000000e+00
 8.76000000e+00   6.00000000e-01   2.00000000e-01   0.00000000e+00  -1.01183193e-03  -1.50216284e-06   7.85495796e-23   2.19869949e-05   8.12468320e-04   0.00000000e+00
 8.77000000e+00   6.00000000e-01   2.00000000e-01   0.00000000e+00  -1.01187801e-03  -1.50211887e-06   1.69229418e-22   2.19869316e-05   8.12475707e-04   0.00000000e+00
 8.78000000e+00   6.00000000e-01   2.00000000e-01   0.00000000e+00  -1.01192756e-03  -1.50248684e-06   7.70463014e-23   2.19868684e-05   8.12483035e-04   0.00000000e+00
 8.79000000e+00   6.00000000e-01   2.00000000e-01   0.00000000e+00  -1.01197357e-03  -1.50243976e-06  -8.31432156e-23   2.19868068e-05   8.12490308e-04   0.00000000e+00
 8.80000000e+00   6.00000000e-01   2.00000000e-01   0.00000000e+00  -1.01202266e-03  -1.50282405e-06  -9.37680762e-23   2.19867442e-05   8.12497508e-04   0.00000000e+00
 8.81000000e+00   6.00000000e-01   2.00000000e-01   0.00000000e+00  -1.01206808e-03  -1.50277330e-06   8.57995246e-23   2.19866820e-05   8.12504639e-04   0.00000000e+00
 8.82000000e+00   6.00000000e-01   2.00000000e-01   0.00000000e+00  -1.01211717e-03  -1.50309843e-06   1.39474609e-24   2.19866213e-05   8.12511712e-04   0.00000000e+00
 8.83000000e+00   6.00000000e-01   2.00000000e-01   0.00000000e+00  -1.01216232e-03  -1.50302681e-06   7.68411720e-23   2.19865599e-05   8.12518728e-04   0.00000000e+00
 8.84000000e+00   6.00000000e-01   2.00000000e-01   0.00000000e+00  -1.01220986e-03  -1.50366577e-06   7.69245888e-23   2.19864991e-05   8.12525664e-04   0.00000000e+00
 8.85000000e+00   6.00000000e-01   2.00000000e-01   0.00000000e+00  -1.01225533e-03  -1.50302485e-06   8.01261413e-23   2.19864397e-05   8.12532546e-04   0.00000000e+00
 8.86000000e+00   6.00000000e-01   2.00000000e-01   0.00000000e+00  -1.01230302e-03  -1.50409822e-06   7.98249434e-24   2.19863790e-05   8.12539380e-04   0.00000000e+00
 8.87000000e+00   6.00000000e-01   2.00000000e-01   0.00000000e+00  -1.01234692e-03  -1.50349307e-06  -9.14718221e-23   2.19863191e-05   8.12546134e-04   0.00000000e+00
 8.88000000e+00   6.00000000e-01   2.00000000e-01   0.00000000e+00  -1.01239475e-03  -1.50418025e-06   2.32251692e-24   2.19862608e-05   8.12552826e-04   0.00000000e+00
 8.89000000e+00   6.00000000e-01   2.00000000e-01   0.00000000e+00  -1.01243828e-03  -1.50390972e-06  -1.02923971e-23   2.19862020e-05   8.12559455e-04   0.00000000e+00
 8.90000000e+00   6.00000000e-01   2.00000000e-01   0.00000000e+00  -1.01248530e-03  -1.50450432e-06   8.70575520e-23   2.19861430e-05   8.12566006e-04   0.00000000e+00
 8.91000000e+00   6.00000000e-01   2.00000000e-01   0.00000000e+00  -1.01252887e-03  -1.50406039e-06  -3.70329293e-24   2.19860853e-05   8.12572520e-04   0.00000000e+00
 8.92000000e+00   6.00000000e-01   2.00000000e-01   0.00000000e+00  -1.01257519e-03  -1.50504411e-06   8.43601229e-24   2.19860274e-05   8.12578968e-04   0.00000000e+00
 8.93000000e+00   6.00000000e-01   2.00000000e-01   0.00000000e+00  -1.01261826e-03  -1.50425220e-06  -3.13121592e-24   2.19859700e-05   8.12585339e-04   0.00000000e+00
 8.94000000e+00   6.00000000e-01   2.00000000e-01   0.00000000e+00  -1.01266461e-03  -1.50529525e-06  -4.28996386e-26   2.19859134e-05   8.12591673e-04   0.00000000e+00
 8.95000000e+00   6.00000000e-01   2.00000000e-01   0.00000000e+00  -1.01270697e-03  -1.50473848e-06   1.39782734e-24   2.19858563e-05   8.12597922e-04   0.00000000e+00
 8.96000000e+00   6.00000000e-01   2.00000000e-01   0.00000000e+00  -1.01275271e-03  -1.50531135e-06   7.70509358e-24   2.19857997e-05   8.12604113e-04   0.00000000e+00
 8.97000000e+00   6.00000000e-01   2.00000000e-01   0.00000000e+00  -1.01279487e-03  -1.50530136e-06   5.57731044e-25   2.19857448e-05   8.12610262e-04   0.00000000e+00
 8.98000000e+00   6.00000000e-01   2.00000000e-01   0.00000000e+00  -1.01283991e-03  -1.50547070e-06  -9.15560698e-23   2.19856889e-05   8.12616329e-04   0.00000000e+00
 8.99000000e+00   6.00000000e-01   2.00000000e-01   0.00000000e+00  -1.01288158e-03  -1.50563665e-06  -7.34789670e-23   2.19856331e-05   8.12622340e-04   0.00000000e+00
 9.00000000e+00   6.00000000e-01   2.00000000e-01   0.00000000e+00  -1.01292667e-03  -1.50579034e-06   8.82773452e-23   2.19855789e-05   8.12628298e-04   0.00000000e+00
 9.01000000e+00   6.00000000e-01   2.00000000e-01   0.00000000e+00  -1.01296783e-03  -1.50586269e-06   5.14315138e-24   2.19855243e-05   8.12634184e-04   0.00000000e+00
 9.02000000e+00   6.00000000e-01   2.00000000e-01   0.00000000e+00  -1.01301220e-03  -1.50612603e-06  -7.51455894e-23   2.19854697e-05   8.12640026e-04   0.00000000e+00
 9.03000000e+00   6.00000000e-01   2.00000000e-01   0.00000000e+00  -1.01305283e-03  -1.50620028e-06   7.01960900e-23   2.19854169e-05   8.12645811e-04   0.00000000e+00
 9.04000000e+00   6.00000000e-01   2.00000000e-01   0.00000000e+00  -1.01309655e-03  -1.50641284e-06  -2.72482451e-24   2.19853632e-05   8.12651512e-04   0.00000000e+00
 9.05000000e+00   6.00000000e-01   2.00000000e-01   0.00000000e+00  -1.01313693e-03  -1.50633565e-06   3.52925605e-24   2.19853098e-05   8.12657175e-04   0.00000000e+00
 9.06000000e+00   6.00000000e-01   2.00000000e-01   0.00000000e+00  -1.01318033e-03  -1.50691179e-06  -7.37265958e-23   2.19852579e-05   8.12662782e-04   0.00000000e+00
 9.07000000e+00   6.00000000e-01   2.00000000e-01   0.00000000e+00  -1.01321981e-03  -1.50651785e-06   3.76682331e-24   2.19852056e-05   8.12668312e-04   0.00000000e+00
 9.08000000e+00   6.00000000e-01   2.00000000e-01   0.00000000e+00  -1.01326283e-03  -1.50715405e-06  -4.76652201e-24   2.19851535e-05   8.12673801e-04   0.00000000e+00
 9.09000000e+00   6.00000000e-01   2.00000000e-01   0.00000000e+00  -1.01330219e-03  -1.50688875e-06   7.44307723e-23   2.19851028e-05   8.12679233e-04   0.00000000e+00
 9.10000000e+00   6.00000000e-01   2.00000000e-01   0.00000000e+00  -1.01334433e-03  -1.50735716e-06  -8.42488871e-24   2.19850511e-05   8.12684606e-04   0.00000000e+00
 9.11000000e+00   6.00000000e-01   2.00000000e-01   0.00000000e+00  -1.01338302e-03  -1.50729571e-06   9.79804142e-24   2.19850002e-05   8.12689914e-04   0.00000000e+00
 9.12000000e+00   6.00000000e-01   2.00000000e-01   0.00000000e+00  -1.01342544e-03  -1.50751280e-06  -1.66893846e-22   2.19849506e-05   8.12695157e-04   0.00000000e+00
 9.13000000e+00   6.00000000e-01   2.00000000e-01   0.00000000e+00  -1.01346336e-03  -1.50754609e-06   8.45621155e-23   2.19849003e-05   8.12700355e-04   0.00000000e+00
 9.14000000e+00   6.00000000e-01   2.00000000e-01   0.00000000e+00  -1.01350493e-03  -1.50787430e-06  -8.37623865e-23   2.19848502e-05   8.12705502e-04   0.00000000e+00
 9.15000000e+00   6.00000000e-01   2.00000000e-01   0.00000000e+00  -1.01354265e-03  -1.50772785e-06   1.04891059e-23   2.19848019e-05   8.12710614e-04   0.00000000e+00
 9.16000000e+00   6.00000000e-01   2.00000000e-01   0.00000000e+00  -1.01358337e-03  -1.50838187e-06  -3.23058888e-24   2.19847529e-05   8.12715645e-04   0.00000000e+00
 9.17000000e+00   6.00000000e-01   2.00000000e-01   0.00000000e+00  -1.01362077e-03  -1.50768234e-06   5.22741905e-24   2.19847040e-05   8.12720615e-04   0.00000000e+00
 9.18000000e+00   6.00000000e-01   2.00000000e-01   0.00000000e+00  -1.01366121e-03  -1.50881471e-06   7.36611207e-24   2.19846563e-05   8.12725543e-04   0.00000000e+00
 9.19000000e+00   6.00000000e-01   2.00000000e-01   0.00000000e+00  -1.01369776e-03  -1.50792812e-06   8.68457318e-23   2.19846087e-05   8.12730400e-04   0.00000000e+00
 9.20000000e+00   6.00000000e-01   2.00000000e-01   0.00000000e+00  -1.01373767e-03  -1.50899028e-06   1.06311895e-23   2.19845613e-05   8.12735219e-04   0.00000000e+00
 9.21000000e+00   6.00000000e-01   2.00000000e-01   0.00000000e+00  -1.01377398e-03  -1.50839219e-06   6.65439379e-25   2.19845151e-05   8.12739988e-04   0.00000000e+00
 9.22000000e+00   6.00000000e-01   2.00000000e-01   0.00000000e+00  -1.01381305e-03  -1.50906726e-06  -7.46690629e-24   2.19844678e-05   8.12744697e-04   0.00000000e+00
 9.23000000e+00   6.00000000e-01   2.00000000e-01   0.00000000e+00  -1.01384877e-03  -1.50880936e-06  -8.87140531e-23   2.19844214e-05   8.12749358e-04   0.00000000e+00
 9.24000000e+00   6.00000000e-01   2.00000000e-01   0.00000000e+00  -1.01388773e-03  -1.50919124e-06   3.18588757e-24   2.19843766e-05   8.12753976e-04   0.00000000e+00
 9.25000000e+00   6.00000000e-01   2.00000000e-01   0.00000000e+00  -1.01392263e-03  -1.50920846e-06   7.72054920e-26   2.19843311e-05   8.12758532e-04   0.00000000e+00
 9.26000000e+00   6.00000000e-01   2.00000000e-01   0.00000000e+00  -1.01396092e-03  -1.50930434e-06  -1.61287740e-22   2.19842854e-05   8.12763039e-04   0.00000000e+00
 9.27000000e+00   6.00000000e-01   2.00000000e-01   0.00000000e+00  -1.01399576e-03  -1.50952358e-06  -1.60536575e-24   2.19842413e-05   8.12767512e-04   0.00000000e+00
 9.28000000e+00   6.00000000e-01   2.00000000e-01   0.00000000e+00  -1.01403323e-03  -1.50960944e-06  -8.43598128e-23   2.19841968e-05   8.12771913e-04   0.00000000e+00
 9.29000000e+00   6.00000000e-01   2.00000000e-01   0.00000000e+00  -1.01406733e-03  -1.50965622e-06   2.73782416e-24   2.19841528e-05   8.12776270e-04   0.00000000e+00
 9.30000000e+00   6.00000000e-01   2.00000000e-01   0.00000000e+00  -1.01410480e-03  -1.50993478e-06   2.65952939e-24   2.19841097e-05   8.12780584e-04   0.00000000e+00
 9.31000000e+00   6.00000000e-01   2.00000000e-01   0.00000000e+00  -1.01413814e-03  -1.50980390e-06   8.42647363e-23   2.19840662e-05   8.12784851e-04   0.00000000e+00
 9.32000000e+00   6.00000000e-01   2.00000000e-01   0.00000000e+00  -1.01417445e-03  -1.51042823e-06   7.17945064e-23   2.19840233e-05   8.12789054e-04   0.00000000e+00
 9.33000000e+00   6.00000000e-01   2.00000000e-01   0.00000000e+00  -1.01420788e-03  -1.50973951e-06  -8.01767263e-24   2.19839820e-05   8.12793213e-04   0.00000000e+00
 9.34000000e+00   6.00000000e-01   2.00000000e-01   0.00000000e+00  -1.01424348e-03  -1.51077567e-06  -7.47827488e-24   2.19839393e-05   8.12797344e-04   0.00000000e+00
 9.35000000e+00   6.00000000e-01   2.00000000e-01   0.00000000e+00  -1.01427590e-03  -1.51014727e-06  -3.46433715e-25   2.19838972e-05   8.12801416e-04   0.00000000e+00
 9.36000000e+00   6.00000000e-01   2.00000000e-01   0.00000000e+00  -1.01431161e-03  -1.51080505e-06   1.12342148e-23   2.19838569e-05   8.12805447e-04   0.00000000e+00
 9.37000000e+00   6.00000000e-01   2.00000000e-01   0.00000000e+00  -1.01434347e-03  -1.51050528e-06   1.27664250e-23   2.19838159e-05   8.12809430e-04   0.00000000e+00
 9.38000000e+00   6.00000000e-01   2.00000000e-01   0.00000000e+00  -1.01437807e-03  -1.51097644e-06  -8.01318192e-23   2.19837749e-05   8.12813358e-04   0.00000000e+00
 9.39000000e+00   6.00000000e-01   2.00000000e-01   0.00000000e+00  -1.01440956e-03  -1.51073019e-06   1.87311586e-25   2.19837355e-05   8.12817258e-04   0.00000000e+00
 9.40000000e+00   6.00000000e-01   2.00000000e-01   0.00000000e+00  -1.01444379e-03  -1.51123930e-06  -8.56841528e-23   2.19836954e-05   8.12821108e-04   0.00000000e+00
 9.41000000e+00   6.00000000e-01   2.00000000e-01   0.00000000e+00  -1.01447444e-03  -1.51096710e-06  -7.29483698e-23   2.19836559e-05   8.12824905e-04   0.00000000e+00
 9.42000000e+00   6.00000000e-01   2.00000000e-01   0.00000000e+00  -1.01450847e-03  -1.51140494e-06  -2.82519674e-24   2.19836173e-05   8.12828674e-04   0.00000000e+00
 9.43000000e+00   6.00000000e-01   2.00000000e-01   0.00000000e+00  -1.01453842e-03  -1.51128394e-06  -4.45995475e-24   2.19835785e-05   8.12832385e-04   0.00000000e+00
 9.44000000e+00   6.00000000e-01   2.00000000e-01   0.00000000e+00  -1.01457176e-03  -1.51150189e-06  -8.44203822e-23   2.19835399e-05   8.12836055e-04   0.00000000e+00
 9.45000000e+00   6.00000000e-01   2.00000000e-01   0.00000000e+00  -1.01460140e-03  -1.51159284e-06  -5.87205216e-24   2.19835028e-05   8.12839699e-04   0.00000000e+00
 9.46000000e+00   6.00000000e-01   2.00000000e-01   0.00000000e+00  -1.01463387e-03  -1.51174257e-06   6.22555729e-24   2.19834648e-05   8.12843282e-04   0.00000000e+00
 9.47000000e+00   6.00000000e-01   2.00000000e-01   0.00000000e+00  -1.01466302e-03  -1.51169356e-06   6.30478948e-25   2.19834272e-05   8.12846832e-04   0.00000000e+00
 9.48000000e+00   6.00000000e-01   2.00000000e-01   0.00000000e+00  -1.01469538e-03  -1.51210760e-06   1.30593224e-23   2.19833910e-05   8.12850347e-04   0.00000000e+00
 9.49000000e+00   6.00000000e-01   2.00000000e-01   0.00000000e+00  -1.01472354e-03  -1.51179658e-06   8.47893399e-23   2.19833545e-05   8.12853806e-04   0.00000000e+00
 9.50000000e+00   6.00000000e-01   2.00000000e-01   0.00000000e+00  -1.01475516e-03  -1.51234005e-06   9.99709243e-24   2.19833180e-05   8.12857233e-04   0.00000000e+00
 9.51000000e+00   6.00000000e-01   2.00000000e-01   0.00000000e+00  -1.01478311e-03  -1.51203211e-06  -7.02904586e-23   2.19832831e-05   8.12860630e-04   0.00000000e+00
 9.52000000e+00   6.00000000e-01   2.00000000e-01   0.00000000e+00  -1.01481387e-03  -1.51254939e-06  -6.06218651e-25   2.19832473e-05   8.12863972e-04   0.00000000e+00
 9.53000000e+00   6.00000000e-01   2.00000000e-01   0.00000000e+00  -1.01484137e-03  -1.51218919e-06   6.91720697e-25   2.19832119e-05   8.12867284e-04   0.00000000e+00
 9.54000000e+00   6.00000000e-01   2.00000000e-01   0.00000000e+00  -1.01487197e-03  -1.51279868e-06  -4.23646885e-25   2.19831779e-05   8.12870564e-04   0.00000000e+00
 9.55000000e+00   6.00000000e-01   2.00000000e-01   0.00000000e+00  -1.01489856e-03  -1.51240005e-06   2.28507373e-24   2.19831434e-05   8.12873790e-04   0.00000000e+00
 9.56000000e+00   6.00000000e-01   2.00000000e-01   0.00000000e+00  -1.01492863e-03  -1.51284986e-06   4.00571661e-24   2.19831090e-05   8.12876999e-04   0.00000000e+00
 9.57000000e+00   6.00000000e-01   2.00000000e-01   0.00000000e+00  -1.01495469e-03  -1.51284258e-06   1.46609419e-23   2.19830762e-05   8.12880165e-04   0.00000000e+00
 9.58000000e+00   6.00000000e-01   2.00000000e-01   0.00000000e+00  -1.01498399e-03  -1.51290888e-06   4.70423057e-24   2.19830426e-05   8.12883267e-04   0.00000000e+00
 9.59000000e+00   6.00000000e-01   2.00000000e-01   0.00000000e+00  -1.01501004e-03  -1.51286743e-06  -2.34620625e-24   2.19830091e-05   8.12886364e-04   0.00000000e+00
 9.60000000e+00   6.00000000e-01   2.00000000e-01   0.00000000e+00  -1.01503877e-03  -1.51346400e-06  -3.85513087e-25   2.19829770e-05   8.12889417e-04   0.00000000e+00
 9.61000000e+00   6.00000000e-01   2.00000000e-01   0.00000000e+00  -1.01506376e-03  -1.51279293e-06  -1.35564167e-23   2.19829448e-05   8.12892420e-04   0.00000000e+00
 9.62000000e+00   6.00000000e-01   2.00000000e-01   0.00000000e+00  -1.01509204e-03  -1.51371660e-06   7.83312423e-23   2.19829126e-05   8.12895407e-04   0.00000000e+00
 9.63000000e+00   6.00000000e-01   2.00000000e-01   0.00000000e+00  -1.01511675e-03  -1.51306711e-06   1.86315688e-24   2.19828818e-05   8.12898356e-04   0.00000000e+00
 9.64000000e+00   6.00000000e-01   2.00000000e-01   0.00000000e+00  -1.01514434e-03  -1.51373325e-06  -2.55138028e-24   2.19828498e-05   8.12901278e-04   0.00000000e+00
 9.65000000e+00   6.00000000e-01   2.00000000e-01   0.00000000e+00  -1.01516822e-03  -1.51350161e-06  -6.97730441e-24   2.19828187e-05   8.12904163e-04   0.00000000e+00
 9.66000000e+00   6.00000000e-01   2.00000000e-01   0.00000000e+00  -1.01519596e-03  -1.51367029e-06   8.11601984e-23   2.19827890e-05   8.12907012e-04   0.00000000e+00
 9.67000000e+00   6.00000000e-01   2.00000000e-01   0.00000000e+00  -1.01521921e-03  -1.51382749e-06   8.61050767e-23   2.19827583e-05   8.12909824e-04   0.00000000e+00
 9.68000000e+00   6.00000000e-01   2.00000000e-01   0.00000000e+00  -1.01524600e-03  -1.51374274e-06   1.12699396e-23   2.19827277e-05   8.12912607e-04   0.00000000e+00
 9.69000000e+00   6.00000000e-01   2.00000000e-01   0.00000000e+00  -1.01526900e-03  -1.51405425e-06  -7.31834298e-23   2.19826990e-05   8.12915365e-04   0.00000000e+00
 9.70000000e+00   6.00000000e-01   2.00000000e-01   0.00000000e+00  -1.01529497e-03  -1.51394366e-06   9.06037639e-23   2.19826695e-05   8.12918082e-04   0.00000000e+00
 9.71000000e+00   6.00000000e-01   2.00000000e-01   0.00000000e+00  -1.01531743e-03  -1.51414986e-06  -8.54681263e-23   2.19826402e-05   8.12920774e-04   0.00000000e+00
 9.72000000e+00   6.00000000e-01   2.00000000e-01   0.00000000e+00  -1.01534328e-03  -1.51420516e-06   3.76786971e-24   2.19826120e-05   8.12923433e-04   0.00000000e+00
 9.73000000e+00   6.00000000e-01   2.00000000e-01   0.00000000e+00  -1.01536516e-03  -1.51423974e-06   7.96057481e-23   2.19825834e-05   8.12926058e-04   0.00000000e+00
 9.74000000e+00   6.00000000e-01   2.00000000e-01   0.00000000e+00  -1.01539034e-03  -1.51438847e-06  -8.22276375e-23   2.19825550e-05   8.12928656e-04   0.00000000e+00
 9.75000000e+00   6.00000000e-01   2.00000000e-01   0.00000000e+00  -1.01541186e-03  -1.51439625e-06  -9.07531667e-23   2.19825281e-05   8.12931238e-04   0.00000000e+00
 9.76000000e+00   6.00000000e-01   2.00000000e-01   0.00000000e+00  -1.01543640e-03  -1.51465857e-06  -4.86795958e-24   2.19825001e-05   8.12933774e-04   0.00000000e+00
 9.77000000e+00   6.00000000e-01   2.00000000e-01   0.00000000e+00  -1.01545740e-03  -1.51439617e-06  -8.25613387e-23   2.19824725e-05   8.12936279e-04   0.00000000e+00
 9.78000000e+00   6.00000000e-01   2.00000000e-01   0.00000000e+00  -1.01548198e-03  -1.51490655e-06  -8.94632880e-23   2.19824462e-05   8.12938774e-04   0.00000000e+00
 9.79000000e+00   6.00000000e-01   2.00000000e-01   0.00000000e+00  -1.01550200e-03  -1.51458189e-06   5.28195799e-24   2.19824196e-05   8.12941223e-04   0.00000000e+00
 9.80000000e+00   6.00000000e-01   2.00000000e-01   0.00000000e+00  -1.01552601e-03  -1.51496984e-06  -8.06138264e-23   2.19823929e-05   8.12943651e-04   0.00000000e+00
 9.81000000e+00   6.00000000e-01   2.00000000e-01   0.00000000e+00  -1.01554605e-03  -1.51484088e-06   3.62193388e-24   2.19823675e-05   8.12946063e-04   0.00000000e+00
 9.82000000e+00   6.00000000e-01   2.00000000e-01   0.00000000e+00  -1.01556912e-03  -1.51505529e-06  -1.05887334e-23   2.19823413e-05   8.12948433e-04   0.00000000e+00
 9.83000000e+00   6.00000000e-01   2.00000000e-01   0.00000000e+00  -1.01558873e-03  -1.51501733e-06  -7.12516733e-23   2.19823155e-05   8.12950786e-04   0.00000000e+00
 9.84000000e+00   6.00000000e-01   2.00000000e-01   0.00000000e+00  -1.01561178e-03  -1.51521295e-06   9.10545836e-23   2.19822911e-05   8.12953113e-04   0.00000000e+00
 9.85000000e+00   6.00000000e-01   2.00000000e-01   0.00000000e+00  -1.01563064e-03  -1.51514400e-06  -4.08733093e-25   2.19822659e-05   8.12955403e-04   0.00000000e+00
 9.86000000e+00   6.00000000e-01   2.00000000e-01   0.00000000e+00  -1.01565308e-03  -1.51534062e-06  -8.54651400e-23   2.19822407e-05   8.12957678e-04   0.00000000e+00
 9.87000000e+00   6.00000000e-01   2.00000000e-01   0.00000000e+00  -1.01567161e-03  -1.51531073e-06   8.49656543e-23   2.19822173e-05   8.12959934e-04   0.00000000e+00
 9.88000000e+00   6.00000000e-01   2.00000000e-01   0.00000000e+00  -1.01569345e-03  -1.51552115e-06   7.21266111e-25   2.19821929e-05   8.12962152e-04   0.00000000e+00
 9.89000000e+00   6.00000000e-01   2.00000000e-01   0.00000000e+00  -1.01571156e-03  -1.51536347e-06   8.28290948e-24   2.19821687e-05   8.12964350e-04   0.00000000e+00
 9.90000000e+00   6.00000000e-01   2.00000000e-01   0.00000000e+00  -1.01573328e-03  -1.51573652e-06   1.97981191e-24   2.19821456e-05   8.12966527e-04   0.00000000e+00
 9.91000000e+00   6.00000000e-01   2.00000000e-01   0.00000000e+00  -1.01575085e-03  -1.51547352e-06  -8.06640620e-24   2.19821221e-05   8.12968670e-04   0.00000000e+00
 9.92000000e+00   6.00000000e-01   2.00000000e-01   0.00000000e+00  -1.01577176e-03  -1.51583779e-06   6.08056595e-24   2.19820988e-05   8.12970796e-04   0.00000000e+00
 9.93000000e+00   6.00000000e-01   2.00000000e-01   0.00000000e+00  -1.01578911e-03  -1.51566822e-06  -8.20884927e-23   2.19820770e-05   8.12972908e-04   0.00000000e+00
 9.94000000e+00   6.00000000e-01   2.00000000e-01   0.00000000e+00  -1.01580951e-03  -1.51596227e-06  -9.26107376e-23   2.19820540e-05   8.12974985e-04   0.00000000e+00
 9.95000000e+00   6.00000000e-01   2.00000000e-01   0.00000000e+00  -1.01582642e-03  -1.51579364e-06   8.68977638e-23   2.19820313e-05   8.12977040e-04   0.00000000e+00
 9.96000000e+00   6.00000000e-01   2.00000000e-01   0.00000000e+00  -1.01584670e-03  -1.51605718e-06   8.16023380e-24   2.19820099e-05   8.12979084e-04   0.00000000e+00
 9.97000000e+00   6.00000000e-01   2.00000000e-01   0.00000000e+00  -1.01586291e-03  -1.51598713e-06   1.67880877e-22   2.19819881e-05   8.12981097e-04   0.00000000e+00
 9.98000000e+00   6.00000000e-01   2.00000000e-01   0.00000000e+00  -1.01588274e-03  -1.51613861e-06   7.02431239e-23   2.19819662e-05   8.12983089e-04   0.00000000e+00
 9.99000000e+00   6.00000000e-01   2.00000000e-01   0.00000000e+00  -1.01589878e-03  -1.51611893e-06  -8.79174062e-23   2.19819456e-05   8.12985069e-04   0.00000000e+00
 1.00000000e+01   6.00000000e-01   2.00000000e-01   0.00000000e+00  -1.01591775e-03  -1.51626889e-06  -4.54765865e-24   2.19819241e-05   8.12987018e-04   0.00000000e+00
 1.00100000e+01   6.00000000e-01   2.00000000e-01   0.00000000e+00  -1.01593338e-03  -1.51623829e-06   8.65287704e-23   2.19819033e-05   8.12988946e-04   0.00000000e+00
 1.00200000e+01   6.00000000e-01   2.00000000e-01   0.00000000e+00  -1.01595247e-03  -1.51639091e-06  -2.69020330e-24   2.19818834e-05   8.12990857e-04   0.00000000e+00
 1.00300000e+01   6.00000000e-01   2.00000000e-01   0.00000000e+00  -1.01596738e-03  -1.51634730e-06   8.77587137e-23   2.19818628e-05   8.12992740e-04   0.00000000e+00
 1.00400000e+01   6.00000000e-01   2.00000000e-01   0.00000000e+00  -1.01598590e-03  -1.51652632e-06  -5.51340271e-24   2.19818423e-05   8.12994604e-04   0.00000000e+00
 1.00500000e+01   6.00000000e-01   2.00000000e-01   0.00000000e+00  -1.01600050e-03  -1.51635843e-06   8.14245553e-23   2.19818235e-05   8.12996473e-04   0.00000000e+00
 1.00600000e+01   6.00000000e-01   2.00000000e-01   0.00000000e+00  -1.01601873e-03  -1.51696354e-06  -8.99818412e-23   2.19818036e-05   8.12998291e-04   0.00000000e+00
 1.00700000e+01   6.00000000e-01   2.00000000e-01   0.00000000e+00  -1.01603302e-03  -1.51607710e-06   3.13318568e-24   2.19817836e-05   8.13000091e-04   0.00000000e+00
 1.00800000e+01   6.00000000e-01   2.00000000e-01   0.00000000e+00  -1.01605065e-03  -1.51721887e-06  -1.18994831e-23   2.19817650e-05   8.13001907e-04   0.00000000e+00
 1.00900000e+01   6.00000000e-01   2.00000000e-01   0.00000000e+00  -1.01606484e-03  -1.51634922e-06  -1.30702018e-24   2.19817461e-05   8.13003679e-04   0.00000000e+00
 1.01000000e+01   6.00000000e-01   2.00000000e-01   0.00000000e+00  -1.01608187e-03  -1.51711232e-06   2.93565420e-24   2.19817272e-05   8.13005431e-04   0.00000000e+00
 1.01100000e+01   6.00000000e-01   2.00000000e-01   0.00000000e+00  -1.01609567e-03  -1.51655163e-06   7.88347516e-23   2.19817093e-05   8.13007178e-04   0.00000000e+00
 1.01200000e+01   6.00000000e-01   2.00000000e-01   0.00000000e+00  -1.01611225e-03  -1.51720052e-06   8.99187026e-23   2.19816905e-05   8.13008891e-04   0.00000000e+00
 1.01300000e+01   6.00000000e-01   2.00000000e-01   0.00000000e+00  -1.01612554e-03  -1.51671060e-06  -1.05214116e-23   2.19816725e-05   8.13010582e-04   0.00000000e+00
 1.01400000e+01   6.00000000e-01   2.00000000e-01   0.00000000e+00  -1.01614251e-03  -1.51718260e-06  -1.38295436e-23   2.19816553e-05   8.13012274e-04   0.00000000e+00
 1.01500000e+01   6.00000000e-01   2.00000000e-01   0.00000000e+00  -1.01615499e-03  -1.51699188e-06   2.45731919e-24   2.19816372e-05   8.13013934e-04   0.00000000e+00
 1.01600000e+01   6.00000000e-01   2.00000000e-01   0.00000000e+00  -1.01617137e-03  -1.51711217e-06  -7.47130621e-23   2.19816192e-05   8.13015594e-04   0.00000000e+00
 1.01700000e+01   6.00000000e-01   2.00000000e-01   0.00000000e+00  -1.01618387e-03  -1.51726706e-06  -1.54635755e-22   2.19816030e-05   8.13017250e-04   0.00000000e+00
 1.01800000e+01   6.00000000e-01   2.00000000e-01   0.00000000e+00  -1.01619963e-03  -1.51717415e-06   8.79366627e-23   2.19815857e-05   8.13018859e-04   0.00000000e+00
 1.01900000e+01   6.00000000e-01   2.00000000e-01   0.00000000e+00  -1.01621177e-03  -1.51721003e-06  -7.10725002e-24   2.19815683e-05   8.13020472e-04   0.00000000e+00
 1.02000000e+01   6.00000000e-01   2.00000000e-01   0.00000000e+00  -1.01622747e-03  -1.51748437e-06   1.31239294e-24   2.19815522e-05   8.13022067e-04   0.00000000e+00
 1.02100000e+01   6.00000000e-01   2.00000000e-01   0.00000000e+00  -1.01623917e-03  -1.51713984e-06  -8.34140984e-23   2.19815358e-05   8.13023630e-04   0.00000000e+00
 1.02200000e+01   6.00000000e-01   2.00000000e-01   0.00000000e+00  -1.01625432e-03  -1.51760862e-06  -4.47118461e-24   2.19815191e-05   8.13025195e-04   0.00000000e+00
 1.02300000e+01   6.00000000e-01   2.00000000e-01   0.00000000e+00  -1.01626590e-03  -1.51731504e-06  -8.64308434e-23   2.19815038e-05   8.13026740e-04   0.00000000e+00
 1.02400000e+01   6.00000000e-01   2.00000000e-01   0.00000000e+00  -1.01628060e-03  -1.51758943e-06   8.03845649e-23   2.19814874e-05   8.13028264e-04   0.00000000e+00
 1.02500000e+01   6.00000000e-01   2.00000000e-01   0.00000000e+00  -1.01629173e-03  -1.51751946e-06   5.80676805e-24   2.19814715e-05   8.13029775e-04   0.00000000e+00
 1.02600000e+01   6.00000000e-01   2.00000000e-01   0.00000000e+00  -1.01630651e-03  -1.51757325e-06   7.48444536e-23   2.19814567e-05   8.13031272e-04   0.00000000e+00
 1.02700000e+01   6.00000000e-01   2.00000000e-01   0.00000000e+00  -1.01631714e-03  -1.51763785e-06  -8.64552618e-24   2.19814411e-05   8.13032762e-04   0.00000000e+00
 1.02800000e+01   6.00000000e-01   2.00000000e-01   0.00000000e+00  -1.01633136e-03  -1.51778499e-06   3.00563399e-24   2.19814255e-05   8.13034227e-04   0.00000000e+00
 1.02900000e+01   6.00000000e-01   2.00000000e-01   0.00000000e+00  -1.01634204e-03  -1.51749121e-06  -7.79479469e-24   2.19814114e-05   8.13035691e-04   0.00000000e+00
 1.03000000e+01   6.00000000e-01   2.00000000e-01   0.00000000e+00  -1.01635569e-03  -1.51810284e-06   4.60551191e-25   2.19813962e-05   8.13037137e-04   0.00000000e+00
 1.03100000e+01   6.00000000e-01   2.00000000e-01   0.00000000e+00  -1.01636595e-03  -1.51744642e-06  -6.31930239e-24   2.19813813e-05   8.13038558e-04   0.00000000e+00
 1.03200000e+01   6.00000000e-01   2.00000000e-01   0.00000000e+00  -1.01637961e-03  -1.51822174e-06  -6.31255815e-24   2.19813675e-05   8.13039974e-04   0.00000000e+00
 1.03300000e+01   6.00000000e-01   2.00000000e-01   0.00000000e+00  -1.01638952e-03  -1.51752425e-06   3.07100627e-24   2.19813530e-05   8.13041370e-04   0.00000000e+00
 1.03400000e+01   6.00000000e-01   2.00000000e-01   0.00000000e+00  -1.01640270e-03  -1.51824521e-06   7.92996751e-25   2.19813385e-05   8.13042765e-04   0.00000000e+00
 1.03500000e+01   6.00000000e-01   2.00000000e-01   0.00000000e+00  -1.01641241e-03  -1.51775308e-06  -1.19750334e-25   2.19813255e-05   8.13044150e-04   0.00000000e+00
 1.03600000e+01   6.00000000e-01   2.00000000e-01   0.00000000e+00  -1.01642511e-03  -1.51823545e-06  -7.86531455e-23   2.19813114e-05   8.13045505e-04   0.00000000e+00
 1.03700000e+01   6.00000000e-01   2.00000000e-01   0.00000000e+00  -1.01643459e-03  -1.51777114e-06  -1.73419900e-24   2.19812974e-05   8.13046856e-04   0.00000000e+00
 1.03800000e+01   6.00000000e-01   2.00000000e-01   0.00000000e+00  -1.01644728e-03  -1.51840664e-06   8.80475643e-23   2.19812846e-05   8.13048204e-04   0.00000000e+00
 1.03900000e+01   6.00000000e-01   2.00000000e-01   0.00000000e+00  -1.01645615e-03  -1.51786386e-06  -1.33629906e-24   2.19812713e-05   8.13049517e-04   0.00000000e+00
 1.04000000e+01   6.00000000e-01   2.00000000e-01   0.00000000e+00  -1.01646840e-03  -1.51832294e-06   2.81650705e-24   2.19812579e-05   8.13050829e-04   0.00000000e+00
 1.04100000e+01   6.00000000e-01   2.00000000e-01   0.00000000e+00  -1.01647715e-03  -1.51808805e-06   8.74523807e-24   2.19812458e-05   8.13052146e-04   0.00000000e+00
 1.04200000e+01   6.00000000e-01   2.00000000e-01   0.00000000e+00  -1.01648864e-03  -1.51837635e-06   9.63780749e-24   2.19812329e-05   8.13053429e-04   0.00000000e+00
 1.04300000e+01   6.00000000e-01   2.00000000e-01   0.00000000e+00  -1.01649701e-03  -1.51818625e-06   8.42252842e-23   2.19812203e-05   8.13054691e-04   0.00000000e+00
 1.04400000e+01   6.00000000e-01   2.00000000e-01   0.00000000e+00  -1.01650908e-03  -1.51818993e-06  -5.28636423e-24   2.19812085e-05   8.13055975e-04   0.00000000e+00
 1.04500000e+01   6.00000000e-01   2.00000000e-01   0.00000000e+00  -1.01651622e-03  -1.51866206e-06  -2.53081631e-24   2.19811962e-05   8.13057227e-04   0.00000000e+00
 1.04600000e+01   6.00000000e-01   2.00000000e-01   0.00000000e+00  -1.01652794e-03  -1.51798297e-06  -2.78127583e-24   2.19811841e-05   8.13058462e-04   0.00000000e+00
 1.04700000e+01   6.00000000e-01   2.00000000e-01   0.00000000e+00  -1.01653535e-03  -1.51876518e-06   3.41466952e-24   2.19811733e-05   8.13059701e-04   0.00000000e+00
 1.04800000e+01   6.00000000e-01   2.00000000e-01   0.00000000e+00  -1.01654582e-03  -1.51811197e-06  -8.42694678e-24   2.19811614e-05   8.13060919e-04   0.00000000e+00
 1.04900000e+01   6.00000000e-01   2.00000000e-01   0.00000000e+00  -1.01655308e-03  -1.51877225e-06   1.65018754e-22   2.19811499e-05   8.13062134e-04   0.00000000e+00
 1.05000000e+01   6.00000000e-01   2.00000000e-01   0.00000000e+00  -1.01656391e-03  -1.51829952e-06   5.74990489e-24   2.19811395e-05   8.13063331e-04   0.00000000e+00
 1.05100000e+01   6.00000000e-01   2.00000000e-01   0.00000000e+00  -1.01657058e-03  -1.51864191e-06   1.03127957e-23   2.19811283e-05   8.13064514e-04   0.00000000e+00
 1.05200000e+01   6.00000000e-01   2.00000000e-01   0.00000000e+00  -1.01658075e-03  -1.51852240e-06   7.78710016e-24   2.19811169e-05   8.13065690e-04   0.00000000e+00
 1.05300000e+01   6.00000000e-01   2.00000000e-01   0.00000000e+00  -1.01658742e-03  -1.51855875e-06   8.25036797e-23   2.19811073e-05   8.13066876e-04   0.00000000e+00
 1.05400000e+01   6.00000000e-01   2.00000000e-01   0.00000000e+00  -1.01659708e-03  -1.51879609e-06   8.55398523e-23   2.19810966e-05   8.13068035e-04   0.00000000e+00
 1.05500000e+01   6.00000000e-01   2.00000000e-01   0.00000000e+00  -1.01660325e-03  -1.51841594e-06  -8.93544159e-23   2.19810860e-05   8.13069179e-04   0.00000000e+00
 1.05600000e+01   6.00000000e-01   2.00000000e-01   0.00000000e+00  -1.01661314e-03  -1.51895976e-06   9.71921214e-23   2.19810764e-05   8.13070323e-04   0.00000000e+00
 1.05700000e+01   6.00000000e-01   2.00000000e-01   0.00000000e+00  -1.01661902e-03  -1.51841671e-06   7.63576779e-23   2.19810662e-05   8.13071441e-04   0.00000000e+00
 1.05800000e+01   6.00000000e-01   2.00000000e-01   0.00000000e+00  -1.01662840e-03  -1.51898521e-06   6.47646651e-24   2.19810559e-05   8.13072565e-04   0.00000000e+00
 1.05900000e+01   6.00000000e-01   2.00000000e-01   0.00000000e+00  -1.01663430e-03  -1.51859126e-06   3.68283646e-24   2.19810470e-05   8.13073683e-04   0.00000000e+00
 1.06000000e+01   6.00000000e-01   2.00000000e-01   0.00000000e+00  -1.01664306e-03  -1.51893477e-06   8.03120579e-23   2.19810370e-05   8.13074778e-04   0.00000000e+00
 1.06100000e+01   6.00000000e-01   2.00000000e-01   0.00000000e+00  -1.01664862e-03  -1.51869639e-06   1.20776945e-23   2.19810273e-05   8.13075870e-04   0.00000000e+00
 1.06200000e+01   6.00000000e-01   2.00000000e-01   0.00000000e+00  -1.01665774e-03  -1.51895781e-06   5.94298335e-24   2.19810187e-05   8.13076956e-04   0.00000000e+00
 1.06300000e+01   6.00000000e-01   2.00000000e-01   0.00000000e+00  -1.01666279e-03  -1.51878553e-06  -9.06976154e-23   2.19810093e-05   8.13078020e-04   0.00000000e+00
 1.06400000e+01   6.00000000e-01   2.00000000e-01   0.00000000e+00  -1.01667156e-03  -1.51891469e-06  -8.24465554e-23   2.19809997e-05   8.13079086e-04   0.00000000e+00
 1.06500000e+01   6.00000000e-01   2.00000000e-01   0.00000000e+00  -1.01667675e-03  -1.51893526e-06   6.31747403e-25   2.19809915e-05   8.13080150e-04   0.00000000e+00
 1.06600000e+01   6.00000000e-01   2.00000000e-01   0.00000000e+00  -1.01668501e-03  -1.51895194e-06   1.07841063e-24   2.19809823e-05   8.13081190e-04   0.00000000e+00
 1.06700000e+01   6.00000000e-01   2.00000000e-01   0.00000000e+00  -1.01668995e-03  -1.51891525e-06  -5.22283095e-25   2.19809732e-05   8.13082225e-04   0.00000000e+00
 1.06800000e+01   6.00000000e-01   2.00000000e-01   0.00000000e+00  -1.01669849e-03  -1.51906970e-06   7.74326173e-23   2.19809651e-05   8.13083257e-04   0.00000000e+00
 1.06900000e+01   6.00000000e-01   2.00000000e-01   0.00000000e+00  -1.01670301e-03  -1.51892119e-06   6.05666339e-24   2.19809564e-05   8.13084270e-04   0.00000000e+00
 1.07000000e+01   6.00000000e-01   2.00000000e-01   0.00000000e+00  -1.01671122e-03  -1.51912658e-06   4.56725074e-24   2.19809476e-05   8.13085279e-04   0.00000000e+00
 1.07100000e+01   6.00000000e-01   2.00000000e-01   0.00000000e+00  -1.01671595e-03  -1.51897184e-06   1.52072558e-24   2.19809400e-05   8.13086287e-04   0.00000000e+00
 1.07200000e+01   6.00000000e-01   2.00000000e-01   0.00000000e+00  -1.01672357e-03  -1.51918710e-06   2.39259846e-24   2.19809313e-05   8.13087277e-04   0.00000000e+00
 1.07300000e+01   6.00000000e-01   2.00000000e-01   0.00000000e+00  -1.01672798e-03  -1.51900304e-06   5.74731394e-24   2.19809229e-05   8.13088261e-04   0.00000000e+00
 1.07400000e+01   6.00000000e-01   2.00000000e-01   0.00000000e+00  -1.01673610e-03  -1.51924177e-06   1.45668447e-24   2.19809155e-05   8.13089241e-04   0.00000000e+00
 1.07500000e+01   6.00000000e-01   2.00000000e-01   0.00000000e+00  -1.01674016e-03  -1.51900955e-06   3.64480140e-24   2.19809072e-05   8.13090210e-04   0.00000000e+00
 1.07600000e+01   6.00000000e-01   2.00000000e-01   0.00000000e+00  -1.01674787e-03  -1.51933369e-06  -5.62368493e-25   2.19808988e-05   8.13091175e-04   0.00000000e+00
 1.07700000e+01   6.00000000e-01   2.00000000e-01   0.00000000e+00  -1.01675196e-03  -1.51907428e-06   5.10147864e-24   2.19808919e-05   8.13092127e-04   0.00000000e+00
 1.07800000e+01   6.00000000e-01   2.00000000e-01   0.00000000e+00  -1.01675945e-03  -1.51926683e-06   9.42428951e-24   2.19808838e-05   8.13093070e-04   0.00000000e+00
 1.07900000e+01   6.00000000e-01   2.00000000e-01   0.00000000e+00  -1.01676331e-03  -1.51921610e-06  -9.00628521e-23   2.19808758e-05   8.13094009e-04   0.00000000e+00
 1.08000000e+01   6.00000000e-01   2.00000000e-01   0.00000000e+00  -1.01677106e-03  -1.51927138e-06  -1.77122427e-24   2.19808688e-05   8.13094942e-04   0.00000000e+00
 1.08100000e+01   6.00000000e-01   2.00000000e-01   0.00000000e+00  -1.01677466e-03  -1.51928652e-06   6.78727784e-24   2.19808611e-05   8.13095858e-04   0.00000000e+00
 1.08200000e+01   6.00000000e-01   2.00000000e-01   0.00000000e+00  -1.01678214e-03  -1.51924358e-06   3.40798179e-24   2.19808533e-05   8.13096771e-04   0.00000000e+00
 1.08300000e+01   6.00000000e-01   2.00000000e-01   0.00000000e+00  -1.01678589e-03  -1.51938771e-06   7.70659856e-23   2.19808466e-05   8.13097685e-04   0.00000000e+00
 1.08400000e+01   6.00000000e-01   2.00000000e-01   0.00000000e+00  -1.01679278e-03  -1.51927435e-06   1.42977902e-23   2.19808389e-05   8.13098584e-04   0.00000000e+00
 1.08500000e+01   6.00000000e-01   2.00000000e-01   0.00000000e+00  -1.01679656e-03  -1.51940482e-06   8.00575938e-23   2.19808315e-05   8.13099478e-04   0.00000000e+00
 1.08600000e+01   6.00000000e-01   2.00000000e-01   0.00000000e+00  -1.01680388e-03  -1.51935777e-06  -5.65938850e-24   2.19808249e-05   8.13100366e-04   0.00000000e+00
 1.08700000e+01   6.00000000e-01   2.00000000e-01   0.00000000e+00  -1.01680714e-03  -1.51939564e-06   8.65400675e-23   2.19808175e-05   8.13101239e-04   0.00000000e+00
 1.08800000e+01   6.00000000e-01   2.00000000e-01   0.00000000e+00  -1.01681431e-03  -1.51940706e-06  -5.58465699e-24   2.19808100e-05   8.13102108e-04   0.00000000e+00
 1.08900000e+01   6.00000000e-01   2.00000000e-01   0.00000000e+00  -1.01681785e-03  -1.51943061e-06   4.58104812e-24   2.19808039e-05   8.13102980e-04   0.00000000e+00
 1.09000000e+01   6.00000000e-01   2.00000000e-01   0.00000000e+00  -1.01682456e-03  -1.51949533e-06  -7.88563989e-23   2.19807965e-05   8.13103834e-04   0.00000000e+00
 1.09100000e+01   6.00000000e-01   2.00000000e-01   0.00000000e+00  -1.01682793e-03  -1.51938047e-06  -3.96534914e-24   2.19807893e-05   8.13104687e-04   0.00000000e+00
 1.09200000e+01   6.00000000e-01   2.00000000e-01   0.00000000e+00  -1.01683497e-03  -1.51965568e-06   2.67687840e-24   2.19807831e-05   8.13105534e-04   0.00000000e+00
 1.09300000e+01   6.00000000e-01   2.00000000e-01   0.00000000e+00  -1.01683808e-03  -1.51933439e-06  -9.64431186e-24   2.19807762e-05   8.13106359e-04   0.00000000e+00
 1.09400000e+01   6.00000000e-01   2.00000000e-01   0.00000000e+00  -1.01684492e-03  -1.51964782e-06  -6.26098089e-24   2.19807690e-05   8.13107191e-04   0.00000000e+00
 1.09500000e+01   6.00000000e-01   2.00000000e-01   0.00000000e+00  -1.01684828e-03  -1.51947041e-06   8.08771936e-23   2.19807630e-05   8.13108026e-04   0.00000000e+00
 1.09600000e+01   6.00000000e-01   2.00000000e-01   0.00000000e+00  -1.01685459e-03  -1.51967648e-06   8.26927258e-24   2.19807561e-05   8.13108838e-04   0.00000000e+00
 1.09700000e+01   6.00000000e-01   2.00000000e-01   0.00000000e+00  -1.01685790e-03  -1.51939515e-06  -7.28448471e-24   2.19807493e-05   8.13109655e-04   0.00000000e+00
 1.09800000e+01   6.00000000e-01   2.00000000e-01   0.00000000e+00  -1.01686462e-03  -1.51986585e-06  -7.29261785e-23   2.19807434e-05   8.13110463e-04   0.00000000e+00
 1.09900000e+01   6.00000000e-01   2.00000000e-01   0.00000000e+00  -1.01686762e-03  -1.51930930e-06   8.42433203e-23   2.19807366e-05   8.13111249e-04   0.00000000e+00
 1.10000000e+01   6.00000000e-01   2.00000000e-01   0.00000000e+00  -1.01687420e-03  -1.51986624e-06  -2.47631320e-24   2.19807297e-05   8.13112045e-04   0.00000000e+00
 1.10100000e+01   6.00000000e-01   2.00000000e-01   0.00000000e+00  -1.01687734e-03  -1.51948338e-06  -6.01189781e-24   2.19807242e-05   8.13112834e-04   0.00000000e+00
 1.10200000e+01   6.00000000e-01   2.00000000e-01   0.00000000e+00  -1.01688340e-03  -1.51979449e-06   7.29670175e-24   2.19807176e-05   8.13113603e-04   0.00000000e+00
 1.10300000e+01   6.00000000e-01   2.00000000e-01   0.00000000e+00  -1.01688654e-03  -1.51954247e-06   5.52664907e-24   2.19807109e-05   8.13114374e-04   0.00000000e+00
 1.10400000e+01   6.00000000e-01   2.00000000e-01   0.00000000e+00  -1.01689305e-03  -1.51983519e-06   4.42779580e-24   2.19807053e-05   8.13115143e-04   0.00000000e+00
 1.10500000e+01   6.00000000e-01   2.00000000e-01   0.00000000e+00  -1.01689576e-03  -1.51961664e-06   5.16880650e-24   2.19806989e-05   8.13115894e-04   0.00000000e+00
 1.10600000e+01   6.00000000e-01   2.00000000e-01   0.00000000e+00  -1.01690221e-03  -1.51979364e-06   6.60641776e-23   2.19806924e-05   8.13116648e-04   0.00000000e+00
 1.10700000e+01   6.00000000e-01   2.00000000e-01   0.00000000e+00  -1.01690519e-03  -1.51971420e-06  -1.60606329e-24   2.19806870e-05   8.13117404e-04   0.00000000e+00
 1.10800000e+01   6.00000000e-01   2.00000000e-01   0.00000000e+00  -1.01691116e-03  -1.51983218e-06  -7.11183652e-24   2.19806804e-05   8.13118144e-04   0.00000000e+00
 1.10900000e+01   6.00000000e-01   2.00000000e-01   0.00000000e+00  -1.01691404e-03  -1.51972655e-06  -7.97046135e-23   2.19806741e-05   8.13118878e-04   0.00000000e+00
 1.11000000e+01   6.00000000e-01   2.00000000e-01   0.00000000e+00  -1.01692062e-03  -1.51985619e-06   8.76429261e-25   2.19806688e-05   8.13119611e-04   0.00000000e+00
 1.11100000e+01   6.00000000e-01   2.00000000e-01   0.00000000e+00  -1.01692302e-03  -1.51976623e-06   8.71806992e-23   2.19806626e-05   8.13120332e-04   0.00000000e+00
 1.11200000e+01   6.00000000e-01   2.00000000e-01   0.00000000e+00  -1.01692946e-03  -1.51987954e-06   8.40106590e-23   2.19806561e-05   8.13121049e-04   0.00000000e+00
 1.11300000e+01   6.00000000e-01   2.00000000e-01   0.00000000e+00  -1.01693208e-03  -1.51977078e-06  -8.79855615e-24   2.19806511e-05   8.13121770e-04   0.00000000e+00
 1.11400000e+01   6.00000000e-01   2.00000000e-01   0.00000000e+00  -1.01693806e-03  -1.51999732e-06  -3.18949746e-24   2.19806449e-05   8.13122472e-04   0.00000000e+00
 1.11500000e+01   6.00000000e-01   2.00000000e-01   0.00000000e+00  -1.01694093e-03  -1.51966115e-06   4.03434978e-24   2.19806387e-05   8.13123172e-04   0.00000000e+00
 1.11600000e+01   6.00000000e-01   2.00000000e-01   0.00000000e+00  -1.01694714e-03  -1.52014419e-06  -1.13445260e-24   2.19806334e-05   8.13123873e-04   0.00000000e+00
 1.11700000e+01   6.00000000e-01   2.00000000e-01   0.00000000e+00  -1.01694965e-03  -1.51966671e-06   8.11448132e-23   2.19806275e-05   8.13124549e-04   0.00000000e+00
 1.11800000e+01   6.00000000e-01   2.00000000e-01   0.00000000e+00  -1.01695574e-03  -1.52007444e-06   1.53076992e-23   2.19806214e-05   8.13125231e-04   0.00000000e+00
 1.11900000e+01   6.00000000e-01   2.00000000e-01   0.00000000e+00  -1.01695829e-03  -1.51985776e-06   6.08094123e-24   2.19806166e-05   8.13125914e-04   0.00000000e+00
 1.12000000e+01   6.00000000e-01   2.00000000e-01   0.00000000e+00  -1.01696425e-03  -1.51999680e-06   1.69893726e-22   2.19806105e-05   8.13126579e-04   0.00000000e+00
 1.12100000e+01   6.00000000e-01   2.00000000e-01   0.00000000e+00  -1.01696669e-03  -1.51993643e-06  -1.88502867e-24   2.19806045e-05   8.13127248e-04   0.00000000e+00
 1.12200000e+01   6.00000000e-01   2.00000000e-01   0.00000000e+00  -1.01697297e-03  -1.52007465e-06   7.53946080e-23   2.19805996e-05   8.13127909e-04   0.00000000e+00
 1.12300000e+01   6.00000000e-01   2.00000000e-01   0.00000000e+00  -1.01697510e-03  -1.51990037e-06  -1.64869106e-22   2.19805939e-05   8.13128553e-04   0.00000000e+00
 1.12400000e+01   6.00000000e-01   2.00000000e-01   0.00000000e+00  -1.01698118e-03  -1.52005464e-06  -5.77827234e-26   2.19805879e-05   8.13129213e-04   0.00000000e+00
 1.12500000e+01   6.00000000e-01   2.00000000e-01   0.00000000e+00  -1.01698351e-03  -1.52011050e-06  -2.87252850e-24   2.19805833e-05   8.13129867e-04   0.00000000e+00
 1.12600000e+01   6.00000000e-01   2.00000000e-01   0.00000000e+00  -1.01698914e-03  -1.51994497e-06  -8.60383871e-23   2.19805776e-05   8.13130500e-04   0.00000000e+00
 1.12700000e+01   6.00000000e-01   2.00000000e-01   0.00000000e+00  -1.01699154e-03  -1.52010449e-06   8.67416848e-23   2.19805719e-05   8.13131147e-04   0.00000000e+00
 1.12800000e+01   6.00000000e-01   2.00000000e-01   0.00000000e+00  -1.01699749e-03  -1.52012717e-06   7.80921110e-23   2.19805672e-05   8.13131779e-04   0.00000000e+00
 1.12900000e+01   6.00000000e-01   2.00000000e-01   0.00000000e+00  -1.01699957e-03  -1.51995203e-06   2.62526619e-24   2.19805617e-05   8.13132397e-04   0.00000000e+00
 1.13000000e+01   6.00000000e-01   2.00000000e-01   0.00000000e+00  -1.01700540e-03  -1.52021624e-06   8.55550507e-23   2.19805561e-05   8.13133022e-04   0.00000000e+00
 1.13100000e+01   6.00000000e-01   2.00000000e-01   0.00000000e+00  -1.01700738e-03  -1.52005096e-06   9.04113771e-24   2.19805519e-05   8.13133631e-04   0.00000000e+00
 1.13200000e+01   6.00000000e-01   2.00000000e-01   0.00000000e+00  -1.01701317e-03  -1.52011573e-06  -5.33643103e-24   2.19805463e-05   8.13134234e-04   0.00000000e+00
 1.13300000e+01   6.00000000e-01   2.00000000e-01   0.00000000e+00  -1.01701505e-03  -1.52017974e-06   5.72040251e-24   2.19805408e-05   8.13134839e-04   0.00000000e+00
 1.13400000e+01   6.00000000e-01   2.00000000e-01   0.00000000e+00  -1.01702103e-03  -1.52015861e-06  -7.46881854e-25   2.19805364e-05   8.13135432e-04   0.00000000e+00
 1.13500000e+01   6.00000000e-01   2.00000000e-01   0.00000000e+00  -1.01702274e-03  -1.52008886e-06  -2.84410881e-24   2.19805312e-05   8.13136031e-04   0.00000000e+00
 1.13600000e+01   6.00000000e-01   2.00000000e-01   0.00000000e+00  -1.01702837e-03  -1.52039311e-06   5.09119374e-24   2.19805259e-05   8.13136620e-04   0.00000000e+00
 1.13700000e+01   6.00000000e-01   2.00000000e-01   0.00000000e+00  -1.01703050e-03  -1.51986433e-06  -8.08346967e-23   2.19805217e-05   8.13137220e-04   0.00000000e+00
 1.13800000e+01   6.00000000e-01   2.00000000e-01   0.00000000e+00  -1.01703562e-03  -1.52067901e-06  -2.78929959e-24   2.19805163e-05   8.13137812e-04   0.00000000e+00
 1.13900000e+01   6.00000000e-01   2.00000000e-01   0.00000000e+00  -1.01703762e-03  -1.51981488e-06  -8.59498569e-23   2.19805113e-05   8.13138369e-04   0.00000000e+00
 1.14000000e+01   6.00000000e-01   2.00000000e-01   0.00000000e+00  -1.01704328e-03  -1.52049037e-06   8.20755623e-23   2.19805071e-05   8.13138944e-04   0.00000000e+00
 1.14100000e+01   6.00000000e-01   2.00000000e-01   0.00000000e+00  -1.01704495e-03  -1.52007825e-06   1.33818513e-24   2.19805020e-05   8.13139518e-04   0.00000000e+00
 1.14200000e+01   6.00000000e-01   2.00000000e-01   0.00000000e+00  -1.01705017e-03  -1.52042838e-06   5.60733743e-24   2.19804970e-05   8.13140078e-04   0.00000000e+00
 1.14300000e+01   6.00000000e-01   2.00000000e-01   0.00000000e+00  -1.01705222e-03  -1.52013782e-06   8.96258233e-23   2.19804932e-05   8.13140641e-04   0.00000000e+00
 1.14400000e+01   6.00000000e-01   2.00000000e-01   0.00000000e+00  -1.01705718e-03  -1.52040103e-06   1.16361906e-23   2.19804880e-05   8.13141190e-04   0.00000000e+00
 1.14500000e+01   6.00000000e-01   2.00000000e-01   0.00000000e+00  -1.01705893e-03  -1.52017219e-06  -4.42459176e-24   2.19804831e-05   8.13141735e-04   0.00000000e+00
 1.14600000e+01   6.00000000e-01   2.00000000e-01   0.00000000e+00  -1.01706426e-03  -1.52044518e-06  -2.59813682e-24   2.19804792e-05   8.13142288e-04   0.00000000e+00
 1.14700000e+01   6.00000000e-01   2.00000000e-01   0.00000000e+00  -1.01706574e-03  -1.52022956e-06  -7.73018910e-23   2.19804747e-05   8.13142817e-04   0.00000000e+00
 1.14800000e+01   6.00000000e-01   2.00000000e-01   0.00000000e+00  -1.01707103e-03  -1.52032396e-06  -5.27774993e-24   2.19804697e-05   8.13143353e-04   0.00000000e+00
 1.14900000e+01   6.00000000e-01   2.00000000e-01   0.00000000e+00  -1.01707247e-03  -1.52045364e-06  -6.37862897e-24   2.19804660e-05   8.13143895e-04   0.00000000e+00
 1.15000000e+01   6.00000000e-01   2.00000000e-01   0.00000000e+00  -1.01707733e-03  -1.52024844e-06  -1.41520267e-24   2.19804614e-05   8.13144407e-04   0.00000000e+00
 1.15100000e+01   6.00000000e-01   2.00000000e-01   0.00000000e+00  -1.01707889e-03  -1.52043282e-06  -8.72197508e-23   2.19804568e-05   8.13144926e-04   0.00000000e+00
 1.15200000e+01   6.00000000e-01   2.00000000e-01   0.00000000e+00  -1.01708437e-03  -1.52033200e-06  -6.89783536e-23   2.19804530e-05   8.13145453e-04   0.00000000e+00
 1.15300000e+01   6.00000000e-01   2.00000000e-01   0.00000000e+00  -1.01708517e-03  -1.52044858e-06  -8.17627114e-23   2.19804484e-05   8.13145962e-04   0.00000000e+00
 1.15400000e+01   6.00000000e-01   2.00000000e-01   0.00000000e+00  -1.01709027e-03  -1.52037281e-06   1.65475970e-22   2.19804441e-05   8.13146469e-04   0.00000000e+00
 1.15500000e+01   6.00000000e-01   2.00000000e-01   0.00000000e+00  -1.01709187e-03  -1.52044387e-06   1.06163216e-23   2.19804409e-05   8.13146972e-04   0.00000000e+00
 1.15600000e+01   6.00000000e-01   2.00000000e-01   0.00000000e+00  -1.01709642e-03  -1.52038083e-06   9.30431604e-23   2.19804360e-05   8.13147464e-04   0.00000000e+00
 1.15700000e+01   6.00000000e-01   2.00000000e-01   0.00000000e+00  -1.01709771e-03  -1.52047872e-06   2.27875361e-24   2.19804315e-05   8.13147962e-04   0.00000000e+00
 1.15800000e+01   6.00000000e-01   2.00000000e-01   0.00000000e+00  -1.01710269e-03  -1.52040050e-06  -7.19580495e-26   2.19804284e-05   8.13148463e-04   0.00000000e+00
 1.15900000e+01   6.00000000e-01   2.00000000e-01   0.00000000e+00  -1.01710386e-03  -1.52055019e-06  -3.13173197e-24   2.19804244e-05   8.13148950e-04   0.00000000e+00
 1.16000000e+01   6.00000000e-01   2.00000000e-01   0.00000000e+00  -1.01710850e-03  -1.52037689e-06  -2.41256170e-24   2.19804198e-05   8.13149425e-04   0.00000000e+00
 1.16100000e+01   6.00000000e-01   2.00000000e-01   0.00000000e+00  -1.01710986e-03  -1.52050832e-06  -4.63893486e-24   2.19804165e-05   8.13149907e-04   0.00000000e+00
 1.16200000e+01   6.00000000e-01   2.00000000e-01   0.00000000e+00  -1.01711421e-03  -1.52054194e-06  -7.07646926e-24   2.19804123e-05   8.13150371e-04   0.00000000e+00
 1.16300000e+01   6.00000000e-01   2.00000000e-01   0.00000000e+00  -1.01711541e-03  -1.52035149e-06   4.14543880e-24   2.19804084e-05   8.13150838e-04   0.00000000e+00
 1.16400000e+01   6.00000000e-01   2.00000000e-01   0.00000000e+00  -1.01712024e-03  -1.52073018e-06   3.42121809e-24   2.19804051e-05   8.13151313e-04   0.00000000e+00
 1.16500000e+01   6.00000000e-01   2.00000000e-01   0.00000000e+00  -1.01712104e-03  -1.52031479e-06  -2.60482027e-24   2.19804010e-05   8.13151769e-04   0.00000000e+00
 1.16600000e+01   6.00000000e-01   2.00000000e-01   0.00000000e+00  -1.01712576e-03  -1.52070090e-06  -7.88381009e-24   2.19803968e-05   8.13152229e-04   0.00000000e+00
 1.16700000e+01   6.00000000e-01   2.00000000e-01   0.00000000e+00  -1.01712679e-03  -1.52042447e-06  -2.10159792e-24   2.19803941e-05   8.13152693e-04   0.00000000e+00
 1.16800000e+01   6.00000000e-01   2.00000000e-01   0.00000000e+00  -1.01713095e-03  -1.52065385e-06  -8.56202991e-23   2.19803901e-05   8.13153139e-04   0.00000000e+00
 1.16900000e+01   6.00000000e-01   2.00000000e-01   0.00000000e+00  -1.01713195e-03  -1.52048675e-06  -8.99689571e-25   2.19803861e-05   8.13153581e-04   0.00000000e+00
 1.17000000e+01   6.00000000e-01   2.00000000e-01   0.00000000e+00  -1.01713665e-03  -1.52060128e-06   8.84404515e-23   2.19803831e-05   8.13154030e-04   0.00000000e+00
 1.17100000e+01   6.00000000e-01   2.00000000e-01   0.00000000e+00  -1.01713727e-03  -1.52059570e-06  -6.86590158e-23   2.19803794e-05   8.13154463e-04   0.00000000e+00
 1.17200000e+01   6.00000000e-01   2.00000000e-01   0.00000000e+00  -1.01714168e-03  -1.52054304e-06  -8.44661513e-23   2.19803755e-05   8.13154896e-04   0.00000000e+00
 1.17300000e+01   6.00000000e-01   2.00000000e-01   0.00000000e+00  -1.01714254e-03  -1.52064537e-06  -2.28535934e-25   2.19803729e-05   8.13155338e-04   0.00000000e+00
 1.17400000e+01   6.00000000e-01   2.00000000e-01   0.00000000e+00  -1.01714666e-03  -1.52060772e-06   5.52172535e-24   2.19803690e-05   8.13155761e-04   0.00000000e+00
 1.17500000e+01   6.00000000e-01   2.00000000e-01   0.00000000e+00  -1.01714738e-03  -1.52059728e-06   8.98495306e-23   2.19803653e-05   8.13156182e-04   0.00000000e+00
 1.17600000e+01   6.00000000e-01   2.00000000e-01   0.00000000e+00  -1.01715194e-03  -1.52065119e-06  -7.97051318e-23   2.19803625e-05   8.13156607e-04   0.00000000e+00
 1.17700000e+01   6.00000000e-01   2.00000000e-01   0.00000000e+00  -1.01715236e-03  -1.52060864e-06  -7.80516740e-23   2.19803590e-05   8.13157021e-04   0.00000000e+00
 1.17800000e+01   6.00000000e-01   2.00000000e-01   0.00000000e+00  -1.01715663e-03  -1.52068521e-06  -8.10733883e-23   2.19803553e-05   8.13157435e-04   0.00000000e+00
 1.17900000e+01   6.00000000e-01   2.00000000e-01   0.00000000e+00  -1.01715733e-03  -1.52060681e-06  -1.54153880e-23   2.19803529e-05   8.13157851e-04   0.00000000e+00
 1.18000000e+01   6.00000000e-01   2.00000000e-01   0.00000000e+00  -1.01716124e-03  -1.52073670e-06   1.60337011e-22   2.19803493e-05   8.13158253e-04   0.00000000e+00
 1.18100000e+01   6.00000000e-01   2.00000000e-01   0.00000000e+00  -1.01716189e-03  -1.52055601e-06   7.16021595e-25   2.19803457e-05   8.13158656e-04   0.00000000e+00
 1.18200000e+01   6.00000000e-01   2.00000000e-01   0.00000000e+00  -1.01716617e-03  -1.52084063e-06   8.30823653e-24   2.19803432e-05   8.13159061e-04   0.00000000e+00
 1.18300000e+01   6.00000000e-01   2.00000000e-01   0.00000000e+00  -1.01716653e-03  -1.52053923e-06   5.04651745e-24   2.19803399e-05   8.13159448e-04   0.00000000e+00
 1.18400000e+01   6.00000000e-01   2.00000000e-01   0.00000000e+00  -1.01717071e-03  -1.52075740e-06  -1.15017983e-23   2.19803363e-05   8.13159847e-04   0.00000000e+00
 1.18500000e+01   6.00000000e-01   2.00000000e-01   0.00000000e+00  -1.01717093e-03  -1.52076703e-06   8.38710240e-23   2.19803342e-05   8.13160242e-04   0.00000000e+00
 1.18600000e+01   6.00000000e-01   2.00000000e-01   0.00000000e+00  -1.01717507e-03  -1.52057375e-06  -2.55837218e-24   2.19803308e-05   8.13160623e-04   0.00000000e+00
 1.18700000e+01   6.00000000e-01   2.00000000e-01   0.00000000e+00  -1.01717526e-03  -1.52087925e-06   1.76669116e-22   2.19803274e-05   8.13161012e-04   0.00000000e+00
 1.18800000e+01   6.00000000e-01   2.00000000e-01   0.00000000e+00  -1.01717948e-03  -1.52059975e-06   8.02778301e-23   2.19803251e-05   8.13161395e-04   0.00000000e+00
 1.18900000e+01   6.00000000e-01   2.00000000e-01   0.00000000e+00  -1.01717947e-03  -1.52084066e-06   8.69702516e-23   2.19803221e-05   8.13161768e-04   0.00000000e+00
 1.19000000e+01   6.00000000e-01   2.00000000e-01   0.00000000e+00  -1.01718361e-03  -1.52067925e-06  -2.55961491e-24   2.19803188e-05   8.13162139e-04   0.00000000e+00
 1.19100000e+01   6.00000000e-01   2.00000000e-01   0.00000000e+00  -1.01718392e-03  -1.52075767e-06   1.69516041e-24   2.19803166e-05   8.13162518e-04   0.00000000e+00
 1.19200000e+01   6.00000000e-01   2.00000000e-01   0.00000000e+00  -1.01718743e-03  -1.52089992e-06   3.02322361e-24   2.19803133e-05   8.13162873e-04   0.00000000e+00
 1.19300000e+01   6.00000000e-01   2.00000000e-01   0.00000000e+00  -1.01718784e-03  -1.52047235e-06   7.41671154e-23   2.19803103e-05   8.13163241e-04   0.00000000e+00
 1.19400000e+01   6.00000000e-01   2.00000000e-01   0.00000000e+00  -1.01719177e-03  -1.52120444e-06  -9.79372717e-23   2.19803082e-05   8.13163612e-04   0.00000000e+00
 1.19500000e+01   6.00000000e-01   2.00000000e-01   0.00000000e+00  -1.01719180e-03  -1.52031348e-06   9.23888130e-23   2.19803052e-05   8.13163971e-04   0.00000000e+00
 1.19600000e+01   6.00000000e-01   2.00000000e-01   0.00000000e+00  -1.01719546e-03  -1.52133138e-06   1.45850814e-24   2.19803020e-05   8.13164322e-04   0.00000000e+00
 1.19700000e+01   6.00000000e-01   2.00000000e-01   0.00000000e+00  -1.01719580e-03  -1.52015828e-06   8.04922599e-23   2.19803002e-05   8.13164682e-04   0.00000000e+00
 1.19800000e+01   6.00000000e-01   2.00000000e-01   0.00000000e+00  -1.01719929e-03  -1.52145722e-06   8.45093183e-23   2.19802972e-05   8.13165040e-04   0.00000000e+00
 1.19900000e+01   6.00000000e-01   2.00000000e-01   0.00000000e+00  -1.01719903e-03  -1.52025669e-06   4.08437873e-25   2.19802944e-05   8.13165371e-04   0.00000000e+00
 1.20000000e+01   6.00000000e-01   2.00000000e-01   0.00000000e+00  -1.01720330e-03  -1.52117831e-06   1.62076089e-22   2.19802924e-05   8.13165719e-04   0.00000000e+00
 1.20100000e+01   6.00000000e-01   2.00000000e-01   0.00000000e+00  -1.01720327e-03  -1.52059969e-06  -1.63745235e-24   2.19802894e-05   8.13166051e-04   0.00000000e+00
 1.20200000e+01   6.00000000e-01   2.00000000e-01   0.00000000e+00  -1.01720617e-03  -1.52095717e-06  -2.43173319e-25   2.19802866e-05   8.13166374e-04   0.00000000e+00
 1.20300000e+01   6.00000000e-01   2.00000000e-01   0.00000000e+00  -1.01720709e-03  -1.52069893e-06   7.99698623e-23   2.19802851e-05   8.13166716e-04   0.00000000e+00
 1.20400000e+01   6.00000000e-01   2.00000000e-01   0.00000000e+00  -1.01720983e-03  -1.52101451e-06   8.14412745e-23   2.19802822e-05   8.13167042e-04   0.00000000e+00
 1.20500000e+01   6.00000000e-01   2.00000000e-01   0.00000000e+00  -1.01720996e-03  -1.52067647e-06   9.99533789e-24   2.19802794e-05   8.13167365e-04   0.00000000e+00
 1.20600000e+01   6.00000000e-01   2.00000000e-01   0.00000000e+00  -1.01721372e-03  -1.52101766e-06   8.45466274e-23   2.19802775e-05   8.13167699e-04   0.00000000e+00
 1.20700000e+01   6.00000000e-01   2.00000000e-01   0.00000000e+00  -1.01721337e-03  -1.52076902e-06   7.04073731e-24   2.19802752e-05   8.13168010e-04   0.00000000e+00
 1.20800000e+01   6.00000000e-01   2.00000000e-01   0.00000000e+00  -1.01721676e-03  -1.52088541e-06  -8.34747777e-23   2.19802724e-05   8.13168327e-04   0.00000000e+00
 1.20900000e+01   6.00000000e-01   2.00000000e-01   0.00000000e+00  -1.01721685e-03  -1.52091564e-06  -7.93591045e-23   2.19802708e-05   8.13168652e-04   0.00000000e+00
 1.21000000e+01   6.00000000e-01   2.00000000e-01   0.00000000e+00  -1.01721991e-03  -1.52082295e-06  -7.97667790e-23   2.19802681e-05   8.13168961e-04   0.00000000e+00
 1.21100000e+01   6.00000000e-01   2.00000000e-01   0.00000000e+00  -1.01721972e-03  -1.52095084e-06  -9.59470189e-24   2.19802656e-05   8.13169274e-04   0.00000000e+00
 1.21200000e+01   6.00000000e-01   2.00000000e-01   0.00000000e+00  -1.01722330e-03  -1.52086202e-06  -1.19821066e-23   2.19802641e-05   8.13169583e-04   0.00000000e+00
 1.21300000e+01   6.00000000e-01   2.00000000e-01   0.00000000e+00  -1.01722288e-03  -1.52086515e-06  -8.68352023e-23   2.19802617e-05   8.13169883e-04   0.00000000e+00
 1.21400000e+01   6.00000000e-01   2.00000000e-01   0.00000000e+00  -1.01722618e-03  -1.52099792e-06  -8.30675709e-23   2.19802589e-05   8.13170179e-04   0.00000000e+00
 1.21500000e+01   6.00000000e-01   2.00000000e-01   0.00000000e+00  -1.01722597e-03  -1.52074013e-06  -4.28120577e-24   2.19802577e-05   8.13170484e-04   0.00000000e+00
 1.21600000e+01   6.00000000e-01   2.00000000e-01   0.00000000e+00  -1.01722896e-03  -1.52116844e-06  -2.99106019e-24   2.19802553e-05   8.13170772e-04   0.00000000e+00
 1.21700000e+01   6.00000000e-01   2.00000000e-01   0.00000000e+00  -1.01722870e-03  -1.52060076e-06   8.83747154e-23   2.19802528e-05   8.13171065e-04   0.00000000e+00
 1.21800000e+01   6.00000000e-01   2.00000000e-01   0.00000000e+00  -1.01723206e-03  -1.52126809e-06   1.67759356e-22   2.19802514e-05   8.13171368e-04   0.00000000e+00
 1.21900000e+01   6.00000000e-01   2.00000000e-01   0.00000000e+00  -1.01723162e-03  -1.52066015e-06  -8.45042746e-24   2.19802491e-05   8.13171650e-04   0.00000000e+00
 1.22000000e+01   6.00000000e-01   2.00000000e-01   0.00000000e+00  -1.01723463e-03  -1.52113786e-06  -1.68006277e-25   2.19802468e-05   8.13171937e-04   0.00000000e+00
 1.22100000e+01   6.00000000e-01   2.00000000e-01   0.00000000e+00  -1.01723438e-03  -1.52080281e-06   7.61210113e-23   2.19802456e-05   8.13172224e-04   0.00000000e+00
 1.22200000e+01   6.00000000e-01   2.00000000e-01   0.00000000e+00  -1.01723722e-03  -1.52104321e-06   4.26783332e-24   2.19802432e-05   8.13172506e-04   0.00000000e+00
 1.22300000e+01   6.00000000e-01   2.00000000e-01   0.00000000e+00  -1.01723681e-03  -1.52089637e-06   1.81076495e-23   2.19802410e-05   8.13172787e-04   0.00000000e+00
 1.22400000e+01   6.00000000e-01   2.00000000e-01   0.00000000e+00  -1.01724002e-03  -1.52101409e-06   8.21171950e-23   2.19802398e-05   8.13173069e-04   0.00000000e+00
 1.22500000e+01   6.00000000e-01   2.00000000e-01   0.00000000e+00  -1.01723943e-03  -1.52092422e-06  -8.29622120e-23   2.19802377e-05   8.13173340e-04   0.00000000e+00
 1.22600000e+01   6.00000000e-01   2.00000000e-01   0.00000000e+00  -1.01724238e-03  -1.52099677e-06  -1.02426425e-23   2.19802354e-05   8.13173607e-04   0.00000000e+00
 1.22700000e+01   6.00000000e-01   2.00000000e-01   0.00000000e+00  -1.01724197e-03  -1.52094247e-06  -2.09413163e-24   2.19802344e-05   8.13173886e-04   0.00000000e+00
 1.22800000e+01   6.00000000e-01   2.00000000e-01   0.00000000e+00  -1.01724471e-03  -1.52106639e-06   1.81938471e-24   2.19802322e-05   8.13174147e-04   0.00000000e+00
 1.22900000e+01   6.00000000e-01   2.00000000e-01   0.00000000e+00  -1.01724410e-03  -1.52083008e-06  -4.48646776e-24   2.19802301e-05   8.13174417e-04   0.00000000e+00
 1.23000000e+01   6.00000000e-01   2.00000000e-01   0.00000000e+00  -1.01724724e-03  -1.52121520e-06   1.59115284e-22   2.19802290e-05   8.13174694e-04   0.00000000e+00
 1.23100000e+01   6.00000000e-01   2.00000000e-01   0.00000000e+00  -1.01724647e-03  -1.52077872e-06   8.64154790e-23   2.19802271e-05   8.13174948e-04   0.00000000e+00
 1.23200000e+01   6.00000000e-01   2.00000000e-01   0.00000000e+00  -1.01724930e-03  -1.52118034e-06   8.30519507e-23   2.19802249e-05   8.13175210e-04   0.00000000e+00
 1.23300000e+01   6.00000000e-01   2.00000000e-01   0.00000000e+00  -1.01724882e-03  -1.52084321e-06   9.78034217e-23   2.19802240e-05   8.13175472e-04   0.00000000e+00
 1.23400000e+01   6.00000000e-01   2.00000000e-01   0.00000000e+00  -1.01725135e-03  -1.52115055e-06  -3.59020657e-24   2.19802220e-05   8.13175723e-04   0.00000000e+00
 1.23500000e+01   6.00000000e-01   2.00000000e-01   0.00000000e+00  -1.01725069e-03  -1.52087418e-06   9.25943768e-23   2.19802201e-05   8.13175975e-04   0.00000000e+00
 1.23600000e+01   6.00000000e-01   2.00000000e-01   0.00000000e+00  -1.01725368e-03  -1.52112364e-06   8.03513131e-23   2.19802191e-05   8.13176232e-04   0.00000000e+00
 1.23700000e+01   6.00000000e-01   2.00000000e-01   0.00000000e+00  -1.01725279e-03  -1.52093871e-06   7.15325060e-24   2.19802173e-05   8.13176477e-04   0.00000000e+00
 1.23800000e+01   6.00000000e-01   2.00000000e-01   0.00000000e+00  -1.01725555e-03  -1.52105104e-06  -7.77975187e-23   2.19802153e-05   8.13176723e-04   0.00000000e+00
 1.23900000e+01   6.00000000e-01   2.00000000e-01   0.00000000e+00  -1.01725482e-03  -1.52104546e-06  -7.48042308e-23   2.19802147e-05   8.13176970e-04   0.00000000e+00
 1.24000000e+01   6.00000000e-01   2.00000000e-01   0.00000000e+00  -1.01725729e-03  -1.52099964e-06   7.54095815e-23   2.19802128e-05   8.13177199e-04   0.00000000e+00
 1.24100000e+01   6.00000000e-01   2.00000000e-01   0.00000000e+00  -1.01725668e-03  -1.52094522e-06  -8.94935078e-23   2.19802109e-05   8.13177448e-04   0.00000000e+00
 1.24200000e+01   6.00000000e-01   2.00000000e-01   0.00000000e+00  -1.01725922e-03  -1.52134225e-06   8.91260007e-24   2.19802101e-05   8.13177682e-04   0.00000000e+00
 1.24300000e+01   6.00000000e-01   2.00000000e-01   0.00000000e+00  -1.01725851e-03  -1.52054649e-06   1.67444483e-22   2.19802085e-05   8.13177912e-04   0.00000000e+00
 1.24400000e+01   6.00000000e-01   2.00000000e-01   0.00000000e+00  -1.01726101e-03  -1.52162519e-06   8.22609945e-23   2.19802066e-05   8.13178155e-04   0.00000000e+00
 1.24500000e+01   6.00000000e-01   2.00000000e-01   0.00000000e+00  -1.01726021e-03  -1.52051288e-06  -8.80286217e-23   2.19802061e-05   8.13178382e-04   0.00000000e+00
 1.24600000e+01   6.00000000e-01   2.00000000e-01   0.00000000e+00  -1.01726256e-03  -1.52147796e-06   1.80044399e-24   2.19802043e-05   8.13178616e-04   0.00000000e+00
 1.24700000e+01   6.00000000e-01   2.00000000e-01   0.00000000e+00  -1.01726166e-03  -1.52076159e-06   8.11414738e-23   2.19802027e-05   8.13178842e-04   0.00000000e+00
 1.24800000e+01   6.00000000e-01   2.00000000e-01   0.00000000e+00  -1.01726442e-03  -1.52123979e-06  -4.91233598e-24   2.19802020e-05   8.13179068e-04   0.00000000e+00
 1.24900000e+01   6.00000000e-01   2.00000000e-01   0.00000000e+00  -1.01726332e-03  -1.52098300e-06   4.76023432e-24   2.19802004e-05   8.13179285e-04   0.00000000e+00
 1.25000000e+01   6.00000000e-01   2.00000000e-01   0.00000000e+00  -1.01726585e-03  -1.52099696e-06   8.03105407e-23   2.19801987e-05   8.13179511e-04   0.00000000e+00
 1.25100000e+01   6.00000000e-01   2.00000000e-01   0.00000000e+00  -1.01726491e-03  -1.52126074e-06  -3.42307023e-24   2.19801983e-05   8.13179733e-04   0.00000000e+00
 1.25200000e+01   6.00000000e-01   2.00000000e-01   0.00000000e+00  -1.01726703e-03  -1.51892616e-06   2.86726679e-24   2.19801959e-05   8.13180317e-04   0.00000000e+00
 1.25300000e+01   6.00000000e-01   2.00000000e-01   0.00000000e+00  -1.01726582e-03  -1.52722840e-06   8.35572932e-23   2.19801951e-05   8.13180442e-04   0.00000000e+00
 1.25400000e+01   6.00000000e-01   2.00000000e-01   0.00000000e+00  -1.01726965e-03  -1.51312418e-06  -7.60467014e-23   2.19801948e-05   8.13180266e-04   0.00000000e+00
 1.25500000e+01   6.00000000e-01   2.00000000e-01   0.00000000e+00  -1.01726699e-03  -1.52776501e-06   5.17467583e-24   2.19801921e-05   8.13180594e-04   0.00000000e+00
 1.25600000e+01   6.00000000e-01   2.00000000e-01   0.00000000e+00  -1.01726947e-03  -1.51647012e-06   7.97734529e-23   2.19801918e-05   8.13180789e-04   0.00000000e+00
 1.25700000e+01   6.00000000e-01   2.00000000e-01   0.00000000e+00  -1.01726950e-03  -1.52376404e-06  -4.32004802e-24   2.19801921e-05   8.13181032e-04   0.00000000e+00
 1.25800000e+01   6.00000000e-01   2.00000000e-01   0.00000000e+00  -1.01727125e-03  -1.51836847e-06  -8.51656205e-23   2.19801883e-05   8.13181626e-04   0.00000000e+00
 1.25900000e+01   6.00000000e-01   2.00000000e-01   0.00000000e+00  -1.01726924e-03  -1.52626119e-06  -9.33284726e-24   2.19801866e-05   8.13181798e-04   0.00000000e+00
 1.26000000e+01   6.00000000e-01   2.00000000e-01   0.00000000e+00  -1.01727267e-03  -1.51670808e-06  -6.66906898e-24   2.19801895e-05   8.13181362e-04   0.00000000e+00
 1.26100000e+01   6.00000000e-01   2.00000000e-01   0.00000000e+00  -1.01727027e-03  -1.52100409e-06   1.10834973e-24   2.19801897e-05   8.13181555e-04   0.00000000e+00
 1.26200000e+01   6.00000000e-01   2.00000000e-01   0.00000000e+00  -1.01727362e-03  -1.52269239e-06   6.74764717e-24   2.19801852e-05   8.13182138e-04   0.00000000e+00
 1.26300000e+01   6.00000000e-01   2.00000000e-01   0.00000000e+00  -1.01727248e-03  -1.52065677e-06  -8.33943050e-23   2.19801830e-05   8.13182168e-04   0.00000000e+00
 1.26400000e+01   6.00000000e-01   2.00000000e-01   0.00000000e+00  -1.01727489e-03  -1.51915830e-06  -7.39716457e-23   2.19801825e-05   8.13182461e-04   0.00000000e+00
 1.26500000e+01   6.00000000e-01   2.00000000e-01   0.00000000e+00  -1.01727220e-03  -1.52610651e-06  -7.72765039e-23   2.19801822e-05   8.13182912e-04   0.00000000e+00
 1.26600000e+01   6.00000000e-01   2.00000000e-01   0.00000000e+00  -1.01727529e-03  -1.51672418e-06  -9.19519030e-23   2.19801829e-05   8.13182889e-04   0.00000000e+00
 1.26700000e+01   6.00000000e-01   2.00000000e-01   0.00000000e+00  -1.01727392e-03  -1.52294294e-06   1.41360815e-24   2.19801813e-05   8.13183093e-04   0.00000000e+00
 1.26800000e+01   6.00000000e-01   2.00000000e-01   0.00000000e+00  -1.01727634e-03  -1.52167562e-06  -8.02428536e-24   2.19801782e-05   8.13183426e-04   0.00000000e+00
 1.26900000e+01   6.00000000e-01   2.00000000e-01   0.00000000e+00  -1.01727515e-03  -1.51829247e-06   8.79246988e-23   2.19801785e-05   8.13183656e-04   0.00000000e+00
 1.27000000e+01   6.00000000e-01   2.00000000e-01   0.00000000e+00  -1.01727652e-03  -1.52394916e-06  -8.62508160e-23   2.19801784e-05   8.13183945e-04   0.00000000e+00
 1.27100000e+01   6.00000000e-01   2.00000000e-01   0.00000000e+00  -1.01727554e-03  -1.52087745e-06   1.76467344e-22   2.19801772e-05   8.13183982e-04   0.00000000e+00
 1.27200000e+01   6.00000000e-01   2.00000000e-01   0.00000000e+00  -1.01727798e-03  -1.51882829e-06   8.65119581e-23   2.19801774e-05   8.13183834e-04   0.00000000e+00
 1.27300000e+01   6.00000000e-01   2.00000000e-01   0.00000000e+00  -1.01727557e-03  -1.52347610e-06  -7.69971466e-23   2.19801773e-05   8.13183787e-04   0.00000000e+00
 1.27400000e+01   6.00000000e-01   2.00000000e-01   0.00000000e+00  -1.01727902e-03  -1.51761360e-06   9.21412575e-23   2.19801758e-05   8.13184147e-04   0.00000000e+00
 1.27500000e+01   6.00000000e-01   2.00000000e-01   0.00000000e+00  -1.01727741e-03  -1.52576246e-06   1.31253046e-24   2.19801747e-05   8.13184226e-04   0.00000000e+00
 1.27600000e+01   6.00000000e-01   2.00000000e-01   0.00000000e+00  -1.01727871e-03  -1.51618121e-06  -5.93259809e-24   2.19801732e-05   8.13184345e-04   0.00000000e+00
 1.27700000e+01   6.00000000e-01   2.00000000e-01   0.00000000e+00  -1.01727751e-03  -1.52642200e-06   5.85592395e-24   2.19801732e-05   8.13184843e-04   0.00000000e+00
 1.27800000e+01   6.00000000e-01   2.00000000e-01   0.00000000e+00  -1.01727984e-03  -1.51762699e-06   2.95544328e-24   2.19801734e-05   8.13184956e-04   0.00000000e+00
 1.27900000e+01   6.00000000e-01   2.00000000e-01   0.00000000e+00  -1.01727830e-03  -1.52246602e-06  -5.61902782e-24   2.19801699e-05   8.13185367e-04   0.00000000e+00
 1.28000000e+01   6.00000000e-01   2.00000000e-01   0.00000000e+00  -1.01727964e-03  -1.52312791e-06   8.05753624e-23   2.19801690e-05   8.13185444e-04   0.00000000e+00
 1.28100000e+01   6.00000000e-01   2.00000000e-01   0.00000000e+00  -1.01727955e-03  -1.51627700e-06   5.37786405e-24   2.19801716e-05   8.13185524e-04   0.00000000e+00
 1.28200000e+01   6.00000000e-01   2.00000000e-01   0.00000000e+00  -1.01728002e-03  -1.52724355e-06  -7.85614470e-24   2.19801700e-05   8.13185936e-04   0.00000000e+00
 1.28300000e+01   6.00000000e-01   2.00000000e-01   0.00000000e+00  -1.01727955e-03  -1.51519240e-06   8.82334423e-25   2.19801675e-05   8.13185890e-04   0.00000000e+00
 1.28400000e+01   6.00000000e-01   2.00000000e-01   0.00000000e+00  -1.01728117e-03  -1.52512274e-06   5.45427660e-25   2.19801677e-05   8.13185977e-04   0.00000000e+00
 1.28500000e+01   6.00000000e-01   2.00000000e-01   0.00000000e+00  -1.01727994e-03  -1.51825945e-06  -7.96287204e-23   2.19801678e-05   8.13186121e-04   0.00000000e+00
 1.28600000e+01   6.00000000e-01   2.00000000e-01   0.00000000e+00  -1.01728101e-03  -1.52250621e-06  -8.49123816e-23   2.19801673e-05   8.13186289e-04   0.00000000e+00
 1.28700000e+01   6.00000000e-01   2.00000000e-01   0.00000000e+00  -1.01728058e-03  -1.52182572e-06  -3.05994855e-24   2.19801671e-05   8.13186348e-04   0.00000000e+00
 1.28800000e+01   6.00000000e-01   2.00000000e-01   0.00000000e+00  -1.01728165e-03  -1.51886329e-06   4.20858860e-26   2.19801657e-05   8.13186552e-04   0.00000000e+00
 1.28900000e+01   6.00000000e-01   2.00000000e-01   0.00000000e+00  -1.01728036e-03  -1.52452548e-06   2.46980609e-24   2.19801654e-05   8.13186770e-04   0.00000000e+00
 1.29000000e+01   6.00000000e-01   2.00000000e-01   0.00000000e+00  -1.01728266e-03  -1.51743532e-06  -8.30143957e-23   2.19801658e-05   8.13186765e-04   0.00000000e+00
 1.29100000e+01   6.00000000e-01   2.00000000e-01   0.00000000e+00  -1.01728032e-03  -1.52408897e-06  -7.71775912e-23   2.19801646e-05   8.13186970e-04   0.00000000e+00
 1.29200000e+01   6.00000000e-01   2.00000000e-01   0.00000000e+00  -1.01728254e-03  -1.51904544e-06  -9.03138314e-23   2.19801632e-05   8.13187119e-04   0.00000000e+00
 1.29300000e+01   6.00000000e-01   2.00000000e-01   0.00000000e+00  -1.01728091e-03  -1.52251841e-06   8.09197901e-23   2.19801638e-05   8.13187306e-04   0.00000000e+00
 1.29400000e+01   6.00000000e-01   2.00000000e-01   0.00000000e+00  -1.01728282e-03  -1.52133631e-06  -1.39962856e-23   2.19801636e-05   8.13187385e-04   0.00000000e+00
 1.29500000e+01   6.00000000e-01   2.00000000e-01   0.00000000e+00  -1.01728170e-03  -1.51909624e-06  -8.69283553e-23   2.19801614e-05   8.13187665e-04   0.00000000e+00
 1.29600000e+01   6.00000000e-01   2.00000000e-01   0.00000000e+00  -1.01728260e-03  -1.52497198e-06  -5.36601818e-24   2.19801605e-05   8.13188046e-04   0.00000000e+00
 1.29700000e+01   6.00000000e-01   2.00000000e-01   0.00000000e+00  -1.01728168e-03  -1.51813115e-06   6.19067802e-24   2.19801617e-05   8.13187848e-04   0.00000000e+00
 1.29800000e+01   6.00000000e-01   2.00000000e-01   0.00000000e+00  -1.01728308e-03  -1.52069808e-06   1.14819031e-23   2.19801610e-05   8.13188281e-04   0.00000000e+00
 1.29900000e+01   6.00000000e-01   2.00000000e-01   0.00000000e+00  -1.01728124e-03  -1.52574128e-06   2.45231939e-24   2.19801597e-05   8.13188620e-04   0.00000000e+00
 1.30000000e+01   6.00000000e-01   2.00000000e-01   0.00000000e+00  -1.01728360e-03  -1.51552712e-06   1.00703725e-23   2.19801595e-05   8.13188198e-04   0.00000000e+00
 1.30100000e+01   6.00000000e-01   2.00000000e-01   0.00000000e+00  -1.01728144e-03  -1.52424220e-06  -7.86550618e-23   2.19801601e-05   8.13188435e-04   0.00000000e+00
 1.30200000e+01   6.00000000e-01   2.00000000e-01   0.00000000e+00  -1.01728320e-03  -1.52042179e-06   7.80491927e-23   2.19801609e-05   8.13188628e-04   0.00000000e+00
 1.30300000e+01   6.00000000e-01   2.00000000e-01   0.00000000e+00  -1.01728241e-03  -1.51977043e-06  -3.61134511e-24   2.19801595e-05   8.13188601e-04   0.00000000e+00
 1.30400000e+01   6.00000000e-01   2.00000000e-01   0.00000000e+00  -1.01728248e-03  -1.52388105e-06  -9.87498448e-24   2.19801585e-05   8.13188643e-04   0.00000000e+00
 1.30500000e+01   6.00000000e-01   2.00000000e-01   0.00000000e+00  -1.01728292e-03  -1.51742859e-06  -8.03876187e-23   2.19801592e-05   8.13188749e-04   0.00000000e+00
 1.30600000e+01   6.00000000e-01   2.00000000e-01   0.00000000e+00  -1.01728241e-03  -1.52488503e-06  -6.47722857e-24   2.19801593e-05   8.13188911e-04   0.00000000e+00
 1.30700000e+01   6.00000000e-01   2.00000000e-01   0.00000000e+00  -1.01728232e-03  -1.51858174e-06   2.29912284e-24   2.19801581e-05   8.13189002e-04   0.00000000e+00
 1.30800000e+01   6.00000000e-01   2.00000000e-01   0.00000000e+00  -1.01728379e-03  -1.52274074e-06  -9.16339881e-24   2.19801560e-05   8.13189442e-04   0.00000000e+00
 1.30900000e+01   6.00000000e-01   2.00000000e-01   0.00000000e+00  -1.01728177e-03  -1.52215547e-06  -3.64711716e-24   2.19801567e-05   8.13189458e-04   0.00000000e+00
 1.31000000e+01   6.00000000e-01   2.00000000e-01   0.00000000e+00  -1.01728380e-03  -1.51848495e-06   8.37660652e-23   2.19801572e-05   8.13189622e-04   0.00000000e+00
 1.31100000e+01   6.00000000e-01   2.00000000e-01   0.00000000e+00  -1.01728210e-03  -1.52491210e-06  -3.56739739e-24   2.19801562e-05   8.13190056e-04   0.00000000e+00
 1.31200000e+01   6.00000000e-01   2.00000000e-01   0.00000000e+00  -1.01728349e-03  -1.51849848e-06  -8.09227514e-23   2.19801545e-05   8.13189922e-04   0.00000000e+00
 1.31300000e+01   6.00000000e-01   2.00000000e-01   0.00000000e+00  -1.01728237e-03  -1.52136825e-06  -8.39778840e-23   2.19801530e-05   8.13190272e-04   0.00000000e+00
 1.31400000e+01   6.00000000e-01   2.00000000e-01   0.00000000e+00  -1.01728346e-03  -1.52337222e-06   6.56603685e-24   2.19801554e-05   8.13190400e-04   0.00000000e+00
 1.31500000e+01   6.00000000e-01   2.00000000e-01   0.00000000e+00  -1.01728274e-03  -1.51690295e-06   7.72766115e-23   2.19801560e-05   8.13190398e-04   0.00000000e+00
 1.31600000e+01   6.00000000e-01   2.00000000e-01   0.00000000e+00  -1.01728247e-03  -1.52625651e-06   8.61976979e-23   2.19801528e-05   8.13190738e-04   0.00000000e+00
 1.31700000e+01   6.00000000e-01   2.00000000e-01   0.00000000e+00  -1.01728329e-03  -1.51637423e-06  -8.38944140e-23   2.19801528e-05   8.13190705e-04   0.00000000e+00
 1.31800000e+01   6.00000000e-01   2.00000000e-01   0.00000000e+00  -1.01728271e-03  -1.52445292e-06   8.30392120e-23   2.19801537e-05   8.13190767e-04   0.00000000e+00
 1.31900000e+01   6.00000000e-01   2.00000000e-01   0.00000000e+00  -1.01728237e-03  -1.51861976e-06   1.84031313e-24   2.19801532e-05   8.13190978e-04   0.00000000e+00
 1.32000000e+01   6.00000000e-01   2.00000000e-01   0.00000000e+00  -1.01728371e-03  -1.52321047e-06   8.99248103e-23   2.19801523e-05   8.13191155e-04   0.00000000e+00
 1.32100000e+01   6.00000000e-01   2.00000000e-01   0.00000000e+00  -1.01728186e-03  -1.52079612e-06   7.40280892e-23   2.19801515e-05   8.13191183e-04   0.00000000e+00
 1.32200000e+01   6.00000000e-01   2.00000000e-01   0.00000000e+00  -1.01728355e-03  -1.51973320e-06   8.61589318e-23   2.19801509e-05   8.13191526e-04   0.00000000e+00
 1.32300000e+01   6.00000000e-01   2.00000000e-01   0.00000000e+00  -1.01728247e-03  -1.52397517e-06   6.05699278e-24   2.19801510e-05   8.13191833e-04   0.00000000e+00
 1.32400000e+01   6.00000000e-01   2.00000000e-01   0.00000000e+00  -1.01728260e-03  -1.51962559e-06  -7.97743772e-23   2.19801510e-05   8.13191633e-04   0.00000000e+00
 1.32500000e+01   6.00000000e-01   2.00000000e-01   0.00000000e+00  -1.01728259e-03  -1.52025654e-06  -3.52284121e-24   2.19801510e-05   8.13191875e-04   0.00000000e+00
 1.32600000e+01   6.00000000e-01   2.00000000e-01   0.00000000e+00  -1.01728302e-03  -1.52371641e-06   1.10045015e-23   2.19801510e-05   8.13192034e-04   0.00000000e+00
 1.32700000e+01   6.00000000e-01   2.00000000e-01   0.00000000e+00  -1.01728210e-03  -1.51753445e-06   8.90243094e-23   2.19801503e-05   8.13191926e-04   0.00000000e+00
 1.32800000e+01   6.00000000e-01   2.00000000e-01   0.00000000e+00  -1.01728247e-03  -1.52391550e-06  -3.44165830e-24   2.19801502e-05   8.13192007e-04   0.00000000e+00
 1.32900000e+01   6.00000000e-01   2.00000000e-01   0.00000000e+00  -1.01728201e-03  -1.51902396e-06   8.50073444e-23   2.19801511e-05   8.13192067e-04   0.00000000e+00
 1.33000000e+01   6.00000000e-01   2.00000000e-01   0.00000000e+00  -1.01728318e-03  -1.52256104e-06   8.29896167e-23   2.19801503e-05   8.13192197e-04   0.00000000e+00
 1.33100000e+01   6.00000000e-01   2.00000000e-01   0.00000000e+00  -1.01728110e-03  -1.52088442e-06  -2.37024466e-24   2.19801492e-05   8.13192234e-04   0.00000000e+00
 1.33200000e+01   6.00000000e-01   2.00000000e-01   0.00000000e+00  -1.01728328e-03  -1.51993889e-06  -7.35694325e-23   2.19801492e-05   8.13192618e-04   0.00000000e+00
 1.33300000e+01   6.00000000e-01   2.00000000e-01   0.00000000e+00  -1.01728090e-03  -1.52466233e-06  -8.63756239e-23   2.19801496e-05   8.13192761e-04   0.00000000e+00
 1.33400000e+01   6.00000000e-01   2.00000000e-01   0.00000000e+00  -1.01728307e-03  -1.51844133e-06  -2.40881162e-24   2.19801494e-05   8.13192457e-04   0.00000000e+00
 1.33500000e+01   6.00000000e-01   2.00000000e-01   0.00000000e+00  -1.01728070e-03  -1.52126573e-06   3.25758441e-24   2.19801493e-05   8.13192776e-04   0.00000000e+00
 1.33600000e+01   6.00000000e-01   2.00000000e-01   0.00000000e+00  -1.01728243e-03  -1.52278680e-06   2.71842542e-25   2.19801487e-05   8.13192992e-04   0.00000000e+00
 1.33700000e+01   6.00000000e-01   2.00000000e-01   0.00000000e+00  -1.01728143e-03  -1.51919518e-06  -9.27706109e-23   2.19801485e-05   8.13193015e-04   0.00000000e+00
 1.33800000e+01   6.00000000e-01   2.00000000e-01   0.00000000e+00  -1.01728194e-03  -1.52102638e-06  -1.96925727e-24   2.19801480e-05   8.13193480e-04   0.00000000e+00
 1.33900000e+01   6.00000000e-01   2.00000000e-01   0.00000000e+00  -1.01728049e-03  -1.52542991e-06  -6.02561849e-24   2.19801474e-05   8.13193494e-04   0.00000000e+00
 1.34000000e+01   6.00000000e-01   2.00000000e-01   0.00000000e+00  -1.01728215e-03  -1.51524021e-06   8.46519471e-23   2.19801476e-05   8.13193372e-04   0.00000000e+00
 1.34100000e+01   6.00000000e-01   2.00000000e-01   0.00000000e+00  -1.01727975e-03  -1.52625021e-06   5.72878061e-24   2.19801486e-05   8.13193533e-04   0.00000000e+00
 1.34200000e+01   6.00000000e-01   2.00000000e-01   0.00000000e+00  -1.01728236e-03  -1.51774408e-06  -7.91180908e-23   2.19801475e-05   8.13193677e-04   0.00000000e+00
 1.34300000e+01   6.00000000e-01   2.00000000e-01   0.00000000e+00  -1.01727957e-03  -1.52340144e-06  -8.49268332e-23   2.19801465e-05   8.13193818e-04   0.00000000e+00
 1.34400000e+01   6.00000000e-01   2.00000000e-01   0.00000000e+00  -1.01728211e-03  -1.51865334e-06  -1.27586374e-24   2.19801462e-05   8.13194146e-04   0.00000000e+00
 1.34500000e+01   6.00000000e-01   2.00000000e-01   0.00000000e+00  -1.01727898e-03  -1.52587099e-06  -6.95016704e-24   2.19801466e-05   8.13194237e-04   0.00000000e+00
 1.34600000e+01   6.00000000e-01   2.00000000e-01   0.00000000e+00  -1.01728178e-03  -1.51596495e-06   3.04180690e-24   2.19801480e-05   8.13193768e-04   0.00000000e+00
 1.34700000e+01   6.00000000e-01   2.00000000e-01   0.00000000e+00  -1.01727948e-03  -1.52333542e-06  -4.61382916e-24   2.19801475e-05   8.13193916e-04   0.00000000e+00
 1.34800000e+01   6.00000000e-01   2.00000000e-01   0.00000000e+00  -1.01728089e-03  -1.51897624e-06  -6.99409540e-24   2.19801448e-05   8.13194649e-04   0.00000000e+00
 1.34900000e+01   6.00000000e-01   2.00000000e-01   0.00000000e+00  -1.01727870e-03  -1.52622728e-06  -8.52193073e-23   2.19801461e-05   8.13194622e-04   0.00000000e+00
 1.35000000e+01   6.00000000e-01   2.00000000e-01   0.00000000e+00  -1.01728076e-03  -1.51571326e-06  -7.66446586e-23   2.19801482e-05   8.13194295e-04   0.00000000e+00
 1.35100000e+01   6.00000000e-01   2.00000000e-01   0.00000000e+00  -1.01727855e-03  -1.52504678e-06  -9.22097760e-25   2.19801461e-05   8.13194493e-04   0.00000000e+00
 1.35200000e+01   6.00000000e-01   2.00000000e-01   0.00000000e+00  -1.01728030e-03  -1.51884358e-06   5.84460483e-24   2.19801444e-05   8.13194647e-04   0.00000000e+00
 1.35300000e+01   6.00000000e-01   2.00000000e-01   0.00000000e+00  -1.01727809e-03  -1.52241087e-06  -7.78994499e-23   2.19801460e-05   8.13194785e-04   0.00000000e+00
 1.35400000e+01   6.00000000e-01   2.00000000e-01   0.00000000e+00  -1.01728056e-03  -1.52180426e-06  -8.57559686e-23   2.19801464e-05   8.13194888e-04   0.00000000e+00
 1.35500000e+01   6.00000000e-01   2.00000000e-01   0.00000000e+00  -1.01727806e-03  -1.51919806e-06  -7.91385904e-23   2.19801459e-05   8.13195001e-04   0.00000000e+00
 1.35600000e+01   6.00000000e-01   2.00000000e-01   0.00000000e+00  -1.01727910e-03  -1.52389658e-06   6.55529782e-24   2.19801453e-05   8.13195208e-04   0.00000000e+00
 1.35700000e+01   6.00000000e-01   2.00000000e-01   0.00000000e+00  -1.01727792e-03  -1.51840244e-06  -3.00514950e-24   2.19801455e-05   8.13195198e-04   0.00000000e+00
 1.35800000e+01   6.00000000e-01   2.00000000e-01   0.00000000e+00  -1.01727840e-03  -1.52251715e-06  -1.17082096e-23   2.19801468e-05   8.13195089e-04   0.00000000e+00
 1.35900000e+01   6.00000000e-01   2.00000000e-01   0.00000000e+00  -1.01727760e-03  -1.51985832e-06  -7.98481359e-23   2.19801470e-05   8.13195183e-04   0.00000000e+00
 1.36000000e+01   6.00000000e-01   2.00000000e-01   0.00000000e+00  -1.01727828e-03  -1.52247839e-06   3.29815394e-25   2.19801458e-05   8.13195189e-04   0.00000000e+00
 1.36100000e+01   6.00000000e-01   2.00000000e-01   0.00000000e+00  -1.01727751e-03  -1.51976075e-06  -9.11976639e-24   2.19801454e-05   8.13195197e-04   0.00000000e+00
 1.36200000e+01   6.00000000e-01   2.00000000e-01   0.00000000e+00  -1.01727786e-03  -1.52298068e-06  -8.33209084e-23   2.19801465e-05   8.13195397e-04   0.00000000e+00
 1.36300000e+01   6.00000000e-01   2.00000000e-01   0.00000000e+00  -1.01727635e-03  -1.51975075e-06   7.91446813e-23   2.19801474e-05   8.13195353e-04   0.00000000e+00
 1.36400000e+01   6.00000000e-01   2.00000000e-01   0.00000000e+00  -1.01727788e-03  -1.52182458e-06  -8.75372579e-23   2.19801453e-05   8.13195522e-04   0.00000000e+00
 1.36500000e+01   6.00000000e-01   2.00000000e-01   0.00000000e+00  -1.01727602e-03  -1.52184548e-06   6.68240814e-24   2.19801457e-05   8.13195627e-04   0.00000000e+00
 1.36600000e+01   6.00000000e-01   2.00000000e-01   0.00000000e+00  -1.01727750e-03  -1.51930531e-06  -4.24847537e-24   2.19801468e-05   8.13195577e-04   0.00000000e+00
 1.36700000e+01   6.00000000e-01   2.00000000e-01   0.00000000e+00  -1.01727501e-03  -1.52366337e-06   7.64322789e-24   2.19801465e-05   8.13195807e-04   0.00000000e+00
 1.36800000e+01   6.00000000e-01   2.00000000e-01   0.00000000e+00  -1.01727744e-03  -1.51918874e-06  -8.43637939e-23   2.19801466e-05   8.13195758e-04   0.00000000e+00
 1.36900000e+01   6.00000000e-01   2.00000000e-01   0.00000000e+00  -1.01727484e-03  -1.52153518e-06  -1.46713101e-24   2.19801456e-05   8.13195812e-04   0.00000000e+00
 1.37000000e+01   6.00000000e-01   2.00000000e-01   0.00000000e+00  -1.01727597e-03  -1.52242669e-06   2.30344564e-24   2.19801460e-05   8.13195987e-04   0.00000000e+00
 1.37100000e+01   6.00000000e-01   2.00000000e-01   0.00000000e+00  -1.01727509e-03  -1.51951008e-06  -1.47278014e-24   2.19801481e-05   8.13195917e-04   0.00000000e+00
 1.37200000e+01   6.00000000e-01   2.00000000e-01   0.00000000e+00  -1.01727620e-03  -1.52192287e-06   8.76498577e-23   2.19801454e-05   8.13196180e-04   0.00000000e+00
 1.37300000e+01   6.00000000e-01   2.00000000e-01   0.00000000e+00  -1.01727351e-03  -1.52234616e-06  -1.17613449e-23   2.19801448e-05   8.13196208e-04   0.00000000e+00
 1.37400000e+01   6.00000000e-01   2.00000000e-01   0.00000000e+00  -1.01727613e-03  -1.51822393e-06  -9.14187944e-23   2.19801478e-05   8.13196162e-04   0.00000000e+00
 1.37500000e+01   6.00000000e-01   2.00000000e-01   0.00000000e+00  -1.01727320e-03  -1.52503172e-06   8.26703346e-23   2.19801474e-05   8.13196395e-04   0.00000000e+00
 1.37600000e+01   6.00000000e-01   2.00000000e-01   0.00000000e+00  -1.01727569e-03  -1.51717557e-06   5.74636067e-24   2.19801458e-05   8.13196361e-04   0.00000000e+00
 1.37700000e+01   6.00000000e-01   2.00000000e-01   0.00000000e+00  -1.01727255e-03  -1.52452825e-06  -8.18893302e-23   2.19801462e-05   8.13196404e-04   0.00000000e+00
 1.37800000e+01   6.00000000e-01   2.00000000e-01   0.00000000e+00  -1.01727480e-03  -1.51888218e-06   7.10398175e-24   2.19801468e-05   8.13196552e-04   0.00000000e+00
 1.37900000e+01   6.00000000e-01   2.00000000e-01   0.00000000e+00  -1.01727258e-03  -1.52262908e-06  -2.35209989e-24   2.19801474e-05   8.13196589e-04   0.00000000e+00
 1.38000000e+01   6.00000000e-01   2.00000000e-01   0.00000000e+00  -1.01727408e-03  -1.52000439e-06   7.05835040e-23   2.19801461e-05   8.13196838e-04   0.00000000e+00
 1.38100000e+01   6.00000000e-01   2.00000000e-01   0.00000000e+00  -1.01727193e-03  -1.52310914e-06   1.13797288e-24   2.19801450e-05   8.13197020e-04   0.00000000e+00
 1.38200000e+01   6.00000000e-01   2.00000000e-01   0.00000000e+00  -1.01727398e-03  -1.51915594e-06   7.69114942e-23   2.19801459e-05   8.13196969e-04   0.00000000e+00
 1.38300000e+01   6.00000000e-01   2.00000000e-01   0.00000000e+00  -1.01727155e-03  -1.52345368e-06   8.80857133e-23   2.19801472e-05   8.13197084e-04   0.00000000e+00
 1.38400000e+01   6.00000000e-01   2.00000000e-01   0.00000000e+00  -1.01727317e-03  -1.51916674e-06   8.01551981e-23   2.19801463e-05   8.13197230e-04   0.00000000e+00
 1.38500000e+01   6.00000000e-01   2.00000000e-01   0.00000000e+00  -1.01727084e-03  -1.52281238e-06  -2.61874912e-24   2.19801451e-05   8.13197325e-04   0.00000000e+00
 1.38600000e+01   6.00000000e-01   2.00000000e-01   0.00000000e+00  -1.01727291e-03  -1.51990964e-06  -9.07875510e-23   2.19801458e-05   8.13197456e-04   0.00000000e+00
 1.38700000e+01   6.00000000e-01   2.00000000e-01   0.00000000e+00  -1.01727055e-03  -1.52193235e-06  -3.07173640e-24   2.19801460e-05   8.13197549e-04   0.00000000e+00
 1.38800000e+01   6.00000000e-01   2.00000000e-01   0.00000000e+00  -1.01727171e-03  -1.52128363e-06  -5.55809648e-24   2.19801456e-05   8.13197582e-04   0.00000000e+00
 1.38900000e+01   6.00000000e-01   2.00000000e-01   0.00000000e+00  -1.01727053e-03  -1.51997243e-06   9.19990392e-23   2.19801461e-05   8.13197749e-04   0.00000000e+00
 1.39000000e+01   6.00000000e-01   2.00000000e-01   0.00000000e+00  -1.01727168e-03  -1.52276721e-06  -8.48505499e-23   2.19801447e-05   8.13197908e-04   0.00000000e+00
 1.39100000e+01   6.00000000e-01   2.00000000e-01   0.00000000e+00  -1.01726961e-03  -1.52053079e-06  -1.27569223e-23   2.19801457e-05   8.13197798e-04   0.00000000e+00
 1.39200000e+01   6.00000000e-01   2.00000000e-01   0.00000000e+00  -1.01727115e-03  -1.52016216e-06   7.37310982e-23   2.19801485e-05   8.13197698e-04   0.00000000e+00
 1.39300000e+01   6.00000000e-01   2.00000000e-01   0.00000000e+00  -1.01726895e-03  -1.52179119e-06  -8.33696836e-23   2.19801468e-05   8.13197896e-04   0.00000000e+00
 1.39400000e+01   6.00000000e-01   2.00000000e-01   0.00000000e+00  -1.01727037e-03  -1.52149794e-06   1.99156973e-24   2.19801449e-05   8.13197936e-04   0.00000000e+00
 1.39500000e+01   6.00000000e-01   2.00000000e-01   0.00000000e+00  -1.01726880e-03  -1.52022551e-06  -7.94465942e-23   2.19801461e-05   8.13197927e-04   0.00000000e+00
 1.39600000e+01   6.00000000e-01   2.00000000e-01   0.00000000e+00  -1.01727021e-03  -1.52242995e-06  -8.29341150e-23   2.19801457e-05   8.13198276e-04   0.00000000e+00
 1.39700000e+01   6.00000000e-01   2.00000000e-01   0.00000000e+00  -1.01726785e-03  -1.52115667e-06   5.84970977e-24   2.19801464e-05   8.13198226e-04   0.00000000e+00
 1.39800000e+01   6.00000000e-01   2.00000000e-01   0.00000000e+00  -1.01726992e-03  -1.51957023e-06  -9.16227723e-23   2.19801468e-05   8.13198274e-04   0.00000000e+00
 1.39900000e+01   6.00000000e-01   2.00000000e-01   0.00000000e+00  -1.01726729e-03  -1.52396293e-06  -1.35160524e-24   2.19801454e-05   8.13198588e-04   0.00000000e+00
 1.40000000e+01   6.00000000e-01   2.00000000e-01   0.00000000e+00  -1.01726901e-03  -1.51825433e-06   7.91599145e-27   2.19801463e-05   8.13198441e-04   0.00000000e+00
 1.40100000e+01   6.00000000e-01   2.00000000e-01   0.00000000e+00  -1.01726712e-03  -1.52293302e-06  -2.46176221e-24   2.19801475e-05   8.13198467e-04   0.00000000e+00
 1.40200000e+01   6.00000000e-01   2.00000000e-01   0.00000000e+00  -1.01726812e-03  -1.52005297e-06   7.79789646e-23   2.19801465e-05   8.13198564e-04   0.00000000e+00
 1.40300000e+01   6.00000000e-01   2.00000000e-01   0.00000000e+00  -1.01726715e-03  -1.52114890e-06  -1.25262786e-23   2.19801460e-05   8.13198523e-04   0.00000000e+00
 1.40400000e+01   6.00000000e-01   2.00000000e-01   0.00000000e+00  -1.01726792e-03  -1.52221343e-06   7.44974558e-23   2.19801467e-05   8.13198633e-04   0.00000000e+00
 1.40500000e+01   6.00000000e-01   2.00000000e-01   0.00000000e+00  -1.01726578e-03  -1.51996987e-06   1.16674899e-24   2.19801476e-05   8.13198707e-04   0.00000000e+00
 1.40600000e+01   6.00000000e-01   2.00000000e-01   0.00000000e+00  -1.01726754e-03  -1.52210639e-06   8.81788474e-25   2.19801472e-05   8.13198706e-04   0.00000000e+00
 1.40700000e+01   6.00000000e-01   2.00000000e-01   0.00000000e+00  -1.01726578e-03  -1.52004829e-06  -8.60487638e-23   2.19801468e-05   8.13198821e-04   0.00000000e+00
 1.40800000e+01   6.00000000e-01   2.00000000e-01   0.00000000e+00  -1.01726660e-03  -1.52215480e-06  -8.14451702e-23   2.19801467e-05   8.13198921e-04   0.00000000e+00
 1.40900000e+01   6.00000000e-01   2.00000000e-01   0.00000000e+00  -1.01726511e-03  -1.52148835e-06   7.30299209e-24   2.19801476e-05   8.13198777e-04   0.00000000e+00
 1.41000000e+01   6.00000000e-01   2.00000000e-01   0.00000000e+00  -1.01726712e-03  -1.51893671e-06   6.75117487e-24   2.19801479e-05   8.13198874e-04   0.00000000e+00
 1.41100000e+01   6.00000000e-01   2.00000000e-01   0.00000000e+00  -1.01726392e-03  -1.52444669e-06   2.58188220e-25   2.19801471e-05   8.13198946e-04   0.00000000e+00
 1.41200000e+01   6.00000000e-01   2.00000000e-01   0.00000000e+00  -1.01726644e-03  -1.51759303e-06   1.62761228e-24   2.19801472e-05   8.13198965e-04   0.00000000e+00
 1.41300000e+01   6.00000000e-01   2.00000000e-01   0.00000000e+00  -1.01726389e-03  -1.52457455e-06   1.01998679e-24   2.19801488e-05   8.13199107e-04   0.00000000e+00
 1.41400000e+01   6.00000000e-01   2.00000000e-01   0.00000000e+00  -1.01726551e-03  -1.51837210e-06   1.03949729e-24   2.19801482e-05   8.13199049e-04   0.00000000e+00
 1.41500000e+01   6.00000000e-01   2.00000000e-01   0.00000000e+00  -1.01726333e-03  -1.52295009e-06   8.89567855e-23   2.19801472e-05   8.13199141e-04   0.00000000e+00
 1.41600000e+01   6.00000000e-01   2.00000000e-01   0.00000000e+00  -1.01726541e-03  -1.51993338e-06   8.36451110e-23   2.19801480e-05   8.13199259e-04   0.00000000e+00
 1.41700000e+01   6.00000000e-01   2.00000000e-01   0.00000000e+00  -1.01726275e-03  -1.52244231e-06  -7.40011723e-23   2.19801485e-05   8.13199266e-04   0.00000000e+00
 1.41800000e+01   6.00000000e-01   2.00000000e-01   0.00000000e+00  -1.01726470e-03  -1.51948571e-06   1.34329760e-24   2.19801482e-05   8.13199374e-04   0.00000000e+00
 1.41900000e+01   6.00000000e-01   2.00000000e-01   0.00000000e+00  -1.01726273e-03  -1.52361117e-06  -1.65808110e-22   2.19801491e-05   8.13199302e-04   0.00000000e+00
 1.42000000e+01   6.00000000e-01   2.00000000e-01   0.00000000e+00  -1.01726414e-03  -1.51784606e-06  -1.99094242e-24   2.19801483e-05   8.13199351e-04   0.00000000e+00
 1.42100000e+01   6.00000000e-01   2.00000000e-01   0.00000000e+00  -1.01726177e-03  -1.52492795e-06   6.29561195e-24   2.19801480e-05   8.13199454e-04   0.00000000e+00
 1.42200000e+01   6.00000000e-01   2.00000000e-01   0.00000000e+00  -1.01726417e-03  -1.51764419e-06  -8.37654772e-23   2.19801493e-05   8.13199437e-04   0.00000000e+00
 1.42300000e+01   6.00000000e-01   2.00000000e-01   0.00000000e+00  -1.01726132e-03  -1.52417164e-06  -3.17779097e-24   2.19801487e-05   8.13199626e-04   0.00000000e+00
 1.42400000e+01   6.00000000e-01   2.00000000e-01   0.00000000e+00  -1.01726252e-03  -1.51957617e-06   7.52283071e-23   2.19801482e-05   8.13199675e-04   0.00000000e+00
 1.42500000e+01   6.00000000e-01   2.00000000e-01   0.00000000e+00  -1.01726197e-03  -1.52059770e-06   7.86535804e-23   2.19801487e-05   8.13199961e-04   0.00000000e+00
 1.42600000e+01   6.00000000e-01   2.00000000e-01   0.00000000e+00  -1.01726244e-03  -1.52494586e-06   8.46806904e-25   2.19801484e-05   8.13200006e-04   0.00000000e+00
 1.42700000e+01   6.00000000e-01   2.00000000e-01   0.00000000e+00  -1.01726104e-03  -1.51550361e-06  -7.87611462e-24   2.19801479e-05   8.13199875e-04   0.00000000e+00
 1.42800000e+01   6.00000000e-01   2.00000000e-01   0.00000000e+00  -1.01726172e-03  -1.52675403e-06   2.92980087e-25   2.19801482e-05   8.13199967e-04   0.00000000e+00
 1.42900000e+01   6.00000000e-01   2.00000000e-01   0.00000000e+00  -1.01726081e-03  -1.51617419e-06   2.01530561e-24   2.19801489e-05   8.13199990e-04   0.00000000e+00
 1.43000000e+01   6.00000000e-01   2.00000000e-01   0.00000000e+00  -1.01726142e-03  -1.52527760e-06   8.22598122e-25   2.19801487e-05   8.13200134e-04   0.00000000e+00
 1.43100000e+01   6.00000000e-01   2.00000000e-01   0.00000000e+00  -1.01726060e-03  -1.51879923e-06  -7.01928137e-23   2.19801481e-05   8.13200133e-04   0.00000000e+00
 1.43200000e+01   6.00000000e-01   2.00000000e-01   0.00000000e+00  -1.01726079e-03  -1.52104796e-06   5.12218503e-24   2.19801469e-05   8.13200364e-04   0.00000000e+00
 1.43300000e+01   6.00000000e-01   2.00000000e-01   0.00000000e+00  -1.01725941e-03  -1.52398453e-06   2.14156079e-24   2.19801484e-05   8.13200371e-04   0.00000000e+00
 1.43400000e+01   6.00000000e-01   2.00000000e-01   0.00000000e+00  -1.01726149e-03  -1.51636739e-06  -3.23633457e-24   2.19801503e-05   8.13200376e-04   0.00000000e+00
 1.43500000e+01   6.00000000e-01   2.00000000e-01   0.00000000e+00  -1.01725804e-03  -1.52641300e-06   4.53383778e-24   2.19801487e-05   8.13200522e-04   0.00000000e+00
 1.43600000e+01   6.00000000e-01   2.00000000e-01   0.00000000e+00  -1.01726078e-03  -1.51604384e-06  -9.07280669e-23   2.19801477e-05   8.13200344e-04   0.00000000e+00
 1.43700000e+01   6.00000000e-01   2.00000000e-01   0.00000000e+00  -1.01725918e-03  -1.52445430e-06   5.06433337e-24   2.19801494e-05   8.13200401e-04   0.00000000e+00
 1.43800000e+01   6.00000000e-01   2.00000000e-01   0.00000000e+00  -1.01725959e-03  -1.51932004e-06  -4.20121771e-24   2.19801499e-05   8.13200363e-04   0.00000000e+00
 1.43900000e+01   6.00000000e-01   2.00000000e-01   0.00000000e+00  -1.01725822e-03  -1.52140237e-06   1.55915022e-23   2.19801495e-05   8.13200388e-04   0.00000000e+00
 1.44000000e+01   6.00000000e-01   2.00000000e-01   0.00000000e+00  -1.01725989e-03  -1.52196205e-06   8.75043187e-23   2.19801495e-05   8.13200494e-04   0.00000000e+00
 1.44100000e+01   6.00000000e-01   2.00000000e-01   0.00000000e+00  -1.01725804e-03  -1.52027070e-06   8.67056846e-25   2.19801492e-05   8.13200477e-04   0.00000000e+00
 1.44200000e+01   6.00000000e-01   2.00000000e-01   0.00000000e+00  -1.01725913e-03  -1.52119005e-06   8.32476311e-23   2.19801495e-05   8.13200684e-04   0.00000000e+00
 1.44300000e+01   6.00000000e-01   2.00000000e-01   0.00000000e+00  -1.01725721e-03  -1.52335277e-06   2.07656185e-24   2.19801514e-05   8.13200595e-04   0.00000000e+00
 1.44400000e+01   6.00000000e-01   2.00000000e-01   0.00000000e+00  -1.01725929e-03  -1.51714625e-06   5.55649084e-25   2.19801498e-05   8.13200595e-04   0.00000000e+00
 1.44500000e+01   6.00000000e-01   2.00000000e-01   0.00000000e+00  -1.01725650e-03  -1.52587308e-06  -1.43430069e-24   2.19801482e-05   8.13200660e-04   0.00000000e+00
 1.44600000e+01   6.00000000e-01   2.00000000e-01   0.00000000e+00  -1.01725897e-03  -1.51653920e-06  -9.42244762e-24   2.19801502e-05   8.13200630e-04   0.00000000e+00
 1.44700000e+01   6.00000000e-01   2.00000000e-01   0.00000000e+00  -1.01725653e-03  -1.52532218e-06  -7.90907753e-23   2.19801509e-05   8.13200856e-04   0.00000000e+00
 1.44800000e+01   6.00000000e-01   2.00000000e-01   0.00000000e+00  -1.01725837e-03  -1.51837698e-06   8.85909331e-24   2.19801494e-05   8.13200889e-04   0.00000000e+00
 1.44900000e+01   6.00000000e-01   2.00000000e-01   0.00000000e+00  -1.01725650e-03  -1.52172036e-06  -7.96769699e-23   2.19801490e-05   8.13201183e-04   0.00000000e+00
 1.45000000e+01   6.00000000e-01   2.00000000e-01   0.00000000e+00  -1.01725706e-03  -1.52386655e-06   1.67735097e-22   2.19801499e-05   8.13201132e-04   0.00000000e+00
 1.45100000e+01   6.00000000e-01   2.00000000e-01   0.00000000e+00  -1.01725696e-03  -1.51593568e-06  -7.53453877e-24   2.19801505e-05   8.13200973e-04   0.00000000e+00
 1.45200000e+01   6.00000000e-01   2.00000000e-01   0.00000000e+00  -1.01725661e-03  -1.52673151e-06   1.24363574e-23   2.19801499e-05   8.13201056e-04   0.00000000e+00
 1.45300000e+01   6.00000000e-01   2.00000000e-01   0.00000000e+00  -1.01725644e-03  -1.51575101e-06  -8.48630929e-24   2.19801492e-05   8.13201007e-04   0.00000000e+00
 1.45400000e+01   6.00000000e-01   2.00000000e-01   0.00000000e+00  -1.01725608e-03  -1.52594839e-06  -7.56047464e-24   2.19801500e-05   8.13201172e-04   0.00000000e+00
 1.45500000e+01   6.00000000e-01   2.00000000e-01   0.00000000e+00  -1.01725648e-03  -1.51770135e-06  -8.31678660e-24   2.19801509e-05   8.13201187e-04   0.00000000e+00
 1.45600000e+01   6.00000000e-01   2.00000000e-01   0.00000000e+00  -1.01725585e-03  -1.52333838e-06   9.01877477e-24   2.19801497e-05   8.13201287e-04   0.00000000e+00
 1.45700000e+01   6.00000000e-01   2.00000000e-01   0.00000000e+00  -1.01725522e-03  -1.52005982e-06   5.44354207e-24   2.19801488e-05   8.13201379e-04   0.00000000e+00
 1.45800000e+01   6.00000000e-01   2.00000000e-01   0.00000000e+00  -1.01725685e-03  -1.52047855e-06  -8.75556026e-23   2.19801499e-05   8.13201562e-04   0.00000000e+00
 1.45900000e+01   6.00000000e-01   2.00000000e-01   0.00000000e+00  -1.01725430e-03  -1.52464133e-06  -9.27646684e-25   2.19801512e-05   8.13201475e-04   0.00000000e+00
 1.46000000e+01   6.00000000e-01   2.00000000e-01   0.00000000e+00  -1.01725641e-03  -1.51511827e-06   5.06682569e-24   2.19801501e-05   8.13201328e-04   0.00000000e+00
 1.46100000e+01   6.00000000e-01   2.00000000e-01   0.00000000e+00  -1.01725400e-03  -1.52765160e-06   7.83881048e-23   2.19801495e-05   8.13201447e-04   0.00000000e+00
 1.46200000e+01   6.00000000e-01   2.00000000e-01   0.00000000e+00  -1.01725625e-03  -1.51497179e-06   8.04316023e-23   2.19801504e-05   8.13201323e-04   0.00000000e+00
 1.46300000e+01   6.00000000e-01   2.00000000e-01   0.00000000e+00  -1.01725405e-03  -1.52606444e-06   9.66918674e-26   2.19801508e-05   8.13201441e-04   0.00000000e+00
 1.46400000e+01   6.00000000e-01   2.00000000e-01   0.00000000e+00  -1.01725578e-03  -1.51825882e-06   7.49668404e-23   2.19801506e-05   8.13201552e-04   0.00000000e+00
 1.46500000e+01   6.00000000e-01   2.00000000e-01   0.00000000e+00  -1.01725344e-03  -1.52188216e-06   3.41106439e-24   2.19801498e-05   8.13201683e-04   0.00000000e+00
 1.46600000e+01   6.00000000e-01   2.00000000e-01   0.00000000e+00  -1.01725524e-03  -1.52338455e-06  -8.77365894e-23   2.19801500e-05   8.13201728e-04   0.00000000e+00
 1.46700000e+01   6.00000000e-01   2.00000000e-01   0.00000000e+00  -1.01725439e-03  -1.51679395e-06  -8.24820522e-23   2.19801512e-05   8.13201596e-04   0.00000000e+00
 1.46800000e+01   6.00000000e-01   2.00000000e-01   0.00000000e+00  -1.01725379e-03  -1.52559901e-06  -3.41380797e-24   2.19801503e-05   8.13201620e-04   0.00000000e+00
 1.46900000e+01   6.00000000e-01   2.00000000e-01   0.00000000e+00  -1.01725371e-03  -1.51716336e-06  -1.06927613e-23   2.19801500e-05   8.13201682e-04   0.00000000e+00
 1.47000000e+01   6.00000000e-01   2.00000000e-01   0.00000000e+00  -1.01725469e-03  -1.52446195e-06   3.71127082e-24   2.19801514e-05   8.13201740e-04   0.00000000e+00
 1.47100000e+01   6.00000000e-01   2.00000000e-01   0.00000000e+00  -1.01725329e-03  -1.51952700e-06   6.65470814e-25   2.19801506e-05   8.13201635e-04   0.00000000e+00
 1.47200000e+01   6.00000000e-01   2.00000000e-01   0.00000000e+00  -1.01725420e-03  -1.51995303e-06  -4.53966077e-24   2.19801491e-05   8.13201783e-04   0.00000000e+00
 1.47300000e+01   6.00000000e-01   2.00000000e-01   0.00000000e+00  -1.01725313e-03  -1.52487509e-06   1.73727294e-22   2.19801508e-05   8.13201846e-04   0.00000000e+00
 1.47400000e+01   6.00000000e-01   2.00000000e-01   0.00000000e+00  -1.01725449e-03  -1.51590743e-06  -7.08017082e-24   2.19801517e-05   8.13201830e-04   0.00000000e+00
 1.47500000e+01   6.00000000e-01   2.00000000e-01   0.00000000e+00  -1.01725207e-03  -1.52674406e-06  -6.66180767e-24   2.19801509e-05   8.13201910e-04   0.00000000e+00
 1.47600000e+01   6.00000000e-01   2.00000000e-01   0.00000000e+00  -1.01725487e-03  -1.51564467e-06   6.62893197e-24   2.19801504e-05   8.13201797e-04   0.00000000e+00
 1.47700000e+01   6.00000000e-01   2.00000000e-01   0.00000000e+00  -1.01725186e-03  -1.52531540e-06  -3.30527238e-24   2.19801510e-05   8.13201734e-04   0.00000000e+00
 1.47800000e+01   6.00000000e-01   2.00000000e-01   0.00000000e+00  -1.01725438e-03  -1.51866295e-06  -8.46208809e-23   2.19801515e-05   8.13201557e-04   0.00000000e+00
 1.47900000e+01   6.00000000e-01   2.00000000e-01   0.00000000e+00  -1.01725218e-03  -1.52063862e-06   6.92403650e-24   2.19801517e-05   8.13201674e-04   0.00000000e+00
 1.48000000e+01   6.00000000e-01   2.00000000e-01   0.00000000e+00  -1.01725344e-03  -1.52448792e-06  -1.86860519e-25   2.19801512e-05   8.13201801e-04   0.00000000e+00
 1.48100000e+01   6.00000000e-01   2.00000000e-01   0.00000000e+00  -1.01725247e-03  -1.51674782e-06  -7.93991144e-23   2.19801513e-05   8.13201850e-04   0.00000000e+00
 1.48200000e+01   6.00000000e-01   2.00000000e-01   0.00000000e+00  -1.01725326e-03  -1.52610147e-06   7.65405810e-24   2.19801520e-05   8.13201924e-04   0.00000000e+00
 1.48300000e+01   6.00000000e-01   2.00000000e-01   0.00000000e+00  -1.01725222e-03  -1.51631761e-06  -5.53157010e-25   2.19801514e-05   8.13201815e-04   0.00000000e+00
 1.48400000e+01   6.00000000e-01   2.00000000e-01   0.00000000e+00  -1.01725322e-03  -1.52476313e-06  -3.34158247e-25   2.19801511e-05   8.13201864e-04   0.00000000e+00
 1.48500000e+01   6.00000000e-01   2.00000000e-01   0.00000000e+00  -1.01725212e-03  -1.51965540e-06   6.63720004e-24   2.19801522e-05   8.13201724e-04   0.00000000e+00
 1.48600000e+01   6.00000000e-01   2.00000000e-01   0.00000000e+00  -1.01725279e-03  -1.51953165e-06   7.53325674e-23   2.19801514e-05   8.13201839e-04   0.00000000e+00
 1.48700000e+01   6.00000000e-01   2.00000000e-01   0.00000000e+00  -1.01725156e-03  -1.52560909e-06  -1.02662035e-23   2.19801512e-05   8.13201999e-04   0.00000000e+00
 1.48800000e+01   6.00000000e-01   2.00000000e-01   0.00000000e+00  -1.01725367e-03  -1.51574732e-06   1.14895655e-23   2.19801524e-05   8.13202023e-04   0.00000000e+00
 1.48900000e+01   6.00000000e-01   2.00000000e-01   0.00000000e+00  -1.01725049e-03  -1.52683575e-06   1.00190928e-25   2.19801517e-05   8.13202137e-04   0.00000000e+00
 1.49000000e+01   6.00000000e-01   2.00000000e-01   0.00000000e+00  -1.01725315e-03  -1.51599833e-06   2.31505877e-24   2.19801509e-05   8.13202063e-04   0.00000000e+00
 1.49100000e+01   6.00000000e-01   2.00000000e-01   0.00000000e+00  -1.01725156e-03  -1.52482851e-06   8.79220896e-24   2.19801519e-05   8.13202109e-04   0.00000000e+00
 1.49200000e+01   6.00000000e-01   2.00000000e-01   0.00000000e+00  -1.01725259e-03  -1.51959522e-06   1.63989170e-22   2.19801513e-05   8.13202026e-04   0.00000000e+00
 1.49300000e+01   6.00000000e-01   2.00000000e-01   0.00000000e+00  -1.01725097e-03  -1.51980334e-06   6.91076141e-24   2.19801504e-05   8.13202177e-04   0.00000000e+00
 1.49400000e+01   6.00000000e-01   2.00000000e-01   0.00000000e+00  -1.01725228e-03  -1.52548823e-06  -1.86584778e-24   2.19801517e-05   8.13202311e-04   0.00000000e+00
 1.49500000e+01   6.00000000e-01   2.00000000e-01   0.00000000e+00  -1.01725144e-03  -1.51558780e-06  -8.56140226e-23   2.19801521e-05   8.13202347e-04   0.00000000e+00
 1.49600000e+01   6.00000000e-01   2.00000000e-01   0.00000000e+00  -1.01725187e-03  -1.52705738e-06  -8.59966340e-23   2.19801506e-05   8.13202508e-04   0.00000000e+00
 1.49700000e+01   6.00000000e-01   2.00000000e-01   0.00000000e+00  -1.01725125e-03  -1.51581711e-06  -8.48767591e-23   2.19801507e-05   8.13202432e-04   0.00000000e+00
 1.49800000e+01   6.00000000e-01   2.00000000e-01   0.00000000e+00  -1.01725183e-03  -1.52486998e-06  -7.27614748e-23   2.19801512e-05   8.13202464e-04   0.00000000e+00
 1.49900000e+01   6.00000000e-01   2.00000000e-01   0.00000000e+00  -1.01725093e-03  -1.51942705e-06  -8.25377745e-23   2.19801511e-05   8.13202395e-04   0.00000000e+00
 1.50000000e+01   6.00000000e-01   2.00000000e-01   0.00000000e+00  -1.01725224e-03  -1.52001488e-06   8.56968475e-23   2.19801505e-05   8.13202537e-04   0.00000000e+00
 1.50100000e+01   6.00000000e-01   2.00000000e-01   0.00000000e+00  -1.01724970e-03  -1.52515173e-06   1.34916074e-24   2.19801504e-05   8.13202673e-04   0.00000000e+00
 1.50200000e+01   6.00000000e-01   2.00000000e-01   0.00000000e+00  -1.01725241e-03  -1.51599870e-06   8.78493387e-23   2.19801511e-05   8.13202714e-04   0.00000000e+00
 1.50300000e+01   6.00000000e-01   2.00000000e-01   0.00000000e+00  -1.01725029e-03  -1.52664703e-06   8.81316609e-25   2.19801513e-05   8.13202853e-04   0.00000000e+00
 1.50400000e+01   6.00000000e-01   2.00000000e-01   0.00000000e+00  -1.01725171e-03  -1.51606367e-06   3.82786454e-24   2.19801497e-05   8.13202774e-04   0.00000000e+00
 1.50500000e+01   6.00000000e-01   2.00000000e-01   0.00000000e+00  -1.01725019e-03  -1.52471427e-06  -8.15030394e-23   2.19801498e-05   8.13202823e-04   0.00000000e+00
 1.50600000e+01   6.00000000e-01   2.00000000e-01   0.00000000e+00  -1.01725180e-03  -1.51957432e-06   9.10054706e-23   2.19801513e-05   8.13202758e-04   0.00000000e+00
 1.50700000e+01   6.00000000e-01   2.00000000e-01   0.00000000e+00  -1.01725002e-03  -1.51985757e-06   9.11427537e-24   2.19801503e-05   8.13202870e-04   0.00000000e+00
 1.50800000e+01   6.00000000e-01   2.00000000e-01   0.00000000e+00  -1.01725113e-03  -1.52508911e-06  -7.78186282e-23   2.19801493e-05   8.13203009e-04   0.00000000e+00
 1.50900000e+01   6.00000000e-01   2.00000000e-01   0.00000000e+00  -1.01725059e-03  -1.51615884e-06  -8.77545507e-23   2.19801508e-05   8.13203033e-04   0.00000000e+00
 1.51000000e+01   6.00000000e-01   2.00000000e-01   0.00000000e+00  -1.01725078e-03  -1.52629198e-06   7.42815884e-24   2.19801505e-05   8.13203147e-04   0.00000000e+00
 1.51100000e+01   6.00000000e-01   2.00000000e-01   0.00000000e+00  -1.01725001e-03  -1.51646136e-06   3.30178317e-24   2.19801496e-05   8.13203077e-04   0.00000000e+00
 1.51200000e+01   6.00000000e-01   2.00000000e-01   0.00000000e+00  -1.01725115e-03  -1.52435880e-06   1.32544416e-24   2.19801501e-05   8.13203108e-04   0.00000000e+00
 1.51300000e+01   6.00000000e-01   2.00000000e-01   0.00000000e+00  -1.01724994e-03  -1.51979183e-06  -1.57101163e-22   2.19801500e-05   8.13203027e-04   0.00000000e+00
 1.51400000e+01   6.00000000e-01   2.00000000e-01   0.00000000e+00  -1.01725093e-03  -1.51971623e-06   9.70754346e-24   2.19801494e-05   8.13203126e-04   0.00000000e+00
 1.51500000e+01   6.00000000e-01   2.00000000e-01   0.00000000e+00  -1.01724966e-03  -1.52508651e-06   7.20176657e-23   2.19801503e-05   8.13203253e-04   0.00000000e+00
 1.51600000e+01   6.00000000e-01   2.00000000e-01   0.00000000e+00  -1.01725100e-03  -1.51612862e-06  -8.67029633e-23   2.19801504e-05   8.13203259e-04   0.00000000e+00
 1.51700000e+01   6.00000000e-01   2.00000000e-01   0.00000000e+00  -1.01724926e-03  -1.52634169e-06   1.60929739e-22   2.19801498e-05   8.13203348e-04   0.00000000e+00
 1.51800000e+01   6.00000000e-01   2.00000000e-01   0.00000000e+00  -1.01725138e-03  -1.51631286e-06  -1.71023578e-24   2.19801498e-05   8.13203267e-04   0.00000000e+00
 1.51900000e+01   6.00000000e-01   2.00000000e-01   0.00000000e+00  -1.01724886e-03  -1.52446092e-06  -8.90951709e-25   2.19801500e-05   8.13203259e-04   0.00000000e+00
 1.52000000e+01   6.00000000e-01   2.00000000e-01   0.00000000e+00  -1.01725107e-03  -1.51981719e-06  -4.92739018e-24   2.19801499e-05   8.13203130e-04   0.00000000e+00
 1.52100000e+01   6.00000000e-01   2.00000000e-01   0.00000000e+00  -1.01724924e-03  -1.51938361e-06   1.25031204e-23   2.19801503e-05   8.13203224e-04   0.00000000e+00
 1.52200000e+01   6.00000000e-01   2.00000000e-01   0.00000000e+00  -1.01725033e-03  -1.52556670e-06   8.27404803e-23   2.19801499e-05   8.13203361e-04   0.00000000e+00
 1.52300000e+01   6.00000000e-01   2.00000000e-01   0.00000000e+00  -1.01724949e-03  -1.51577245e-06  -5.47529412e-24   2.19801500e-05   8.13203376e-04   0.00000000e+00
 1.52400000e+01   6.00000000e-01   2.00000000e-01   0.00000000e+00  -1.01725022e-03  -1.52666805e-06   8.62445863e-23   2.19801505e-05   8.13203457e-04   0.00000000e+00
 1.52500000e+01   6.00000000e-01   2.00000000e-01   0.00000000e+00  -1.01724933e-03  -1.51604497e-06  -9.36386350e-23   2.19801498e-05   8.13203352e-04   0.00000000e+00
 1.52600000e+01   6.00000000e-01   2.00000000e-01   0.00000000e+00  -1.01725027e-03  -1.52463734e-06  -1.05365252e-23   2.19801497e-05   8.13203345e-04   0.00000000e+00
 1.52700000e+01   6.00000000e-01   2.00000000e-01   0.00000000e+00  -1.01724942e-03  -1.51942407e-06  -7.91159489e-24   2.19801508e-05   8.13203269e-04   0.00000000e+00
 1.52800000e+01   6.00000000e-01   2.00000000e-01   0.00000000e+00  -1.01724974e-03  -1.52049861e-06  -8.18566743e-24   2.19801502e-05   8.13203317e-04   0.00000000e+00
 1.52900000e+01   6.00000000e-01   2.00000000e-01   0.00000000e+00  -1.01724890e-03  -1.52386149e-06  -2.89330745e-24   2.19801500e-05   8.13203417e-04   0.00000000e+00
 1.53000000e+01   6.00000000e-01   2.00000000e-01   0.00000000e+00  -1.01725087e-03  -1.51761879e-06  -4.20568743e-24   2.19801506e-05   8.13203456e-04   0.00000000e+00
 1.53100000e+01   6.00000000e-01   2.00000000e-01   0.00000000e+00  -1.01724801e-03  -1.52496226e-06   1.80523480e-24   2.19801502e-05   8.13203519e-04   0.00000000e+00
 1.53200000e+01   6.00000000e-01   2.00000000e-01   0.00000000e+00  -1.01725009e-03  -1.51766727e-06   8.59457272e-24   2.19801499e-05   8.13203462e-04   0.00000000e+00
 1.53300000e+01   6.00000000e-01   2.00000000e-01   0.00000000e+00  -1.01724914e-03  -1.52356357e-06   7.54021808e-23   2.19801509e-05   8.13203484e-04   0.00000000e+00
 1.53400000e+01   6.00000000e-01   2.00000000e-01   0.00000000e+00  -1.01725003e-03  -1.52006986e-06  -3.61840206e-24   2.19801499e-05   8.13203438e-04   0.00000000e+00
 1.53500000e+01   6.00000000e-01   2.00000000e-01   0.00000000e+00  -1.01724827e-03  -1.52048075e-06  -8.61377902e-25   2.19801491e-05   8.13203519e-04   0.00000000e+00
 1.53600000e+01   6.00000000e-01   2.00000000e-01   0.00000000e+00  -1.01724997e-03  -1.52357558e-06  -8.24174051e-23   2.19801507e-05   8.13203609e-04   0.00000000e+00
 1.53700000e+01   6.00000000e-01   2.00000000e-01   0.00000000e+00  -1.01724867e-03  -1.51799834e-06   2.72899343e-24   2.19801509e-05   8.13203618e-04   0.00000000e+00
 1.53800000e+01   6.00000000e-01   2.00000000e-01   0.00000000e+00  -1.01724967e-03  -1.52446842e-06   2.31748699e-24   2.19801494e-05   8.13203713e-04   0.00000000e+00
 1.53900000e+01   6.00000000e-01   2.00000000e-01   0.00000000e+00  -1.01724865e-03  -1.51817443e-06  -7.32607085e-24   2.19801495e-05   8.13203693e-04   0.00000000e+00
 1.54000000e+01   6.00000000e-01   2.00000000e-01   0.00000000e+00  -1.01724965e-03  -1.52321886e-06  -8.07720669e-23   2.19801501e-05   8.13203687e-04   0.00000000e+00
 1.54100000e+01   6.00000000e-01   2.00000000e-01   0.00000000e+00  -1.01724845e-03  -1.52004877e-06  -8.71200459e-23   2.19801500e-05   8.13203675e-04   0.00000000e+00
 1.54200000e+01   6.00000000e-01   2.00000000e-01   0.00000000e+00  -1.01724982e-03  -1.52079718e-06  -7.06341971e-24   2.19801498e-05   8.13203749e-04   0.00000000e+00
 1.54300000e+01   6.00000000e-01   2.00000000e-01   0.00000000e+00  -1.01724778e-03  -1.52306190e-06   2.39868798e-24   2.19801494e-05   8.13203821e-04   0.00000000e+00
 1.54400000e+01   6.00000000e-01   2.00000000e-01   0.00000000e+00  -1.01724980e-03  -1.51857163e-06  -3.56517682e-25   2.19801497e-05   8.13203858e-04   0.00000000e+00
 1.54500000e+01   6.00000000e-01   2.00000000e-01   0.00000000e+00  -1.01724842e-03  -1.52398041e-06   3.31238474e-24   2.19801503e-05   8.13203923e-04   0.00000000e+00
 1.54600000e+01   6.00000000e-01   2.00000000e-01   0.00000000e+00  -1.01724929e-03  -1.51843529e-06  -5.04934647e-25   2.19801491e-05   8.13203900e-04   0.00000000e+00
 1.54700000e+01   6.00000000e-01   2.00000000e-01   0.00000000e+00  -1.01724821e-03  -1.52313520e-06   4.21992919e-24   2.19801489e-05   8.13203922e-04   0.00000000e+00
 1.54800000e+01   6.00000000e-01   2.00000000e-01   0.00000000e+00  -1.01724968e-03  -1.52008761e-06  -7.97533029e-23   2.19801501e-05   8.13203918e-04   0.00000000e+00
 1.54900000e+01   6.00000000e-01   2.00000000e-01   0.00000000e+00  -1.01724783e-03  -1.52083612e-06  -5.98895858e-24   2.19801495e-05   8.13203978e-04   0.00000000e+00
 1.55000000e+01   6.00000000e-01   2.00000000e-01   0.00000000e+00  -1.01724941e-03  -1.52281825e-06  -1.55069254e-22   2.19801486e-05   8.13204049e-04   0.00000000e+00
 1.55100000e+01   6.00000000e-01   2.00000000e-01   0.00000000e+00  -1.01724815e-03  -1.51892152e-06  -1.59854059e-22   2.19801497e-05   8.13204079e-04   0.00000000e+00
 1.55200000e+01   6.00000000e-01   2.00000000e-01   0.00000000e+00  -1.01724917e-03  -1.52348218e-06   2.04772902e-26   2.19801495e-05   8.13204128e-04   0.00000000e+00
 1.55300000e+01   6.00000000e-01   2.00000000e-01   0.00000000e+00  -1.01724804e-03  -1.51987121e-06  -1.01377871e-23   2.19801487e-05   8.13203955e-04   0.00000000e+00
 1.55400000e+01   6.00000000e-01   2.00000000e-01   0.00000000e+00  -1.01724970e-03  -1.51972783e-06  -7.19041977e-24   2.19801484e-05   8.13204067e-04   0.00000000e+00
 1.55500000e+01   6.00000000e-01   2.00000000e-01   0.00000000e+00  -1.01724683e-03  -1.52479974e-06  -1.53834196e-24   2.19801491e-05   8.13204203e-04   0.00000000e+00
 1.55600000e+01   6.00000000e-01   2.00000000e-01   0.00000000e+00  -1.01724980e-03  -1.51653478e-06  -2.79617174e-24   2.19801502e-05   8.13204188e-04   0.00000000e+00
 1.55700000e+01   6.00000000e-01   2.00000000e-01   0.00000000e+00  -1.01724764e-03  -1.52579080e-06  -4.19442732e-24   2.19801495e-05   8.13204307e-04   0.00000000e+00
 1.55800000e+01   6.00000000e-01   2.00000000e-01   0.00000000e+00  -1.01724910e-03  -1.51697377e-06  -8.16314429e-23   2.19801479e-05   8.13204210e-04   0.00000000e+00
 1.55900000e+01   6.00000000e-01   2.00000000e-01   0.00000000e+00  -1.01724777e-03  -1.52377288e-06  -8.07548712e-23   2.19801488e-05   8.13204162e-04   0.00000000e+00
 1.56000000e+01   6.00000000e-01   2.00000000e-01   0.00000000e+00  -1.01724937e-03  -1.52044368e-06   8.74059447e-23   2.19801505e-05   8.13203993e-04   0.00000000e+00
 1.56100000e+01   6.00000000e-01   2.00000000e-01   0.00000000e+00  -1.01724749e-03  -1.51873723e-06  -4.35347943e-24   2.19801493e-05   8.13204056e-04   0.00000000e+00
 1.56200000e+01   6.00000000e-01   2.00000000e-01   0.00000000e+00  -1.01724869e-03  -1.52602765e-06  -4.68305433e-24   2.19801480e-05   8.13204221e-04   0.00000000e+00
 1.56300000e+01   6.00000000e-01   2.00000000e-01   0.00000000e+00  -1.01724826e-03  -1.51581818e-06  -3.07377703e-24   2.19801500e-05   8.13204238e-04   0.00000000e+00
 1.56400000e+01   6.00000000e-01   2.00000000e-01   0.00000000e+00  -1.01724841e-03  -1.52627083e-06  -9.24298059e-23   2.19801498e-05   8.13204304e-04   0.00000000e+00
 1.56500000e+01   6.00000000e-01   2.00000000e-01   0.00000000e+00  -1.01724764e-03  -1.51668869e-06   7.32491486e-24   2.19801486e-05   8.13204216e-04   0.00000000e+00
 1.56600000e+01   6.00000000e-01   2.00000000e-01   0.00000000e+00  -1.01724893e-03  -1.52414511e-06   8.21180162e-23   2.19801492e-05   8.13204255e-04   0.00000000e+00
 1.56700000e+01   6.00000000e-01   2.00000000e-01   0.00000000e+00  -1.01724765e-03  -1.52003311e-06   1.67839086e-24   2.19801494e-05   8.13204133e-04   0.00000000e+00
 1.56800000e+01   6.00000000e-01   2.00000000e-01   0.00000000e+00  -1.01724871e-03  -1.51976357e-06   9.04954783e-24   2.19801489e-05   8.13204209e-04   0.00000000e+00
 1.56900000e+01   6.00000000e-01   2.00000000e-01   0.00000000e+00  -1.01724749e-03  -1.52460683e-06  -1.56305412e-24   2.19801495e-05   8.13204326e-04   0.00000000e+00
 1.57000000e+01   6.00000000e-01   2.00000000e-01   0.00000000e+00  -1.01724878e-03  -1.51691735e-06  -8.94967575e-23   2.19801494e-05   8.13204304e-04   0.00000000e+00
 1.57100000e+01   6.00000000e-01   2.00000000e-01   0.00000000e+00  -1.01724720e-03  -1.52547595e-06  -8.94756938e-23   2.19801491e-05   8.13204412e-04   0.00000000e+00
 1.57200000e+01   6.00000000e-01   2.00000000e-01   0.00000000e+00  -1.01724920e-03  -1.51729752e-06  -9.82401568e-24   2.19801493e-05   8.13204325e-04   0.00000000e+00
 1.57300000e+01   6.00000000e-01   2.00000000e-01   0.00000000e+00  -1.01724678e-03  -1.52375844e-06  -5.41795533e-24   2.19801492e-05   8.13204333e-04   0.00000000e+00
 1.57400000e+01   6.00000000e-01   2.00000000e-01   0.00000000e+00  -1.01724896e-03  -1.52019826e-06  -8.37373559e-23   2.19801490e-05   8.13204234e-04   0.00000000e+00
 1.57500000e+01   6.00000000e-01   2.00000000e-01   0.00000000e+00  -1.01724718e-03  -1.51973348e-06   1.37529819e-23   2.19801494e-05   8.13204307e-04   0.00000000e+00
 1.57600000e+01   6.00000000e-01   2.00000000e-01   0.00000000e+00  -1.01724840e-03  -1.52476932e-06  -8.61313395e-23   2.19801490e-05   8.13204436e-04   0.00000000e+00
 1.57700000e+01   6.00000000e-01   2.00000000e-01   0.00000000e+00  -1.01724751e-03  -1.51670868e-06   9.06350865e-23   2.19801489e-05   8.13204443e-04   0.00000000e+00
 1.57800000e+01   6.00000000e-01   2.00000000e-01   0.00000000e+00  -1.01724839e-03  -1.52580836e-06  -6.45108000e-24   2.19801491e-05   8.13204566e-04   0.00000000e+00
 1.57900000e+01   6.00000000e-01   2.00000000e-01   0.00000000e+00  -1.01724729e-03  -1.51697465e-06   8.49161171e-23   2.19801488e-05   8.13204486e-04   0.00000000e+00
 1.58000000e+01   6.00000000e-01   2.00000000e-01   0.00000000e+00  -1.01724839e-03  -1.52398313e-06   8.20478381e-24   2.19801487e-05   8.13204491e-04   0.00000000e+00
 1.58100000e+01   6.00000000e-01   2.00000000e-01   0.00000000e+00  -1.01724755e-03  -1.51977514e-06   1.23065722e-23   2.19801494e-05   8.13204453e-04   0.00000000e+00
 1.58200000e+01   6.00000000e-01   2.00000000e-01   0.00000000e+00  -1.01724801e-03  -1.52053222e-06  -8.04559633e-23   2.19801486e-05   8.13204488e-04   0.00000000e+00
 1.58300000e+01   6.00000000e-01   2.00000000e-01   0.00000000e+00  -1.01724719e-03  -1.52358648e-06  -1.34453731e-24   2.19801484e-05   8.13204591e-04   0.00000000e+00
 1.58400000e+01   6.00000000e-01   2.00000000e-01   0.00000000e+00  -1.01724906e-03  -1.51799806e-06   2.63469732e-24   2.19801493e-05   8.13204609e-04   0.00000000e+00
 1.58500000e+01   6.00000000e-01   2.00000000e-01   0.00000000e+00  -1.01724664e-03  -1.52445147e-06   8.68386428e-23   2.19801486e-05   8.13204678e-04   0.00000000e+00
 1.58600000e+01   6.00000000e-01   2.00000000e-01   0.00000000e+00  -1.01724873e-03  -1.51814715e-06  -8.57663041e-24   2.19801477e-05   8.13204661e-04   0.00000000e+00
 1.58700000e+01   6.00000000e-01   2.00000000e-01   0.00000000e+00  -1.01724702e-03  -1.52255259e-06  -5.25921486e-24   2.19801490e-05   8.13204833e-04   0.00000000e+00
 1.58800000e+01   6.00000000e-01   2.00000000e-01   0.00000000e+00  -1.01724892e-03  -1.52263742e-06  -2.62633974e-24   2.19801490e-05   8.13204747e-04   0.00000000e+00
 1.58900000e+01   6.00000000e-01   2.00000000e-01   0.00000000e+00  -1.01724721e-03  -1.51721112e-06   8.26321943e-23   2.19801477e-05   8.13204635e-04   0.00000000e+00
 1.59000000e+01   6.00000000e-01   2.00000000e-01   0.00000000e+00  -1.01724886e-03  -1.52584153e-06   2.90410723e-24   2.19801472e-05   8.13204746e-04   0.00000000e+00
 1.59100000e+01   6.00000000e-01   2.00000000e-01   0.00000000e+00  -1.01724730e-03  -1.51685610e-06   3.35127665e-24   2.19801481e-05   8.13204709e-04   0.00000000e+00
 1.59200000e+01   6.00000000e-01   2.00000000e-01   0.00000000e+00  -1.01724890e-03  -1.52472282e-06  -1.96109875e-24   2.19801483e-05   8.13204851e-04   0.00000000e+00
 1.59300000e+01   6.00000000e-01   2.00000000e-01   0.00000000e+00  -1.01724764e-03  -1.51950383e-06   8.37957307e-23   2.19801473e-05   8.13204875e-04   0.00000000e+00
 1.59400000e+01   6.00000000e-01   2.00000000e-01   0.00000000e+00  -1.01724846e-03  -1.52029009e-06  -7.72688453e-23   2.19801457e-05   8.13205018e-04   0.00000000e+00
 1.59500000e+01   6.00000000e-01   2.00000000e-01   0.00000000e+00  -1.01724739e-03  -1.52469608e-06  -5.07713179e-24   2.19801468e-05   8.13205072e-04   0.00000000e+00
 1.59600000e+01   6.00000000e-01   2.00000000e-01   0.00000000e+00  -1.01724972e-03  -1.51598424e-06   2.44292278e-24   2.19801487e-05   8.13205053e-04   0.00000000e+00
 1.59700000e+01   6.00000000e-01   2.00000000e-01   0.00000000e+00  -1.01724658e-03  -1.52650580e-06  -4.78898556e-24   2.19801470e-05   8.13205154e-04   0.00000000e+00
 1.59800000e+01   6.00000000e-01   2.00000000e-01   0.00000000e+00  -1.01724940e-03  -1.51603901e-06  -8.15198970e-23   2.19801454e-05   8.13205007e-04   0.00000000e+00
 1.59900000e+01   6.00000000e-01   2.00000000e-01   0.00000000e+00  -1.01724785e-03  -1.52453062e-06  -9.37145028e-24   2.19801475e-05   8.13204967e-04   0.00000000e+00
 1.60000000e+01   6.00000000e-01   2.00000000e-01   0.00000000e+00  -1.01724900e-03  -1.51883544e-06   8.89388346e-23   2.19801479e-05   8.13204924e-04   0.00000000e+00
 1.60100000e+01   6.00000000e-01   2.00000000e-01   0.00000000e+00  -1.01724746e-03  -1.52209421e-06  -3.46119731e-24   2.19801472e-05   8.13204915e-04   0.00000000e+00
 1.60200000e+01   6.00000000e-01   2.00000000e-01   0.00000000e+00  -1.01724944e-03  -1.52158007e-06  -3.35952723e-24   2.19801474e-05   8.13204876e-04   0.00000000e+00
 1.60300000e+01   6.00000000e-01   2.00000000e-01   0.00000000e+00  -1.01724796e-03  -1.51954337e-06   9.50087038e-23   2.19801468e-05   8.13204885e-04   0.00000000e+00
 1.60400000e+01   6.00000000e-01   2.00000000e-01   0.00000000e+00  -1.01724917e-03  -1.52354430e-06  -7.29900066e-24   2.19801466e-05   8.13204947e-04   0.00000000e+00
 1.60500000e+01   6.00000000e-01   2.00000000e-01   0.00000000e+00  -1.01724797e-03  -1.51873600e-06  -8.98292437e-23   2.19801477e-05   8.13204906e-04   0.00000000e+00
 1.60600000e+01   6.00000000e-01   2.00000000e-01   0.00000000e+00  -1.01724926e-03  -1.52333482e-06  -8.27454842e-23   2.19801468e-05   8.13205012e-04   0.00000000e+00
 1.60700000e+01   6.00000000e-01   2.00000000e-01   0.00000000e+00  -1.01724814e-03  -1.52025727e-06   3.31374626e-24   2.19801461e-05   8.13204944e-04   0.00000000e+00
 1.60800000e+01   6.00000000e-01   2.00000000e-01   0.00000000e+00  -1.01724956e-03  -1.51995838e-06   5.26716652e-24   2.19801463e-05   8.13205033e-04   0.00000000e+00
 1.60900000e+01   6.00000000e-01   2.00000000e-01   0.00000000e+00  -1.01724748e-03  -1.52430687e-06  -1.50900633e-23   2.19801468e-05   8.13205113e-04   0.00000000e+00
 1.61000000e+01   6.00000000e-01   2.00000000e-01   0.00000000e+00  -1.01724978e-03  -1.51693056e-06  -7.68077723e-23   2.19801472e-05   8.13205029e-04   0.00000000e+00
 1.61100000e+01   6.00000000e-01   2.00000000e-01   0.00000000e+00  -1.01724827e-03  -1.52533756e-06   1.67355236e-22   2.19801465e-05   8.13205136e-04   0.00000000e+00
 1.61200000e+01   6.00000000e-01   2.00000000e-01   0.00000000e+00  -1.01724929e-03  -1.51739990e-06  -1.51018631e-24   2.19801457e-05   8.13205020e-04   0.00000000e+00
 1.61300000e+01   6.00000000e-01   2.00000000e-01   0.00000000e+00  -1.01724829e-03  -1.52349835e-06   9.09588960e-23   2.19801467e-05   8.13204938e-04   0.00000000e+00
 1.61400000e+01   6.00000000e-01   2.00000000e-01   0.00000000e+00  -1.01724973e-03  -1.52000547e-06  -8.36103602e-23   2.19801478e-05   8.13204876e-04   0.00000000e+00
 1.61500000e+01   6.00000000e-01   2.00000000e-01   0.00000000e+00  -1.01724800e-03  -1.52048829e-06   8.13426853e-23   2.19801468e-05   8.13204850e-04   0.00000000e+00
 1.61600000e+01   6.00000000e-01   2.00000000e-01   0.00000000e+00  -1.01724961e-03  -1.52327704e-06   6.49219489e-25   2.19801456e-05   8.13204965e-04   0.00000000e+00
 1.61700000e+01   6.00000000e-01   2.00000000e-01   0.00000000e+00  -1.01724854e-03  -1.51877710e-06   1.14491977e-23   2.19801473e-05   8.13204988e-04   0.00000000e+00
 1.61800000e+01   6.00000000e-01   2.00000000e-01   0.00000000e+00  -1.01724936e-03  -1.52359692e-06   3.65881895e-24   2.19801474e-05   8.13204973e-04   0.00000000e+00
 1.61900000e+01   6.00000000e-01   2.00000000e-01   0.00000000e+00  -1.01724828e-03  -1.51889235e-06  -1.13685164e-24   2.19801461e-05   8.13204949e-04   0.00000000e+00
 1.62000000e+01   6.00000000e-01   2.00000000e-01   0.00000000e+00  -1.01724981e-03  -1.52282337e-06   1.67390618e-24   2.19801465e-05   8.13204965e-04   0.00000000e+00
 1.62100000e+01   6.00000000e-01   2.00000000e-01   0.00000000e+00  -1.01724842e-03  -1.52039976e-06  -1.10340140e-23   2.19801466e-05   8.13204928e-04   0.00000000e+00
 1.62200000e+01   6.00000000e-01   2.00000000e-01   0.00000000e+00  -1.01724945e-03  -1.52078840e-06   7.88503187e-23   2.19801465e-05   8.13204989e-04   0.00000000e+00
 1.62300000e+01   6.00000000e-01   2.00000000e-01   0.00000000e+00  -1.01724869e-03  -1.52269504e-06   8.74568642e-23   2.19801469e-05   8.13205043e-04   0.00000000e+00
 1.62400000e+01   6.00000000e-01   2.00000000e-01   0.00000000e+00  -1.01724938e-03  -1.51909663e-06  -8.66057967e-23   2.19801463e-05   8.13205037e-04   0.00000000e+00
 1.62500000e+01   6.00000000e-01   2.00000000e-01   0.00000000e+00  -1.01724843e-03  -1.52337210e-06  -2.58114183e-24   2.19801461e-05   8.13205105e-04   0.00000000e+00
 1.62600000e+01   6.00000000e-01   2.00000000e-01   0.00000000e+00  -1.01724988e-03  -1.52003066e-06  -6.76233002e-24   2.19801469e-05   8.13204923e-04   0.00000000e+00
 1.62700000e+01   6.00000000e-01   2.00000000e-01   0.00000000e+00  -1.01724814e-03  -1.51964877e-06  -8.77051693e-24   2.19801459e-05   8.13205007e-04   0.00000000e+00
 1.62800000e+01   6.00000000e-01   2.00000000e-01   0.00000000e+00  -1.01724977e-03  -1.52472907e-06   2.13407773e-24   2.19801455e-05   8.13205145e-04   0.00000000e+00
 1.62900000e+01   6.00000000e-01   2.00000000e-01   0.00000000e+00  -1.01724827e-03  -1.51684674e-06   8.07605996e-23   2.19801476e-05   8.13205107e-04   0.00000000e+00
 1.63000000e+01   6.00000000e-01   2.00000000e-01   0.00000000e+00  -1.01724958e-03  -1.52553031e-06   2.38717664e-24   2.19801466e-05   8.13205178e-04   0.00000000e+00
 1.63100000e+01   6.00000000e-01   2.00000000e-01   0.00000000e+00  -1.01724856e-03  -1.51705005e-06  -4.85587060e-25   2.19801452e-05   8.13205107e-04   0.00000000e+00
 1.63200000e+01   6.00000000e-01   2.00000000e-01   0.00000000e+00  -1.01724950e-03  -1.52427925e-06  -3.59911520e-24   2.19801463e-05   8.13205106e-04   0.00000000e+00
 1.63300000e+01   6.00000000e-01   2.00000000e-01   0.00000000e+00  -1.01724831e-03  -1.51900381e-06   7.00606766e-24   2.19801468e-05   8.13205105e-04   0.00000000e+00
 1.63400000e+01   6.00000000e-01   2.00000000e-01   0.00000000e+00  -1.01724953e-03  -1.52177083e-06  -1.14155387e-24   2.19801464e-05   8.13205225e-04   0.00000000e+00
 1.63500000e+01   6.00000000e-01   2.00000000e-01   0.00000000e+00  -1.01724852e-03  -1.52294668e-06   7.33971178e-24   2.19801465e-05   8.13205204e-04   0.00000000e+00
 1.63600000e+01   6.00000000e-01   2.00000000e-01   0.00000000e+00  -1.01724940e-03  -1.51775673e-06  -5.33702423e-24   2.19801456e-05   8.13205156e-04   0.00000000e+00
 1.63700000e+01   6.00000000e-01   2.00000000e-01   0.00000000e+00  -1.01724809e-03  -1.52513168e-06   8.33995459e-23   2.19801456e-05   8.13205239e-04   0.00000000e+00
 1.63800000e+01   6.00000000e-01   2.00000000e-01   0.00000000e+00  -1.01725013e-03  -1.51749917e-06  -1.78516782e-25   2.19801466e-05   8.13205247e-04   0.00000000e+00
 1.63900000e+01   6.00000000e-01   2.00000000e-01   0.00000000e+00  -1.01724749e-03  -1.52448379e-06  -9.53145745e-24   2.19801459e-05   8.13205371e-04   0.00000000e+00
 1.64000000e+01   6.00000000e-01   2.00000000e-01   0.00000000e+00  -1.01724954e-03  -1.51891443e-06  -8.64405506e-23   2.19801450e-05   8.13205401e-04   0.00000000e+00
 1.64100000e+01   6.00000000e-01   2.00000000e-01   0.00000000e+00  -1.01724869e-03  -1.52236316e-06   7.26884572e-23   2.19801456e-05   8.13205466e-04   0.00000000e+00
 1.64200000e+01   6.00000000e-01   2.00000000e-01   0.00000000e+00  -1.01724925e-03  -1.52073813e-06  -1.02498893e-23   2.19801450e-05   8.13205569e-04   0.00000000e+00
 1.64300000e+01   6.00000000e-01   2.00000000e-01   0.00000000e+00  -1.01724807e-03  -1.52074429e-06  -8.31136563e-24   2.19801447e-05   8.13205625e-04   0.00000000e+00
 1.64400000e+01   6.00000000e-01   2.00000000e-01   0.00000000e+00  -1.01724922e-03  -1.52297624e-06   8.47179945e-23   2.19801463e-05   8.13205506e-04   0.00000000e+00
 1.64500000e+01   6.00000000e-01   2.00000000e-01   0.00000000e+00  -1.01724823e-03  -1.51748111e-06   8.97375063e-23   2.19801458e-05   8.13205452e-04   0.00000000e+00
 1.64600000e+01   6.00000000e-01   2.00000000e-01   0.00000000e+00  -1.01724883e-03  -1.52509095e-06   1.71638466e-22   2.19801444e-05   8.13205568e-04   0.00000000e+00
 1.64700000e+01   6.00000000e-01   2.00000000e-01   0.00000000e+00  -1.01724833e-03  -1.51774810e-06  -7.25746591e-23   2.19801457e-05   8.13205516e-04   0.00000000e+00
 1.64800000e+01   6.00000000e-01   2.00000000e-01   0.00000000e+00  -1.01724908e-03  -1.52351827e-06   9.00379439e-23   2.19801458e-05   8.13205509e-04   0.00000000e+00
 1.64900000e+01   6.00000000e-01   2.00000000e-01   0.00000000e+00  -1.01724805e-03  -1.52010306e-06  -4.30513055e-24   2.19801449e-05   8.13205477e-04   0.00000000e+00
 1.65000000e+01   6.00000000e-01   2.00000000e-01   0.00000000e+00  -1.01724926e-03  -1.52027613e-06  -7.33776186e-23   2.19801449e-05   8.13205541e-04   0.00000000e+00
 1.65100000e+01   6.00000000e-01   2.00000000e-01   0.00000000e+00  -1.01724737e-03  -1.52378464e-06   2.69300783e-24   2.19801454e-05   8.13205591e-04   0.00000000e+00
 1.65200000e+01   6.00000000e-01   2.00000000e-01   0.00000000e+00  -1.01724926e-03  -1.51767845e-06  -7.86713599e-25   2.19801459e-05   8.13205602e-04   0.00000000e+00
 1.65300000e+01   6.00000000e-01   2.00000000e-01   0.00000000e+00  -1.01724795e-03  -1.52475831e-06  -9.67542563e-25   2.19801459e-05   8.13205630e-04   0.00000000e+00
 1.65400000e+01   6.00000000e-01   2.00000000e-01   0.00000000e+00  -1.01724891e-03  -1.51771713e-06  -3.32028008e-24   2.19801446e-05   8.13205545e-04   0.00000000e+00
 1.65500000e+01   6.00000000e-01   2.00000000e-01   0.00000000e+00  -1.01724781e-03  -1.52349101e-06   2.58624893e-24   2.19801452e-05   8.13205510e-04   0.00000000e+00
 1.65600000e+01   6.00000000e-01   2.00000000e-01   0.00000000e+00  -1.01724912e-03  -1.51997678e-06   8.07741332e-23   2.19801468e-05   8.13205402e-04   0.00000000e+00
 1.65700000e+01   6.00000000e-01   2.00000000e-01   0.00000000e+00  -1.01724733e-03  -1.52046593e-06   1.21918763e-24   2.19801462e-05   8.13205419e-04   0.00000000e+00
 1.65800000e+01   6.00000000e-01   2.00000000e-01   0.00000000e+00  -1.01724877e-03  -1.52313834e-06  -8.14967079e-23   2.19801451e-05   8.13205483e-04   0.00000000e+00
 1.65900000e+01   6.00000000e-01   2.00000000e-01   0.00000000e+00  -1.01724768e-03  -1.51880400e-06  -1.31440205e-24   2.19801465e-05   8.13205471e-04   0.00000000e+00
 1.66000000e+01   6.00000000e-01   2.00000000e-01   0.00000000e+00  -1.01724859e-03  -1.52344094e-06   2.73926212e-24   2.19801467e-05   8.13205452e-04   0.00000000e+00
 1.66100000e+01   6.00000000e-01   2.00000000e-01   0.00000000e+00  -1.01724719e-03  -1.51894253e-06   2.95134022e-24   2.19801459e-05   8.13205414e-04   0.00000000e+00
 1.66200000e+01   6.00000000e-01   2.00000000e-01   0.00000000e+00  -1.01724914e-03  -1.52212999e-06   7.96514364e-24   2.19801463e-05   8.13205550e-04   0.00000000e+00
 1.66300000e+01   6.00000000e-01   2.00000000e-01   0.00000000e+00  -1.01724696e-03  -1.52261317e-06  -4.30227724e-24   2.19801470e-05   8.13205410e-04   0.00000000e+00
 1.66400000e+01   6.00000000e-01   2.00000000e-01   0.00000000e+00  -1.01724877e-03  -1.51737601e-06   8.28366127e-23   2.19801466e-05   8.13205347e-04   0.00000000e+00
 1.66500000e+01   6.00000000e-01   2.00000000e-01   0.00000000e+00  -1.01724737e-03  -1.52606205e-06   7.88187571e-23   2.19801462e-05   8.13205400e-04   0.00000000e+00
 1.66600000e+01   6.00000000e-01   2.00000000e-01   0.00000000e+00  -1.01724877e-03  -1.51622137e-06   7.78912845e-23   2.19801461e-05   8.13205328e-04   0.00000000e+00
 1.66700000e+01   6.00000000e-01   2.00000000e-01   0.00000000e+00  -1.01724713e-03  -1.52568672e-06   5.66261561e-25   2.19801464e-05   8.13205465e-04   0.00000000e+00
 1.66800000e+01   6.00000000e-01   2.00000000e-01   0.00000000e+00  -1.01724911e-03  -1.51810664e-06  -6.11576747e-24   2.19801465e-05   8.13205530e-04   0.00000000e+00
 1.66900000e+01   6.00000000e-01   2.00000000e-01   0.00000000e+00  -1.01724686e-03  -1.52219509e-06   8.82655972e-23   2.19801455e-05   8.13205764e-04   0.00000000e+00
 1.67000000e+01   6.00000000e-01   2.00000000e-01   0.00000000e+00  -1.01724882e-03  -1.52344471e-06  -6.14954173e-24   2.19801456e-05   8.13205716e-04   0.00000000e+00
 1.67100000e+01   6.00000000e-01   2.00000000e-01   0.00000000e+00  -1.01724770e-03  -1.51632731e-06  -8.26970733e-24   2.19801466e-05   8.13205570e-04   0.00000000e+00
 1.67200000e+01   6.00000000e-01   2.00000000e-01   0.00000000e+00  -1.01724811e-03  -1.52650144e-06  -8.50960609e-24   2.19801454e-05   8.13205592e-04   0.00000000e+00
 1.67300000e+01   6.00000000e-01   2.00000000e-01   0.00000000e+00  -1.01724765e-03  -1.51591629e-06   1.17346099e-23   2.19801450e-05   8.13205573e-04   0.00000000e+00
 1.67400000e+01   6.00000000e-01   2.00000000e-01   0.00000000e+00  -1.01724865e-03  -1.52586192e-06  -8.33335082e-23   2.19801462e-05   8.13205706e-04   0.00000000e+00
 1.67500000e+01   6.00000000e-01   2.00000000e-01   0.00000000e+00  -1.01724756e-03  -1.51786257e-06   3.47961211e-24   2.19801456e-05   8.13205708e-04   0.00000000e+00
 1.67600000e+01   6.00000000e-01   2.00000000e-01   0.00000000e+00  -1.01724871e-03  -1.52313120e-06  -3.37171176e-24   2.19801446e-05   8.13205760e-04   0.00000000e+00
 1.67700000e+01   6.00000000e-01   2.00000000e-01   0.00000000e+00  -1.01724790e-03  -1.51994711e-06   3.30540284e-24   2.19801449e-05   8.13205867e-04   0.00000000e+00
 1.67800000e+01   6.00000000e-01   2.00000000e-01   0.00000000e+00  -1.01724797e-03  -1.52220252e-06   7.99053520e-23   2.19801453e-05   8.13205822e-04   0.00000000e+00
 1.67900000e+01   6.00000000e-01   2.00000000e-01   0.00000000e+00  -1.01724789e-03  -1.52000438e-06  -8.01158099e-23   2.19801455e-05   8.13205774e-04   0.00000000e+00
 1.68000000e+01   6.00000000e-01   2.00000000e-01   0.00000000e+00  -1.01724880e-03  -1.52250833e-06  -4.33979888e-24   2.19801452e-05   8.13205681e-04   0.00000000e+00
 1.68100000e+01   6.00000000e-01   2.00000000e-01   0.00000000e+00  -1.01724782e-03  -1.51845753e-06   6.03988381e-24   2.19801441e-05   8.13205783e-04   0.00000000e+00
 1.68200000e+01   6.00000000e-01   2.00000000e-01   0.00000000e+00  -1.01724870e-03  -1.52483804e-06  -1.70694613e-24   2.19801443e-05   8.13205830e-04   0.00000000e+00
 1.68300000e+01   6.00000000e-01   2.00000000e-01   0.00000000e+00  -1.01724770e-03  -1.51724751e-06   8.76613113e-23   2.19801466e-05   8.13205786e-04   0.00000000e+00
 1.68400000e+01   6.00000000e-01   2.00000000e-01   0.00000000e+00  -1.01724815e-03  -1.52470542e-06  -1.21970904e-24   2.19801457e-05   8.13205842e-04   0.00000000e+00
 1.68500000e+01   6.00000000e-01   2.00000000e-01   0.00000000e+00  -1.01724827e-03  -1.51809669e-06   6.44931661e-24   2.19801441e-05   8.13205727e-04   0.00000000e+00
 1.68600000e+01   6.00000000e-01   2.00000000e-01   0.00000000e+00  -1.01724905e-03  -1.52211024e-06  -9.79301479e-24   2.19801450e-05   8.13205870e-04   0.00000000e+00
 1.68700000e+01   6.00000000e-01   2.00000000e-01   0.00000000e+00  -1.01724708e-03  -1.52321816e-06   4.25907773e-24   2.19801464e-05   8.13205705e-04   0.00000000e+00
 1.68800000e+01   6.00000000e-01   2.00000000e-01   0.00000000e+00  -1.01724993e-03  -1.51634225e-06   4.78378215e-25   2.19801455e-05   8.13205615e-04   0.00000000e+00
 1.68900000e+01   6.00000000e-01   2.00000000e-01   0.00000000e+00  -1.01724674e-03  -1.52703880e-06   8.56544313e-23   2.19801446e-05   8.13205667e-04   0.00000000e+00
 1.69000000e+01   6.00000000e-01   2.00000000e-01   0.00000000e+00  -1.01724941e-03  -1.51531574e-06  -8.43379112e-23   2.19801450e-05   8.13205544e-04   0.00000000e+00
 1.69100000e+01   6.00000000e-01   2.00000000e-01   0.00000000e+00  -1.01724741e-03  -1.52635552e-06  -3.54667567e-24   2.19801458e-05   8.13205742e-04   0.00000000e+00
 1.69200000e+01   6.00000000e-01   2.00000000e-01   0.00000000e+00  -1.01724958e-03  -1.51781397e-06   5.10566666e-24   2.19801457e-05   8.13205738e-04   0.00000000e+00
 1.69300000e+01   6.00000000e-01   2.00000000e-01   0.00000000e+00  -1.01724727e-03  -1.52204308e-06  -2.99347708e-24   2.19801439e-05   8.13205975e-04   0.00000000e+00
 1.69400000e+01   6.00000000e-01   2.00000000e-01   0.00000000e+00  -1.01724877e-03  -1.52379166e-06   2.38826860e-24   2.19801449e-05   8.13205900e-04   0.00000000e+00
 1.69500000e+01   6.00000000e-01   2.00000000e-01   0.00000000e+00  -1.01724892e-03  -1.51575539e-06   6.58330637e-24   2.19801462e-05   8.13205728e-04   0.00000000e+00
 1.69600000e+01   6.00000000e-01   2.00000000e-01   0.00000000e+00  -1.01724788e-03  -1.52723445e-06   7.04424327e-23   2.19801443e-05   8.13205789e-04   0.00000000e+00
 1.69700000e+01   6.00000000e-01   2.00000000e-01   0.00000000e+00  -1.01724878e-03  -1.51510593e-06  -7.63959172e-24   2.19801438e-05   8.13205683e-04   0.00000000e+00
 1.69800000e+01   6.00000000e-01   2.00000000e-01   0.00000000e+00  -1.01724874e-03  -1.52652815e-06  -9.26976876e-23   2.19801453e-05   8.13205863e-04   0.00000000e+00
 1.69900000e+01   6.00000000e-01   2.00000000e-01   0.00000000e+00  -1.01724818e-03  -1.51744397e-06   8.39797333e-23   2.19801453e-05   8.13205848e-04   0.00000000e+00
 1.70000000e+01   6.00000000e-01   2.00000000e-01   0.00000000e+00  -1.01724889e-03  -1.52261080e-06  -9.06057861e-23   2.19801440e-05   8.13206000e-04   0.00000000e+00
 1.70100000e+01   6.00000000e-01   2.00000000e-01   0.00000000e+00  -1.01724768e-03  -1.52263755e-06   8.76850675e-23   2.19801449e-05   8.13205981e-04   0.00000000e+00
 1.70200000e+01   6.00000000e-01   2.00000000e-01   0.00000000e+00  -1.01724955e-03  -1.51727736e-06  -8.98015817e-23   2.19801449e-05   8.13205813e-04   0.00000000e+00
 1.70300000e+01   6.00000000e-01   2.00000000e-01   0.00000000e+00  -1.01724711e-03  -1.52565043e-06   8.38447341e-23   2.19801442e-05   8.13205863e-04   0.00000000e+00
 1.70400000e+01   6.00000000e-01   2.00000000e-01   0.00000000e+00  -1.01724984e-03  -1.51670424e-06  -4.65818022e-24   2.19801448e-05   8.13205783e-04   0.00000000e+00
 1.70500000e+01   6.00000000e-01   2.00000000e-01   0.00000000e+00  -1.01724741e-03  -1.52500949e-06   8.42470426e-25   2.19801448e-05   8.13205871e-04   0.00000000e+00
 1.70600000e+01   6.00000000e-01   2.00000000e-01   0.00000000e+00  -1.01724978e-03  -1.51852193e-06  -1.54840924e-23   2.19801440e-05   8.13205893e-04   0.00000000e+00
 1.70700000e+01   6.00000000e-01   2.00000000e-01   0.00000000e+00  -1.01724797e-03  -1.52185658e-06   8.61159311e-23   2.19801444e-05   8.13206077e-04   0.00000000e+00
 1.70800000e+01   6.00000000e-01   2.00000000e-01   0.00000000e+00  -1.01724859e-03  -1.52348844e-06  -2.07820551e-24   2.19801449e-05   8.13206003e-04   0.00000000e+00
 1.70900000e+01   6.00000000e-01   2.00000000e-01   0.00000000e+00  -1.01724859e-03  -1.51620481e-06   9.42562346e-23   2.19801445e-05   8.13205837e-04   0.00000000e+00
 1.71000000e+01   6.00000000e-01   2.00000000e-01   0.00000000e+00  -1.01724862e-03  -1.52679479e-06   8.75503542e-23   2.19801443e-05   8.13205890e-04   0.00000000e+00
 1.71100000e+01   6.00000000e-01   2.00000000e-01   0.00000000e+00  -1.01724881e-03  -1.51549843e-06   1.00529159e-23   2.19801440e-05   8.13205813e-04   0.00000000e+00
 1.71200000e+01   6.00000000e-01   2.00000000e-01   0.00000000e+00  -1.01724828e-03  -1.52619289e-06  -5.22780666e-24   2.19801444e-05   8.13205932e-04   0.00000000e+00
 1.71300000e+01   6.00000000e-01   2.00000000e-01   0.00000000e+00  -1.01724880e-03  -1.51768658e-06   1.40768145e-23   2.19801451e-05   8.13205956e-04   0.00000000e+00
 1.71400000e+01   6.00000000e-01   2.00000000e-01   0.00000000e+00  -1.01724884e-03  -1.52262392e-06   7.22820985e-24   2.19801440e-05   8.13206060e-04   0.00000000e+00
 1.71500000e+01   6.00000000e-01   2.00000000e-01   0.00000000e+00  -1.01724754e-03  -1.52237337e-06   9.31994035e-24   2.19801441e-05   8.13206019e-04   0.00000000e+00
 1.71600000e+01   6.00000000e-01   2.00000000e-01   0.00000000e+00  -1.01725000e-03  -1.51754364e-06   7.04297897e-23   2.19801449e-05   8.13205890e-04   0.00000000e+00
 1.71700000e+01   6.00000000e-01   2.00000000e-01   0.00000000e+00  -1.01724717e-03  -1.52546568e-06   4.16789885e-24   2.19801443e-05   8.13205889e-04   0.00000000e+00
 1.71800000e+01   6.00000000e-01   2.00000000e-01   0.00000000e+00  -1.01725007e-03  -1.51667030e-06  -5.58268657e-24   2.19801437e-05   8.13205849e-04   0.00000000e+00
 1.71900000e+01   6.00000000e-01   2.00000000e-01   0.00000000e+00  -1.01724751e-03  -1.52524875e-06   8.12453190e-23   2.19801449e-05   8.13205929e-04   0.00000000e+00
 1.72000000e+01   6.00000000e-01   2.00000000e-01   0.00000000e+00  -1.01724955e-03  -1.51823029e-06   8.56411510e-23   2.19801445e-05   8.13205933e-04   0.00000000e+00
 1.72100000e+01   6.00000000e-01   2.00000000e-01   0.00000000e+00  -1.01724793e-03  -1.52203847e-06  -8.83905791e-23   2.19801438e-05   8.13206102e-04   0.00000000e+00
 1.72200000e+01   6.00000000e-01   2.00000000e-01   0.00000000e+00  -1.01724926e-03  -1.52336088e-06   2.20683698e-24   2.19801449e-05   8.13206010e-04   0.00000000e+00
 1.72300000e+01   6.00000000e-01   2.00000000e-01   0.00000000e+00  -1.01724834e-03  -1.51621378e-06  -7.79963847e-23   2.19801445e-05   8.13205875e-04   0.00000000e+00
 1.72400000e+01   6.00000000e-01   2.00000000e-01   0.00000000e+00  -1.01724811e-03  -1.52701761e-06  -9.48558878e-23   2.19801439e-05   8.13205886e-04   0.00000000e+00
 1.72500000e+01   6.00000000e-01   2.00000000e-01   0.00000000e+00  -1.01724937e-03  -1.51517613e-06   7.76193604e-23   2.19801449e-05   8.13205801e-04   0.00000000e+00
 1.72600000e+01   6.00000000e-01   2.00000000e-01   0.00000000e+00  -1.01724815e-03  -1.52646511e-06  -2.56466346e-24   2.19801446e-05   8.13205909e-04   0.00000000e+00
 1.72700000e+01   6.00000000e-01   2.00000000e-01   0.00000000e+00  -1.01724865e-03  -1.51744996e-06  -9.62611415e-23   2.19801438e-05   8.13205927e-04   0.00000000e+00
 1.72800000e+01   6.00000000e-01   2.00000000e-01   0.00000000e+00  -1.01724924e-03  -1.52341285e-06  -6.10653153e-24   2.19801444e-05   8.13205954e-04   0.00000000e+00
 1.72900000e+01   6.00000000e-01   2.00000000e-01   0.00000000e+00  -1.01724762e-03  -1.52064157e-06  -2.19284503e-24   2.19801443e-05   8.13205903e-04   0.00000000e+00
 1.73000000e+01   6.00000000e-01   2.00000000e-01   0.00000000e+00  -1.01724975e-03  -1.51953924e-06   3.74818562e-24   2.19801436e-05   8.13205922e-04   0.00000000e+00
 1.73100000e+01   6.00000000e-01   2.00000000e-01   0.00000000e+00  -1.01724754e-03  -1.52424019e-06   4.06038530e-24   2.19801449e-05   8.13205949e-04   0.00000000e+00
 1.73200000e+01   6.00000000e-01   2.00000000e-01   0.00000000e+00  -1.01724976e-03  -1.51733092e-06  -1.46185515e-23   2.19801447e-05   8.13205921e-04   0.00000000e+00
 1.73300000e+01   6.00000000e-01   2.00000000e-01   0.00000000e+00  -1.01724729e-03  -1.52485522e-06  -4.70528494e-24   2.19801441e-05   8.13205939e-04   0.00000000e+00
 1.73400000e+01   6.00000000e-01   2.00000000e-01   0.00000000e+00  -1.01724995e-03  -1.51780599e-06   9.04721905e-23   2.19801446e-05   8.13205841e-04   0.00000000e+00
 1.73500000e+01   6.00000000e-01   2.00000000e-01   0.00000000e+00  -1.01724757e-03  -1.52335741e-06   8.51158846e-23   2.19801448e-05   8.13205795e-04   0.00000000e+00
 1.73600000e+01   6.00000000e-01   2.00000000e-01   0.00000000e+00  -1.01724924e-03  -1.52034168e-06  -8.85228020e-23   2.19801449e-05   8.13205654e-04   0.00000000e+00
 1.73700000e+01   6.00000000e-01   2.00000000e-01   0.00000000e+00  -1.01724854e-03  -1.51983711e-06  -8.77285641e-24   2.19801449e-05   8.13205692e-04   0.00000000e+00
 1.73800000e+01   6.00000000e-01   2.00000000e-01   0.00000000e+00  -1.01724843e-03  -1.52421739e-06  -6.22580734e-24   2.19801447e-05   8.13205790e-04   0.00000000e+00
 1.73900000e+01   6.00000000e-01   2.00000000e-01   0.00000000e+00  -1.01724873e-03  -1.51766386e-06  -8.46094781e-23   2.19801450e-05   8.13205779e-04   0.00000000e+00
 1.74000000e+01   6.00000000e-01   2.00000000e-01   0.00000000e+00  -1.01724894e-03  -1.52468536e-06   8.47088305e-23   2.19801454e-05   8.13205808e-04   0.00000000e+00
 1.74100000e+01   6.00000000e-01   2.00000000e-01   0.00000000e+00  -1.01724828e-03  -1.51798218e-06  -3.97414707e-24   2.19801444e-05   8.13205762e-04   0.00000000e+00
 1.74200000e+01   6.00000000e-01   2.00000000e-01   0.00000000e+00  -1.01724859e-03  -1.52349896e-06  -9.83651394e-24   2.19801446e-05   8.13205732e-04   0.00000000e+00
 1.74300000e+01   6.00000000e-01   2.00000000e-01   0.00000000e+00  -1.01724831e-03  -1.52003841e-06   1.00992389e-23   2.19801461e-05   8.13205645e-04   0.00000000e+00
 1.74400000e+01   6.00000000e-01   2.00000000e-01   0.00000000e+00  -1.01724952e-03  -1.52043231e-06  -7.53652490e-25   2.19801448e-05   8.13205696e-04   0.00000000e+00
 1.74500000e+01   6.00000000e-01   2.00000000e-01   0.00000000e+00  -1.01724736e-03  -1.52359736e-06   7.13385657e-23   2.19801440e-05   8.13205770e-04   0.00000000e+00
 1.74600000e+01   6.00000000e-01   2.00000000e-01   0.00000000e+00  -1.01725002e-03  -1.51812578e-06   9.31675967e-23   2.19801451e-05   8.13205801e-04   0.00000000e+00
 1.74700000e+01   6.00000000e-01   2.00000000e-01   0.00000000e+00  -1.01724742e-03  -1.52438716e-06   1.23686461e-24   2.19801455e-05   8.13205830e-04   0.00000000e+00
 1.74800000e+01   6.00000000e-01   2.00000000e-01   0.00000000e+00  -1.01724962e-03  -1.51820923e-06  -6.53262037e-24   2.19801445e-05   8.13205802e-04   0.00000000e+00
 1.74900000e+01   6.00000000e-01   2.00000000e-01   0.00000000e+00  -1.01724764e-03  -1.52337021e-06  -8.31057107e-23   2.19801449e-05   8.13205818e-04   0.00000000e+00
 1.75000000e+01   6.00000000e-01   2.00000000e-01   0.00000000e+00  -1.01724917e-03  -1.52032837e-06  -3.62917599e-24   2.19801449e-05   8.13205705e-04   0.00000000e+00
 1.75100000e+01   6.00000000e-01   2.00000000e-01   0.00000000e+00  -1.01724820e-03  -1.51985154e-06  -6.71766859e-25   2.19801442e-05   8.13205806e-04   0.00000000e+00
 1.75200000e+01   6.00000000e-01   2.00000000e-01   0.00000000e+00  -1.01724919e-03  -1.52445268e-06   6.02009382e-24   2.19801449e-05   8.13205902e-04   0.00000000e+00
 1.75300000e+01   6.00000000e-01   2.00000000e-01   0.00000000e+00  -1.01724840e-03  -1.51709850e-06  -2.71158730e-24   2.19801447e-05   8.13205918e-04   0.00000000e+00
 1.75400000e+01   6.00000000e-01   2.00000000e-01   0.00000000e+00  -1.01724836e-03  -1.52539473e-06  -1.46415514e-23   2.19801442e-05   8.13206000e-04   0.00000000e+00
 1.75500000e+01   6.00000000e-01   2.00000000e-01   0.00000000e+00  -1.01724878e-03  -1.51736620e-06  -8.25799833e-23   2.19801448e-05   8.13205939e-04   0.00000000e+00
 1.75600000e+01   6.00000000e-01   2.00000000e-01   0.00000000e+00  -1.01724841e-03  -1.52376956e-06   4.49082129e-25   2.19801446e-05   8.13205928e-04   0.00000000e+00
 1.75700000e+01   6.00000000e-01   2.00000000e-01   0.00000000e+00  -1.01724799e-03  -1.52024039e-06  -7.50841167e-23   2.19801443e-05   8.13205802e-04   0.00000000e+00
 1.75800000e+01   6.00000000e-01   2.00000000e-01   0.00000000e+00  -1.01724975e-03  -1.51951447e-06   7.72899370e-25   2.19801441e-05   8.13205905e-04   0.00000000e+00
 1.75900000e+01   6.00000000e-01   2.00000000e-01   0.00000000e+00  -1.01724736e-03  -1.52512113e-06   7.98302998e-23   2.19801442e-05   8.13206019e-04   0.00000000e+00
 1.76000000e+01   6.00000000e-01   2.00000000e-01   0.00000000e+00  -1.01724993e-03  -1.51642275e-06  -8.48993238e-24   2.19801443e-05   8.13206055e-04   0.00000000e+00
 1.76100000e+01   6.00000000e-01   2.00000000e-01   0.00000000e+00  -1.01724733e-03  -1.52602893e-06   2.81939137e-25   2.19801447e-05   8.13206148e-04   0.00000000e+00
 1.76200000e+01   6.00000000e-01   2.00000000e-01   0.00000000e+00  -1.01724959e-03  -1.51677947e-06  -3.55330222e-24   2.19801437e-05   8.13206055e-04   0.00000000e+00
 1.76300000e+01   6.00000000e-01   2.00000000e-01   0.00000000e+00  -1.01724743e-03  -1.52405965e-06   7.60119036e-24   2.19801436e-05   8.13206066e-04   0.00000000e+00
 1.76400000e+01   6.00000000e-01   2.00000000e-01   0.00000000e+00  -1.01724971e-03  -1.51997451e-06  -1.19460447e-25   2.19801447e-05   8.13205966e-04   0.00000000e+00
 1.76500000e+01   6.00000000e-01   2.00000000e-01   0.00000000e+00  -1.01724765e-03  -1.52000422e-06   1.12250865e-23   2.19801440e-05   8.13206017e-04   0.00000000e+00
 1.76600000e+01   6.00000000e-01   2.00000000e-01   0.00000000e+00  -1.01724873e-03  -1.52420317e-06  -5.52261419e-24   2.19801437e-05   8.13206107e-04   0.00000000e+00
 1.76700000e+01   6.00000000e-01   2.00000000e-01   0.00000000e+00  -1.01724893e-03  -1.51745786e-06   8.95410247e-23   2.19801445e-05   8.13206117e-04   0.00000000e+00
 1.76800000e+01   6.00000000e-01   2.00000000e-01   0.00000000e+00  -1.01724821e-03  -1.52485035e-06  -4.27163570e-24   2.19801439e-05   8.13206188e-04   0.00000000e+00
 1.76900000e+01   6.00000000e-01   2.00000000e-01   0.00000000e+00  -1.01724850e-03  -1.51793649e-06  -7.90984117e-23   2.19801434e-05   8.13206129e-04   0.00000000e+00
 1.77000000e+01   6.00000000e-01   2.00000000e-01   0.00000000e+00  -1.01724906e-03  -1.52331155e-06   2.83342618e-24   2.19801443e-05   8.13206148e-04   0.00000000e+00
 1.77100000e+01   6.00000000e-01   2.00000000e-01   0.00000000e+00  -1.01724756e-03  -1.52047501e-06   8.48050043e-23   2.19801442e-05   8.13206036e-04   0.00000000e+00
 1.77200000e+01   6.00000000e-01   2.00000000e-01   0.00000000e+00  -1.01724961e-03  -1.51961971e-06   6.35407929e-24   2.19801430e-05   8.13206107e-04   0.00000000e+00
 1.77300000e+01   6.00000000e-01   2.00000000e-01   0.00000000e+00  -1.01724751e-03  -1.52452525e-06  -9.91855983e-24   2.19801442e-05   8.13206217e-04   0.00000000e+00
 1.77400000e+01   6.00000000e-01   2.00000000e-01   0.00000000e+00  -1.01724954e-03  -1.51720807e-06   8.21625539e-23   2.19801444e-05   8.13206186e-04   0.00000000e+00
 1.77500000e+01   6.00000000e-01   2.00000000e-01   0.00000000e+00  -1.01724713e-03  -1.52500684e-06  -1.42320803e-24   2.19801436e-05   8.13206253e-04   0.00000000e+00
 1.77600000e+01   6.00000000e-01   2.00000000e-01   0.00000000e+00  -1.01724979e-03  -1.51775591e-06  -4.01234563e-24   2.19801437e-05   8.13206189e-04   0.00000000e+00
 1.77700000e+01   6.00000000e-01   2.00000000e-01   0.00000000e+00  -1.01724746e-03  -1.52343820e-06   3.18466296e-25   2.19801438e-05   8.13206172e-04   0.00000000e+00
 1.77800000e+01   6.00000000e-01   2.00000000e-01   0.00000000e+00  -1.01724919e-03  -1.52026171e-06   1.17690232e-24   2.19801439e-05   8.13206085e-04   0.00000000e+00
 1.77900000e+01   6.00000000e-01   2.00000000e-01   0.00000000e+00  -1.01724832e-03  -1.51995185e-06   7.00958165e-25   2.19801439e-05   8.13206138e-04   0.00000000e+00
 1.78000000e+01   6.00000000e-01   2.00000000e-01   0.00000000e+00  -1.01724827e-03  -1.52419847e-06  -3.39053584e-24   2.19801436e-05   8.13206234e-04   0.00000000e+00
 1.78100000e+01   6.00000000e-01   2.00000000e-01   0.00000000e+00  -1.01724866e-03  -1.51746450e-06  -8.27731213e-23   2.19801438e-05   8.13206236e-04   0.00000000e+00
 1.78200000e+01   6.00000000e-01   2.00000000e-01   0.00000000e+00  -1.01724871e-03  -1.52491038e-06  -9.06306776e-23   2.19801443e-05   8.13206291e-04   0.00000000e+00
 1.78300000e+01   6.00000000e-01   2.00000000e-01   0.00000000e+00  -1.01724813e-03  -1.51773985e-06  -8.25605303e-25   2.19801434e-05   8.13206219e-04   0.00000000e+00
 1.78400000e+01   6.00000000e-01   2.00000000e-01   0.00000000e+00  -1.01724847e-03  -1.52349522e-06  -4.33872806e-24   2.19801434e-05   8.13206203e-04   0.00000000e+00
 1.78500000e+01   6.00000000e-01   2.00000000e-01   0.00000000e+00  -1.01724804e-03  -1.52020542e-06  -8.41664106e-23   2.19801449e-05   8.13206104e-04   0.00000000e+00
 1.78600000e+01   6.00000000e-01   2.00000000e-01   0.00000000e+00  -1.01724949e-03  -1.51998380e-06  -1.37112288e-23   2.19801437e-05   8.13206148e-04   0.00000000e+00
 1.78700000e+01   6.00000000e-01   2.00000000e-01   0.00000000e+00  -1.01724731e-03  -1.52400499e-06  -8.86348076e-23   2.19801427e-05   8.13206270e-04   0.00000000e+00
 1.78800000e+01   6.00000000e-01   2.00000000e-01   0.00000000e+00  -1.01724939e-03  -1.51805462e-06   5.79366509e-24   2.19801443e-05   8.13206250e-04   0.00000000e+00
 1.78900000e+01   6.00000000e-01   2.00000000e-01   0.00000000e+00  -1.01724743e-03  -1.52398463e-06  -9.36123905e-23   2.19801446e-05   8.13206274e-04   0.00000000e+00
 1.79000000e+01   6.00000000e-01   2.00000000e-01   0.00000000e+00  -1.01724946e-03  -1.51878303e-06   8.74338789e-23   2.19801433e-05   8.13206239e-04   0.00000000e+00
 1.79100000e+01   6.00000000e-01   2.00000000e-01   0.00000000e+00  -1.01724790e-03  -1.52188783e-06  -8.29954156e-23   2.19801434e-05   8.13206386e-04   0.00000000e+00
 1.79200000e+01   6.00000000e-01   2.00000000e-01   0.00000000e+00  -1.01724853e-03  -1.52308754e-06  -8.61399240e-23   2.19801443e-05   8.13206313e-04   0.00000000e+00
 1.79300000e+01   6.00000000e-01   2.00000000e-01   0.00000000e+00  -1.01724840e-03  -1.51703646e-06   7.20576853e-24   2.19801443e-05   8.13206209e-04   0.00000000e+00
 1.79400000e+01   6.00000000e-01   2.00000000e-01   0.00000000e+00  -1.01724838e-03  -1.52608071e-06  -7.34927235e-24   2.19801436e-05   8.13206261e-04   0.00000000e+00
 1.79500000e+01   6.00000000e-01   2.00000000e-01   0.00000000e+00  -1.01724819e-03  -1.51636043e-06   5.58356514e-24   2.19801431e-05   8.13206201e-04   0.00000000e+00
 1.79600000e+01   6.00000000e-01   2.00000000e-01   0.00000000e+00  -1.01724857e-03  -1.52533758e-06   7.94859906e-24   2.19801436e-05   8.13206338e-04   0.00000000e+00
 1.79700000e+01   6.00000000e-01   2.00000000e-01   0.00000000e+00  -1.01724859e-03  -1.51860584e-06   6.21538766e-25   2.19801440e-05   8.13206430e-04   0.00000000e+00
 1.79800000e+01   6.00000000e-01   2.00000000e-01   0.00000000e+00  -1.01724860e-03  -1.52216501e-06  -8.42178140e-23   2.19801426e-05   8.13206568e-04   0.00000000e+00
 1.79900000e+01   6.00000000e-01   2.00000000e-01   0.00000000e+00  -1.01724723e-03  -1.52221864e-06  -9.75820094e-23   2.19801426e-05   8.13206571e-04   0.00000000e+00
 1.80000000e+01   6.00000000e-01   2.00000000e-01   0.00000000e+00  -1.01724966e-03  -1.51852850e-06  -3.22450471e-24   2.19801439e-05   8.13206469e-04   0.00000000e+00
 1.80100000e+01   6.00000000e-01   2.00000000e-01   0.00000000e+00  -1.01724718e-03  -1.52395381e-06  -6.83124004e-25   2.19801434e-05   8.13206470e-04   0.00000000e+00
 1.80200000e+01   6.00000000e-01   2.00000000e-01   0.00000000e+00  -1.01724954e-03  -1.51829623e-06  -8.12010466e-23   2.19801420e-05   8.13206472e-04   0.00000000e+00
 1.80300000e+01   6.00000000e-01   2.00000000e-01   0.00000000e+00  -1.01724739e-03  -1.52375983e-06  -7.75287114e-24   2.19801432e-05   8.13206540e-04   0.00000000e+00
 1.80400000e+01   6.00000000e-01   2.00000000e-01   0.00000000e+00  -1.01724920e-03  -1.51919449e-06  -4.03015977e-24   2.19801434e-05   8.13206522e-04   0.00000000e+00
 1.80500000e+01   6.00000000e-01   2.00000000e-01   0.00000000e+00  -1.01724758e-03  -1.52170256e-06  -6.47601637e-24   2.19801427e-05   8.13206648e-04   0.00000000e+00
 1.80600000e+01   6.00000000e-01   2.00000000e-01   0.00000000e+00  -1.01724907e-03  -1.52257643e-06  -1.10275321e-23   2.19801432e-05   8.13206597e-04   0.00000000e+00
 1.80700000e+01   6.00000000e-01   2.00000000e-01   0.00000000e+00  -1.01724793e-03  -1.51809387e-06  -9.82192752e-24   2.19801428e-05   8.13206472e-04   0.00000000e+00
 1.80800000e+01   6.00000000e-01   2.00000000e-01   0.00000000e+00  -1.01724802e-03  -1.52450411e-06  -3.89436055e-24   2.19801427e-05   8.13206513e-04   0.00000000e+00
 1.80900000e+01   6.00000000e-01   2.00000000e-01   0.00000000e+00  -1.01724871e-03  -1.51786784e-06  -2.40666934e-24   2.19801437e-05   8.13206460e-04   0.00000000e+00
 1.81000000e+01   6.00000000e-01   2.00000000e-01   0.00000000e+00  -1.01724810e-03  -1.52396920e-06   4.45609574e-24   2.19801431e-05   8.13206517e-04   0.00000000e+00
 1.81100000e+01   6.00000000e-01   2.00000000e-01   0.00000000e+00  -1.01724781e-03  -1.52002067e-06  -9.79762278e-26   2.19801425e-05   8.13206373e-04   0.00000000e+00
 1.81200000e+01   6.00000000e-01   2.00000000e-01   0.00000000e+00  -1.01724942e-03  -1.51926936e-06   2.94651679e-24   2.19801425e-05   8.13206464e-04   0.00000000e+00
 1.81300000e+01   6.00000000e-01   2.00000000e-01   0.00000000e+00  -1.01724717e-03  -1.52558405e-06  -8.01466123e-23   2.19801430e-05   8.13206581e-04   0.00000000e+00
 1.81400000e+01   6.00000000e-01   2.00000000e-01   0.00000000e+00  -1.01724959e-03  -1.51569058e-06   8.32928421e-23   2.19801436e-05   8.13206495e-04   0.00000000e+00
 1.81500000e+01   6.00000000e-01   2.00000000e-01   0.00000000e+00  -1.01724696e-03  -1.52639515e-06   8.30520395e-23   2.19801437e-05   8.13206553e-04   0.00000000e+00
 1.81600000e+01   6.00000000e-01   2.00000000e-01   0.00000000e+00  -1.01724931e-03  -1.51641415e-06   8.05583722e-23   2.19801429e-05   8.13206398e-04   0.00000000e+00
 1.81700000e+01   6.00000000e-01   2.00000000e-01   0.00000000e+00  -1.01724769e-03  -1.52413082e-06   2.66027639e-24   2.19801431e-05   8.13206314e-04   0.00000000e+00
 1.81800000e+01   6.00000000e-01   2.00000000e-01   0.00000000e+00  -1.01724855e-03  -1.52022350e-06  -8.01996061e-23   2.19801446e-05   8.13206107e-04   0.00000000e+00
 1.81900000e+01   6.00000000e-01   2.00000000e-01   0.00000000e+00  -1.01724780e-03  -1.51891050e-06  -8.36783125e-23   2.19801442e-05   8.13206114e-04   0.00000000e+00
 1.82000000e+01   6.00000000e-01   2.00000000e-01   0.00000000e+00  -1.01724840e-03  -1.52572413e-06   8.72228866e-23   2.19801434e-05   8.13206261e-04   0.00000000e+00
 1.82100000e+01   6.00000000e-01   2.00000000e-01   0.00000000e+00  -1.01724884e-03  -1.51614820e-06   9.60979452e-23   2.19801443e-05   8.13206245e-04   0.00000000e+00
 1.82200000e+01   6.00000000e-01   2.00000000e-01   0.00000000e+00  -1.01724770e-03  -1.52605404e-06  -9.02474562e-24   2.19801441e-05   8.13206258e-04   0.00000000e+00
 1.82300000e+01   6.00000000e-01   2.00000000e-01   0.00000000e+00  -1.01724833e-03  -1.51681338e-06   3.35793126e-24   2.19801439e-05   8.13206153e-04   0.00000000e+00
 1.82400000e+01   6.00000000e-01   2.00000000e-01   0.00000000e+00  -1.01724876e-03  -1.52418210e-06   9.21137274e-23   2.19801447e-05   8.13206158e-04   0.00000000e+00
 1.82500000e+01   6.00000000e-01   2.00000000e-01   0.00000000e+00  -1.01724728e-03  -1.52029525e-06  -2.42055642e-24   2.19801444e-05   8.13205952e-04   0.00000000e+00
 1.82600000e+01   6.00000000e-01   2.00000000e-01   0.00000000e+00  -1.01724938e-03  -1.51893067e-06   5.53870582e-24   2.19801433e-05   8.13206033e-04   0.00000000e+00
 1.82700000e+01   6.00000000e-01   2.00000000e-01   0.00000000e+00  -1.01724706e-03  -1.52588035e-06   2.33407986e-24   2.19801450e-05   8.13206192e-04   0.00000000e+00
 1.82800000e+01   6.00000000e-01   2.00000000e-01   0.00000000e+00  -1.01724941e-03  -1.51586253e-06   1.64859943e-24   2.19801453e-05   8.13206140e-04   0.00000000e+00
 1.82900000e+01   6.00000000e-01   2.00000000e-01   0.00000000e+00  -1.01724679e-03  -1.52635580e-06  -9.03314536e-23   2.19801440e-05   8.13206230e-04   0.00000000e+00
 1.83000000e+01   6.00000000e-01   2.00000000e-01   0.00000000e+00  -1.01724957e-03  -1.51669188e-06  -1.43781576e-24   2.19801438e-05   8.13206130e-04   0.00000000e+00
 1.83100000e+01   6.00000000e-01   2.00000000e-01   0.00000000e+00  -1.01724711e-03  -1.52417499e-06   1.18536501e-23   2.19801445e-05   8.13206114e-04   0.00000000e+00
 1.83200000e+01   6.00000000e-01   2.00000000e-01   0.00000000e+00  -1.01724892e-03  -1.52003209e-06   7.45898201e-23   2.19801448e-05   8.13206012e-04   0.00000000e+00
 1.83300000e+01   6.00000000e-01   2.00000000e-01   0.00000000e+00  -1.01724811e-03  -1.51973081e-06  -8.14397905e-23   2.19801443e-05   8.13206099e-04   0.00000000e+00
 1.83400000e+01   6.00000000e-01   2.00000000e-01   0.00000000e+00  -1.01724782e-03  -1.52512081e-06   1.33433575e-23   2.19801437e-05   8.13206226e-04   0.00000000e+00
 1.83500000e+01   6.00000000e-01   2.00000000e-01   0.00000000e+00  -1.01724856e-03  -1.51636636e-06   7.98004217e-24   2.19801443e-05   8.13206232e-04   0.00000000e+00
 1.83600000e+01   6.00000000e-01   2.00000000e-01   0.00000000e+00  -1.01724831e-03  -1.52617777e-06   1.85040572e-24   2.19801448e-05   8.13206338e-04   0.00000000e+00
 1.83700000e+01   6.00000000e-01   2.00000000e-01   0.00000000e+00  -1.01724793e-03  -1.51667142e-06  -8.89291646e-23   2.19801436e-05   8.13206259e-04   0.00000000e+00
 1.83800000e+01   6.00000000e-01   2.00000000e-01   0.00000000e+00  -1.01724808e-03  -1.52435994e-06  -2.54450733e-25   2.19801434e-05   8.13206271e-04   0.00000000e+00
 1.83900000e+01   6.00000000e-01   2.00000000e-01   0.00000000e+00  -1.01724789e-03  -1.51971965e-06  -1.67885671e-22   2.19801449e-05   8.13206195e-04   0.00000000e+00
 1.84000000e+01   6.00000000e-01   2.00000000e-01   0.00000000e+00  -1.01724919e-03  -1.52012130e-06  -8.19831959e-23   2.19801436e-05   8.13206284e-04   0.00000000e+00
 1.84100000e+01   6.00000000e-01   2.00000000e-01   0.00000000e+00  -1.01724679e-03  -1.52460616e-06   8.30702307e-23   2.19801428e-05   8.13206408e-04   0.00000000e+00
 1.84200000e+01   6.00000000e-01   2.00000000e-01   0.00000000e+00  -1.01724958e-03  -1.51684777e-06   2.38528370e-24   2.19801440e-05   8.13206419e-04   0.00000000e+00
 1.84300000e+01   6.00000000e-01   2.00000000e-01   0.00000000e+00  -1.01724686e-03  -1.52566269e-06   1.64052374e-22   2.19801441e-05   8.13206505e-04   0.00000000e+00
 1.84400000e+01   6.00000000e-01   2.00000000e-01   0.00000000e+00  -1.01724939e-03  -1.51703759e-06  -1.62088673e-22   2.19801430e-05   8.13206458e-04   0.00000000e+00
 1.84500000e+01   6.00000000e-01   2.00000000e-01   0.00000000e+00  -1.01724705e-03  -1.52418868e-06  -7.88457976e-23   2.19801434e-05   8.13206481e-04   0.00000000e+00
 1.84600000e+01   6.00000000e-01   2.00000000e-01   0.00000000e+00  -1.01724875e-03  -1.51998919e-06   1.03366577e-23   2.19801435e-05   8.13206345e-04   0.00000000e+00
 1.84700000e+01   6.00000000e-01   2.00000000e-01   0.00000000e+00  -1.01724782e-03  -1.51922726e-06  -6.83778391e-24   2.19801427e-05   8.13206465e-04   0.00000000e+00
 1.84800000e+01   6.00000000e-01   2.00000000e-01   0.00000000e+00  -1.01724863e-03  -1.52590141e-06   8.87300140e-23   2.19801432e-05   8.13206602e-04   0.00000000e+00
 1.84900000e+01   6.00000000e-01   2.00000000e-01   0.00000000e+00  -1.01724802e-03  -1.51526438e-06  -8.58091685e-23   2.19801433e-05   8.13206590e-04   0.00000000e+00
 1.85000000e+01   6.00000000e-01   2.00000000e-01   0.00000000e+00  -1.01724771e-03  -1.52715307e-06   5.71582332e-24   2.19801430e-05   8.13206685e-04   0.00000000e+00
 1.85100000e+01   6.00000000e-01   2.00000000e-01   0.00000000e+00  -1.01724842e-03  -1.51576944e-06  -4.22850791e-25   2.19801435e-05   8.13206562e-04   0.00000000e+00
 1.85200000e+01   6.00000000e-01   2.00000000e-01   0.00000000e+00  -1.01724798e-03  -1.52468882e-06  -6.00131072e-24   2.19801432e-05   8.13206535e-04   0.00000000e+00
 1.85300000e+01   6.00000000e-01   2.00000000e-01   0.00000000e+00  -1.01724774e-03  -1.51964562e-06   7.95428351e-23   2.19801428e-05   8.13206421e-04   0.00000000e+00
 1.85400000e+01   6.00000000e-01   2.00000000e-01   0.00000000e+00  -1.01724918e-03  -1.51987015e-06   7.89400958e-23   2.19801430e-05   8.13206476e-04   0.00000000e+00
 1.85500000e+01   6.00000000e-01   2.00000000e-01   0.00000000e+00  -1.01724681e-03  -1.52476507e-06   2.30379710e-24   2.19801433e-05   8.13206593e-04   0.00000000e+00
 1.85600000e+01   6.00000000e-01   2.00000000e-01   0.00000000e+00  -1.01724944e-03  -1.51674215e-06  -4.17152550e-24   2.19801433e-05   8.13206608e-04   0.00000000e+00
 1.85700000e+01   6.00000000e-01   2.00000000e-01   0.00000000e+00  -1.01724693e-03  -1.52570960e-06   5.88470971e-24   2.19801437e-05   8.13206653e-04   0.00000000e+00
 1.85800000e+01   6.00000000e-01   2.00000000e-01   0.00000000e+00  -1.01724916e-03  -1.51691686e-06   6.69956968e-24   2.19801426e-05   8.13206554e-04   0.00000000e+00
 1.85900000e+01   6.00000000e-01   2.00000000e-01   0.00000000e+00  -1.01724694e-03  -1.52402190e-06   7.71730392e-23   2.19801427e-05   8.13206533e-04   0.00000000e+00
 1.86000000e+01   6.00000000e-01   2.00000000e-01   0.00000000e+00  -1.01724922e-03  -1.52008505e-06   3.17536518e-24   2.19801442e-05   8.13206372e-04   0.00000000e+00
 1.86100000e+01   6.00000000e-01   2.00000000e-01   0.00000000e+00  -1.01724723e-03  -1.51949643e-06   6.19891856e-24   2.19801434e-05   8.13206428e-04   0.00000000e+00
 1.86200000e+01   6.00000000e-01   2.00000000e-01   0.00000000e+00  -1.01724827e-03  -1.52496036e-06   5.69265838e-25   2.19801429e-05   8.13206536e-04   0.00000000e+00
 1.86300000e+01   6.00000000e-01   2.00000000e-01   0.00000000e+00  -1.01724858e-03  -1.51662984e-06   7.56358339e-23   2.19801437e-05   8.13206525e-04   0.00000000e+00
 1.86400000e+01   6.00000000e-01   2.00000000e-01   0.00000000e+00  -1.01724759e-03  -1.52575593e-06  -6.75099912e-24   2.19801435e-05   8.13206578e-04   0.00000000e+00
 1.86500000e+01   6.00000000e-01   2.00000000e-01   0.00000000e+00  -1.01724822e-03  -1.51700116e-06  -2.20268895e-24   2.19801431e-05   8.13206484e-04   0.00000000e+00
 1.86600000e+01   6.00000000e-01   2.00000000e-01   0.00000000e+00  -1.01724849e-03  -1.52408939e-06  -8.60592353e-23   2.19801437e-05   8.13206488e-04   0.00000000e+00
 1.86700000e+01   6.00000000e-01   2.00000000e-01   0.00000000e+00  -1.01724714e-03  -1.52017903e-06   9.25045102e-23   2.19801436e-05   8.13206316e-04   0.00000000e+00
 1.86800000e+01   6.00000000e-01   2.00000000e-01   0.00000000e+00  -1.01724920e-03  -1.51904361e-06  -8.78466487e-23   2.19801426e-05   8.13206394e-04   0.00000000e+00
 1.86900000e+01   6.00000000e-01   2.00000000e-01   0.00000000e+00  -1.01724695e-03  -1.52587450e-06   8.49750086e-23   2.19801439e-05   8.13206543e-04   0.00000000e+00
 1.87000000e+01   6.00000000e-01   2.00000000e-01   0.00000000e+00  -1.01724939e-03  -1.51560794e-06   5.66004443e-24   2.19801442e-05   8.13206492e-04   0.00000000e+00
 1.87100000e+01   6.00000000e-01   2.00000000e-01   0.00000000e+00  -1.01724642e-03  -1.52663820e-06  -7.26747301e-24   2.19801432e-05   8.13206555e-04   0.00000000e+00
 1.87200000e+01   6.00000000e-01   2.00000000e-01   0.00000000e+00  -1.01724953e-03  -1.51627487e-06  -7.50517306e-23   2.19801433e-05   8.13206464e-04   0.00000000e+00
 1.87300000e+01   6.00000000e-01   2.00000000e-01   0.00000000e+00  -1.01724690e-03  -1.52451256e-06   3.70306424e-25   2.19801438e-05   8.13206420e-04   0.00000000e+00
 1.87400000e+01   6.00000000e-01   2.00000000e-01   0.00000000e+00  -1.01724880e-03  -1.51987110e-06  -8.12617231e-24   2.19801438e-05   8.13206259e-04   0.00000000e+00
 1.87500000e+01   6.00000000e-01   2.00000000e-01   0.00000000e+00  -1.01724792e-03  -1.51928276e-06   5.07595939e-24   2.19801436e-05   8.13206344e-04   0.00000000e+00
 1.87600000e+01   6.00000000e-01   2.00000000e-01   0.00000000e+00  -1.01724770e-03  -1.52581908e-06   7.71374386e-23   2.19801433e-05   8.13206477e-04   0.00000000e+00
 1.87700000e+01   6.00000000e-01   2.00000000e-01   0.00000000e+00  -1.01724854e-03  -1.51560961e-06   8.69616809e-23   2.19801439e-05   8.13206487e-04   0.00000000e+00
 1.87800000e+01   6.00000000e-01   2.00000000e-01   0.00000000e+00  -1.01724798e-03  -1.52683660e-06  -6.03647243e-24   2.19801443e-05   8.13206552e-04   0.00000000e+00
 1.87900000e+01   6.00000000e-01   2.00000000e-01   0.00000000e+00  -1.01724791e-03  -1.51600509e-06   8.84572074e-23   2.19801431e-05   8.13206445e-04   0.00000000e+00
 1.88000000e+01   6.00000000e-01   2.00000000e-01   0.00000000e+00  -1.01724794e-03  -1.52478421e-06  -8.48778483e-23   2.19801432e-05   8.13206437e-04   0.00000000e+00
 1.88100000e+01   6.00000000e-01   2.00000000e-01   0.00000000e+00  -1.01724765e-03  -1.51979166e-06  -6.78192820e-24   2.19801449e-05   8.13206254e-04   0.00000000e+00
 1.88200000e+01   6.00000000e-01   2.00000000e-01   0.00000000e+00  -1.01724914e-03  -1.51915705e-06  -8.72808469e-24   2.19801433e-05   8.13206355e-04   0.00000000e+00
 1.88300000e+01   6.00000000e-01   2.00000000e-01   0.00000000e+00  -1.01724652e-03  -1.52608144e-06   9.08155682e-23   2.19801426e-05   8.13206502e-04   0.00000000e+00
 1.88400000e+01   6.00000000e-01   2.00000000e-01   0.00000000e+00  -1.01724975e-03  -1.51531257e-06   7.95571287e-25   2.19801441e-05   8.13206498e-04   0.00000000e+00
 1.88500000e+01   6.00000000e-01   2.00000000e-01   0.00000000e+00  -1.01724654e-03  -1.52708901e-06   9.14938018e-23   2.19801441e-05   8.13206587e-04   0.00000000e+00
 1.88600000e+01   6.00000000e-01   2.00000000e-01   0.00000000e+00  -1.01724932e-03  -1.51587325e-06   9.33829890e-23   2.19801430e-05   8.13206491e-04   0.00000000e+00
 1.88700000e+01   6.00000000e-01   2.00000000e-01   0.00000000e+00  -1.01724697e-03  -1.52487671e-06   8.53179552e-23   2.19801435e-05   8.13206510e-04   0.00000000e+00
 1.88800000e+01   6.00000000e-01   2.00000000e-01   0.00000000e+00  -1.01724886e-03  -1.51896050e-06  -5.88309344e-24   2.19801436e-05   8.13206487e-04   0.00000000e+00
 1.88900000e+01   6.00000000e-01   2.00000000e-01   0.00000000e+00  -1.01724746e-03  -1.52157230e-06  -7.81604372e-23   2.19801436e-05   8.13206542e-04   0.00000000e+00
 1.89000000e+01   6.00000000e-01   2.00000000e-01   0.00000000e+00  -1.01724869e-03  -1.52271205e-06   6.37541174e-24   2.19801439e-05   8.13206571e-04   0.00000000e+00
 1.89100000e+01   6.00000000e-01   2.00000000e-01   0.00000000e+00  -1.01724738e-03  -1.51845102e-06   5.05632596e-24   2.19801430e-05   8.13206540e-04   0.00000000e+00
 1.89200000e+01   6.00000000e-01   2.00000000e-01   0.00000000e+00  -1.01724799e-03  -1.52441184e-06   7.45217482e-23   2.19801430e-05   8.13206564e-04   0.00000000e+00
 1.89300000e+01   6.00000000e-01   2.00000000e-01   0.00000000e+00  -1.01724856e-03  -1.51785945e-06  -8.90920159e-23   2.19801437e-05   8.13206589e-04   0.00000000e+00
 1.89400000e+01   6.00000000e-01   2.00000000e-01   0.00000000e+00  -1.01724766e-03  -1.52433703e-06  -6.70055940e-24   2.19801430e-05   8.13206690e-04   0.00000000e+00
 1.89500000e+01   6.00000000e-01   2.00000000e-01   0.00000000e+00  -1.01724781e-03  -1.51893787e-06  -8.08119559e-23   2.19801425e-05   8.13206719e-04   0.00000000e+00
 1.89600000e+01   6.00000000e-01   2.00000000e-01   0.00000000e+00  -1.01724874e-03  -1.52152010e-06   4.76888414e-24   2.19801429e-05   8.13206949e-04   0.00000000e+00
 1.89700000e+01   6.00000000e-01   2.00000000e-01   0.00000000e+00  -1.01724695e-03  -1.52390243e-06   8.95285919e-23   2.19801433e-05   8.13206893e-04   0.00000000e+00
 1.89800000e+01   6.00000000e-01   2.00000000e-01   0.00000000e+00  -1.01724921e-03  -1.51596941e-06   7.61560145e-23   2.19801421e-05   8.13206745e-04   0.00000000e+00
 1.89900000e+01   6.00000000e-01   2.00000000e-01   0.00000000e+00  -1.01724681e-03  -1.52687420e-06   7.46302689e-23   2.19801421e-05   8.13206802e-04   0.00000000e+00
 1.90000000e+01   6.00000000e-01   2.00000000e-01   0.00000000e+00  -1.01724911e-03  -1.51551058e-06   1.09794174e-24   2.19801427e-05   8.13206777e-04   0.00000000e+00
 1.90100000e+01   6.00000000e-01   2.00000000e-01   0.00000000e+00  -1.01724680e-03  -1.52624040e-06   4.59404533e-24   2.19801428e-05   8.13206868e-04   0.00000000e+00
 1.90200000e+01   6.00000000e-01   2.00000000e-01   0.00000000e+00  -1.01724925e-03  -1.51746277e-06   3.80544650e-25   2.19801424e-05   8.13206928e-04   0.00000000e+00
 1.90300000e+01   6.00000000e-01   2.00000000e-01   0.00000000e+00  -1.01724698e-03  -1.52345274e-06  -4.05491200e-25   2.19801415e-05   8.13206940e-04   0.00000000e+00
 1.90400000e+01   6.00000000e-01   2.00000000e-01   0.00000000e+00  -1.01724860e-03  -1.52060030e-06   8.43608098e-24   2.19801417e-05   8.13206853e-04   0.00000000e+00
 1.90500000e+01   6.00000000e-01   2.00000000e-01   0.00000000e+00  -1.01724801e-03  -1.51910516e-06   8.22134846e-23   2.19801424e-05   8.13206938e-04   0.00000000e+00
 1.90600000e+01   6.00000000e-01   2.00000000e-01   0.00000000e+00  -1.01724772e-03  -1.52503625e-06   2.22606526e-24   2.19801423e-05   8.13206947e-04   0.00000000e+00
 1.90700000e+01   6.00000000e-01   2.00000000e-01   0.00000000e+00  -1.01724822e-03  -1.51638503e-06  -6.54635997e-24   2.19801420e-05   8.13206923e-04   0.00000000e+00
 1.90800000e+01   6.00000000e-01   2.00000000e-01   0.00000000e+00  -1.01724818e-03  -1.52561458e-06   8.45528923e-23   2.19801426e-05   8.13206941e-04   0.00000000e+00
 1.90900000e+01   6.00000000e-01   2.00000000e-01   0.00000000e+00  -1.01724771e-03  -1.51709256e-06  -5.69736405e-25   2.19801424e-05   8.13206786e-04   0.00000000e+00
 1.91000000e+01   6.00000000e-01   2.00000000e-01   0.00000000e+00  -1.01724800e-03  -1.52367846e-06   8.16923652e-24   2.19801425e-05   8.13206739e-04   0.00000000e+00
 1.91100000e+01   6.00000000e-01   2.00000000e-01   0.00000000e+00  -1.01724768e-03  -1.52022372e-06   3.75202687e-24   2.19801439e-05   8.13206560e-04   0.00000000e+00
 1.91200000e+01   6.00000000e-01   2.00000000e-01   0.00000000e+00  -1.01724894e-03  -1.51976390e-06   1.96243048e-24   2.19801428e-05   8.13206550e-04   0.00000000e+00
 1.91300000e+01   6.00000000e-01   2.00000000e-01   0.00000000e+00  -1.01724672e-03  -1.52397964e-06  -3.60381825e-24   2.19801424e-05   8.13206643e-04   0.00000000e+00
 1.91400000e+01   6.00000000e-01   2.00000000e-01   0.00000000e+00  -1.01724933e-03  -1.51812922e-06  -1.10165044e-24   2.19801437e-05   8.13206617e-04   0.00000000e+00
 1.91500000e+01   6.00000000e-01   2.00000000e-01   0.00000000e+00  -1.01724701e-03  -1.52397507e-06  -8.20796618e-23   2.19801437e-05   8.13206601e-04   0.00000000e+00
 1.91600000e+01   6.00000000e-01   2.00000000e-01   0.00000000e+00  -1.01724871e-03  -1.51874872e-06  -1.91666047e-24   2.19801429e-05   8.13206535e-04   0.00000000e+00
 1.91700000e+01   6.00000000e-01   2.00000000e-01   0.00000000e+00  -1.01724732e-03  -1.52272418e-06  -7.92259029e-24   2.19801436e-05   8.13206523e-04   0.00000000e+00
 1.91800000e+01   6.00000000e-01   2.00000000e-01   0.00000000e+00  -1.01724842e-03  -1.52090537e-06  -9.08870409e-23   2.19801439e-05   8.13206377e-04   0.00000000e+00
 1.91900000e+01   6.00000000e-01   2.00000000e-01   0.00000000e+00  -1.01724772e-03  -1.51952398e-06   4.24760047e-24   2.19801433e-05   8.13206401e-04   0.00000000e+00
 1.92000000e+01   6.00000000e-01   2.00000000e-01   0.00000000e+00  -1.01724853e-03  -1.52410373e-06  -1.61416832e-22   2.19801437e-05   8.13206493e-04   0.00000000e+00
 1.92100000e+01   6.00000000e-01   2.00000000e-01   0.00000000e+00  -1.01724770e-03  -1.51798146e-06   8.42786097e-23   2.19801437e-05   8.13206456e-04   0.00000000e+00
 1.92200000e+01   6.00000000e-01   2.00000000e-01   0.00000000e+00  -1.01724783e-03  -1.52421920e-06   5.52784521e-24   2.19801438e-05   8.13206461e-04   0.00000000e+00
 1.92300000e+01   6.00000000e-01   2.00000000e-01   0.00000000e+00  -1.01724811e-03  -1.51850819e-06  -8.12197787e-23   2.19801443e-05   8.13206397e-04   0.00000000e+00
 1.92400000e+01   6.00000000e-01   2.00000000e-01   0.00000000e+00  -1.01724811e-03  -1.52288572e-06   5.03991852e-24   2.19801437e-05   8.13206371e-04   0.00000000e+00
 1.92500000e+01   6.00000000e-01   2.00000000e-01   0.00000000e+00  -1.01724733e-03  -1.52058749e-06  -1.17691213e-25   2.19801435e-05   8.13206303e-04   0.00000000e+00
 1.92600000e+01   6.00000000e-01   2.00000000e-01   0.00000000e+00  -1.01724910e-03  -1.52033621e-06  -8.19213672e-23   2.19801441e-05   8.13206345e-04   0.00000000e+00
 1.92700000e+01   6.00000000e-01   2.00000000e-01   0.00000000e+00  -1.01724686e-03  -1.52331504e-06  -6.52468663e-24   2.19801441e-05   8.13206407e-04   0.00000000e+00
 1.92800000e+01   6.00000000e-01   2.00000000e-01   0.00000000e+00  -1.01724914e-03  -1.51866288e-06   8.45426759e-23   2.19801436e-05   8.13206420e-04   0.00000000e+00
 1.92900000e+01   6.00000000e-01   2.00000000e-01   0.00000000e+00  -1.01724699e-03  -1.52377862e-06  -1.01094851e-23   2.19801442e-05   8.13206464e-04   0.00000000e+00
 1.93000000e+01   6.00000000e-01   2.00000000e-01   0.00000000e+00  -1.01724894e-03  -1.51885989e-06  -2.79956051e-24   2.19801436e-05   8.13206424e-04   0.00000000e+00
 1.93100000e+01   6.00000000e-01   2.00000000e-01   0.00000000e+00  -1.01724727e-03  -1.52186775e-06  -5.30701902e-24   2.19801432e-05   8.13206598e-04   0.00000000e+00
 1.93200000e+01   6.00000000e-01   2.00000000e-01   0.00000000e+00  -1.01724855e-03  -1.52332060e-06   7.62883039e-23   2.19801447e-05   8.13206536e-04   0.00000000e+00
 1.93300000e+01   6.00000000e-01   2.00000000e-01   0.00000000e+00  -1.01724772e-03  -1.51687421e-06   6.50658527e-24   2.19801439e-05   8.13206426e-04   0.00000000e+00
 1.93400000e+01   6.00000000e-01   2.00000000e-01   0.00000000e+00  -1.01724770e-03  -1.52611584e-06   5.90307049e-24   2.19801426e-05   8.13206497e-04   0.00000000e+00
 1.93500000e+01   6.00000000e-01   2.00000000e-01   0.00000000e+00  -1.01724853e-03  -1.51654301e-06  -2.17303830e-24   2.19801436e-05   8.13206481e-04   0.00000000e+00
 1.93600000e+01   6.00000000e-01   2.00000000e-01   0.00000000e+00  -1.01724759e-03  -1.52529224e-06   1.14475846e-23   2.19801438e-05   8.13206592e-04   0.00000000e+00
 1.93700000e+01   6.00000000e-01   2.00000000e-01   0.00000000e+00  -1.01724798e-03  -1.51839275e-06   9.34466379e-24   2.19801429e-05   8.13206671e-04   0.00000000e+00
 1.93800000e+01   6.00000000e-01   2.00000000e-01   0.00000000e+00  -1.01724862e-03  -1.52194823e-06  -9.59464403e-23   2.19801427e-05   8.13206939e-04   0.00000000e+00
 1.93900000e+01   6.00000000e-01   2.00000000e-01   0.00000000e+00  -1.01724687e-03  -1.52377097e-06   8.00028805e-23   2.19801430e-05   8.13206887e-04   0.00000000e+00
 1.94000000e+01   6.00000000e-01   2.00000000e-01   0.00000000e+00  -1.01724931e-03  -1.51595164e-06   8.40569068e-23   2.19801425e-05   8.13206747e-04   0.00000000e+00
 1.94100000e+01   6.00000000e-01   2.00000000e-01   0.00000000e+00  -1.01724668e-03  -1.52693866e-06   6.10885984e-24   2.19801425e-05   8.13206795e-04   0.00000000e+00
 1.94200000e+01   6.00000000e-01   2.00000000e-01   0.00000000e+00  -1.01724924e-03  -1.51551820e-06  -3.88960136e-25   2.19801422e-05   8.13206768e-04   0.00000000e+00
 1.94300000e+01   6.00000000e-01   2.00000000e-01   0.00000000e+00  -1.01724665e-03  -1.52614138e-06  -1.73022860e-24   2.19801423e-05   8.13206909e-04   0.00000000e+00
 1.94400000e+01   6.00000000e-01   2.00000000e-01   0.00000000e+00  -1.01724928e-03  -1.51769829e-06  -3.68732434e-24   2.19801425e-05   8.13206945e-04   0.00000000e+00
 1.94500000e+01   6.00000000e-01   2.00000000e-01   0.00000000e+00  -1.01724695e-03  -1.52229004e-06   7.53338206e-23   2.19801417e-05   8.13207160e-04   0.00000000e+00
 1.94600000e+01   6.00000000e-01   2.00000000e-01   0.00000000e+00  -1.01724837e-03  -1.52325529e-06  -8.16831890e-23   2.19801419e-05   8.13207089e-04   0.00000000e+00
 1.94700000e+01   6.00000000e-01   2.00000000e-01   0.00000000e+00  -1.01724853e-03  -1.51628078e-06  -5.23293523e-24   2.19801425e-05   8.13206935e-04   0.00000000e+00
 1.94800000e+01   6.00000000e-01   2.00000000e-01   0.00000000e+00  -1.01724729e-03  -1.52665078e-06   8.14306699e-23   2.19801415e-05   8.13206945e-04   0.00000000e+00
 1.94900000e+01   6.00000000e-01   2.00000000e-01   0.00000000e+00  -1.01724836e-03  -1.51553680e-06  -5.98862370e-24   2.19801416e-05   8.13206870e-04   0.00000000e+00
 1.95000000e+01   6.00000000e-01   2.00000000e-01   0.00000000e+00  -1.01724821e-03  -1.52605975e-06  -7.36856660e-24   2.19801429e-05   8.13206974e-04   0.00000000e+00
 1.95100000e+01   6.00000000e-01   2.00000000e-01   0.00000000e+00  -1.01724764e-03  -1.51761982e-06   3.68580902e-24   2.19801421e-05   8.13206951e-04   0.00000000e+00
 1.95200000e+01   6.00000000e-01   2.00000000e-01   0.00000000e+00  -1.01724851e-03  -1.52254466e-06   7.76163523e-23   2.19801412e-05   8.13207081e-04   0.00000000e+00
 1.95300000e+01   6.00000000e-01   2.00000000e-01   0.00000000e+00  -1.01724694e-03  -1.52258753e-06  -8.93160200e-23   2.19801432e-05   8.13206972e-04   0.00000000e+00
 1.95400000e+01   6.00000000e-01   2.00000000e-01   0.00000000e+00  -1.01724933e-03  -1.51694499e-06  -1.05716980e-23   2.19801427e-05   8.13206833e-04   0.00000000e+00
 1.95500000e+01   6.00000000e-01   2.00000000e-01   0.00000000e+00  -1.01724642e-03  -1.52628424e-06   5.74961849e-24   2.19801414e-05   8.13206848e-04   0.00000000e+00
 1.95600000e+01   6.00000000e-01   2.00000000e-01   0.00000000e+00  -1.01724947e-03  -1.51582325e-06   1.02722581e-23   2.19801424e-05   8.13206727e-04   0.00000000e+00
 1.95700000e+01   6.00000000e-01   2.00000000e-01   0.00000000e+00  -1.01724692e-03  -1.52571263e-06   9.68617637e-24   2.19801430e-05   8.13206815e-04   0.00000000e+00
 1.95800000e+01   6.00000000e-01   2.00000000e-01   0.00000000e+00  -1.01724900e-03  -1.51805661e-06  -8.63611765e-24   2.19801424e-05   8.13206795e-04   0.00000000e+00
 1.95900000e+01   6.00000000e-01   2.00000000e-01   0.00000000e+00  -1.01724738e-03  -1.52221452e-06  -8.63244804e-23   2.19801428e-05   8.13206876e-04   0.00000000e+00
 1.96000000e+01   6.00000000e-01   2.00000000e-01   0.00000000e+00  -1.01724806e-03  -1.52272572e-06   1.91966029e-24   2.19801432e-05   8.13206761e-04   0.00000000e+00
 1.96100000e+01   6.00000000e-01   2.00000000e-01   0.00000000e+00  -1.01724811e-03  -1.51686731e-06  -9.56602716e-24   2.19801430e-05   8.13206626e-04   0.00000000e+00
 1.96200000e+01   6.00000000e-01   2.00000000e-01   0.00000000e+00  -1.01724807e-03  -1.52640844e-06  -9.13384829e-25   2.19801429e-05   8.13206618e-04   0.00000000e+00
 1.96300000e+01   6.00000000e-01   2.00000000e-01   0.00000000e+00  -1.01724790e-03  -1.51566956e-06  -8.99539111e-23   2.19801429e-05   8.13206493e-04   0.00000000e+00
 1.96400000e+01   6.00000000e-01   2.00000000e-01   0.00000000e+00  -1.01724782e-03  -1.52606937e-06   8.70888634e-23   2.19801434e-05   8.13206576e-04   0.00000000e+00
 1.96500000e+01   6.00000000e-01   2.00000000e-01   0.00000000e+00  -1.01724817e-03  -1.51781307e-06  -7.48151972e-23   2.19801440e-05   8.13206573e-04   0.00000000e+00
 1.96600000e+01   6.00000000e-01   2.00000000e-01   0.00000000e+00  -1.01724851e-03  -1.52241112e-06  -7.01398553e-24   2.19801427e-05   8.13206697e-04   0.00000000e+00
 1.96700000e+01   6.00000000e-01   2.00000000e-01   0.00000000e+00  -1.01724673e-03  -1.52298065e-06  -8.17488314e-23   2.19801432e-05   8.13206616e-04   0.00000000e+00
 1.96800000e+01   6.00000000e-01   2.00000000e-01   0.00000000e+00  -1.01724944e-03  -1.51670463e-06   9.07864846e-23   2.19801442e-05   8.13206481e-04   0.00000000e+00
 1.96900000e+01   6.00000000e-01   2.00000000e-01   0.00000000e+00  -1.01724652e-03  -1.52647048e-06  -3.84970645e-25   2.19801435e-05   8.13206476e-04   0.00000000e+00
 1.97000000e+01   6.00000000e-01   2.00000000e-01   0.00000000e+00  -1.01724939e-03  -1.51577496e-06   8.41038177e-25   2.19801427e-05   8.13206397e-04   0.00000000e+00
 1.97100000e+01   6.00000000e-01   2.00000000e-01   0.00000000e+00  -1.01724695e-03  -1.52598448e-06  -7.89521420e-23   2.19801440e-05   8.13206508e-04   0.00000000e+00
 1.97200000e+01   6.00000000e-01   2.00000000e-01   0.00000000e+00  -1.01724896e-03  -1.51789751e-06   3.88830243e-24   2.19801438e-05   8.13206502e-04   0.00000000e+00
 1.97300000e+01   6.00000000e-01   2.00000000e-01   0.00000000e+00  -1.01724720e-03  -1.52224463e-06   8.67205745e-23   2.19801430e-05   8.13206651e-04   0.00000000e+00
 1.97400000e+01   6.00000000e-01   2.00000000e-01   0.00000000e+00  -1.01724863e-03  -1.52321607e-06  -3.94760269e-25   2.19801440e-05   8.13206586e-04   0.00000000e+00
 1.97500000e+01   6.00000000e-01   2.00000000e-01   0.00000000e+00  -1.01724776e-03  -1.51648934e-06   1.01205759e-23   2.19801436e-05   8.13206444e-04   0.00000000e+00
 1.97600000e+01   6.00000000e-01   2.00000000e-01   0.00000000e+00  -1.01724760e-03  -1.52665669e-06  -8.12526651e-23   2.19801430e-05   8.13206471e-04   0.00000000e+00
 1.97700000e+01   6.00000000e-01   2.00000000e-01   0.00000000e+00  -1.01724857e-03  -1.51574642e-06  -1.03353794e-24   2.19801439e-05   8.13206404e-04   0.00000000e+00
 1.97800000e+01   6.00000000e-01   2.00000000e-01   0.00000000e+00  -1.01724764e-03  -1.52591411e-06  -2.52825768e-24   2.19801438e-05   8.13206501e-04   0.00000000e+00
 1.97900000e+01   6.00000000e-01   2.00000000e-01   0.00000000e+00  -1.01724798e-03  -1.51798645e-06  -3.93084975e-24   2.19801430e-05   8.13206534e-04   0.00000000e+00
 1.98000000e+01   6.00000000e-01   2.00000000e-01   0.00000000e+00  -1.01724865e-03  -1.52219039e-06  -1.70493548e-22   2.19801433e-05   8.13206725e-04   0.00000000e+00
 1.98100000e+01   6.00000000e-01   2.00000000e-01   0.00000000e+00  -1.01724690e-03  -1.52341383e-06  -7.81362518e-23   2.19801438e-05   8.13206660e-04   0.00000000e+00
 1.98200000e+01   6.00000000e-01   2.00000000e-01   0.00000000e+00  -1.01724924e-03  -1.51627417e-06  -3.15947492e-24   2.19801430e-05   8.13206515e-04   0.00000000e+00
 1.98300000e+01   6.00000000e-01   2.00000000e-01   0.00000000e+00  -1.01724668e-03  -1.52676307e-06  -9.96922697e-25   2.19801431e-05   8.13206552e-04   0.00000000e+00
 1.98400000e+01   6.00000000e-01   2.00000000e-01   0.00000000e+00  -1.01724928e-03  -1.51566579e-06   3.61703197e-24   2.19801430e-05   8.13206502e-04   0.00000000e+00
 1.98500000e+01   6.00000000e-01   2.00000000e-01   0.00000000e+00  -1.01724665e-03  -1.52601813e-06   2.90153523e-24   2.19801433e-05   8.13206618e-04   0.00000000e+00
 1.98600000e+01   6.00000000e-01   2.00000000e-01   0.00000000e+00  -1.01724921e-03  -1.51789511e-06  -5.06129089e-24   2.19801434e-05   8.13206663e-04   0.00000000e+00
 1.98700000e+01   6.00000000e-01   2.00000000e-01   0.00000000e+00  -1.01724697e-03  -1.52222125e-06  -8.63597047e-25   2.19801425e-05   8.13206851e-04   0.00000000e+00
 1.98800000e+01   6.00000000e-01   2.00000000e-01   0.00000000e+00  -1.01724830e-03  -1.52333837e-06   2.30213463e-24   2.19801430e-05   8.13206780e-04   0.00000000e+00
 1.98900000e+01   6.00000000e-01   2.00000000e-01   0.00000000e+00  -1.01724840e-03  -1.51625611e-06  -5.41777921e-24   2.19801435e-05   8.13206630e-04   0.00000000e+00
 1.99000000e+01   6.00000000e-01   2.00000000e-01   0.00000000e+00  -1.01724750e-03  -1.52667975e-06  -1.63376167e-22   2.19801423e-05   8.13206649e-04   0.00000000e+00
 1.99100000e+01   6.00000000e-01   2.00000000e-01   0.00000000e+00  -1.01724824e-03  -1.51568663e-06   6.29108921e-24   2.19801423e-05   8.13206599e-04   0.00000000e+00
 1.99200000e+01   6.00000000e-01   2.00000000e-01   0.00000000e+00  -1.01724817e-03  -1.52595265e-06  -6.87598079e-23   2.19801438e-05   8.13206702e-04   0.00000000e+00
 1.99300000e+01   6.00000000e-01   2.00000000e-01   0.00000000e+00  -1.01724758e-03  -1.51782161e-06   8.48915358e-23   2.19801432e-05   8.13206702e-04   0.00000000e+00
 1.99400000e+01   6.00000000e-01   2.00000000e-01   0.00000000e+00  -1.01724851e-03  -1.52234405e-06   4.46643948e-25   2.19801419e-05   8.13206845e-04   0.00000000e+00
 1.99500000e+01   6.00000000e-01   2.00000000e-01   0.00000000e+00  -1.01724688e-03  -1.52293132e-06  -8.70052075e-25   2.19801437e-05   8.13206766e-04   0.00000000e+00
 1.99600000e+01   6.00000000e-01   2.00000000e-01   0.00000000e+00  -1.01724929e-03  -1.51670544e-06  -2.58987286e-24   2.19801434e-05   8.13206636e-04   0.00000000e+00
 1.99700000e+01   6.00000000e-01   2.00000000e-01   0.00000000e+00  -1.01724632e-03  -1.52646073e-06  -8.25593099e-23   2.19801422e-05   8.13206659e-04   0.00000000e+00
 1.99800000e+01   6.00000000e-01   2.00000000e-01   0.00000000e+00  -1.01724949e-03  -1.51580734e-06  -8.33529407e-24   2.19801429e-05   8.13206586e-04   0.00000000e+00
 1.99900000e+01   6.00000000e-01   2.00000000e-01   0.00000000e+00  -1.01724666e-03  -1.52580583e-06   4.09122609e-24   2.19801434e-05   8.13206671e-04   0.00000000e+00
 2.00000000e+01   6.00000000e-01   2.00000000e-01   0.00000000e+00  -1.01724900e-03  -1.51796595e-06  -3.49284037e-24   2.19801429e-05   8.13206679e-04   0.00000000e+00