  TimeWindow  Iteration  ResAbsOrRel(Solid-Mesh:Displacement)  ResRel(Solid-Mesh:Force)
     1       1   0.00000000e+00   1.00000000e+00
     1       2   0.00000000e+00   6.31487981e-03
     1       3   0.00000000e+00   5.60882291e-02
     1       4   0.00000000e+00   3.93378285e-03
     2       1   0.00000000e+00   6.93054337e-01
     2       2   0.00000000e+00   4.47905369e-02
     2       3   0.00000000e+00   1.48497458e-04
     3       1   0.00000000e+00   4.31326875e-01
     3       2   0.00000000e+00   2.90313908e-02
     3       3   0.00000000e+00   9.58476977e-05
     4       1   0.00000000e+00   3.04241170e-01
     4       2   0.00000000e+00   1.95747864e-02
     4       3   0.00000000e+00   2.78962087e-06
     5       1   0.00000000e+00   2.35262051e-01
     5       2   0.00000000e+00   1.40733499e-02
     5       3   0.00000000e+00   5.11054724e-06
     6       1   0.00000000e+00   1.92248962e-01
     6       2   0.00000000e+00   1.14431393e-02
     6       3   0.00000000e+00   5.99547702e-07
     7       1   0.00000000e+00   1.63818130e-01
     7       2   0.00000000e+00   1.02050191e-02
     7       3   0.00000000e+00   2.00442214e-07
     8       1   0.00000000e+00   1.43127563e-01
     8       2   0.00000000e+00   8.85709056e-03
     9       1   0.00000000e+00   1.26066533e-01
     9       2   0.00000000e+00   7.42837481e-03
    10       1   0.00000000e+00   1.12219308e-01
    10       2   0.00000000e+00   6.54874616e-03
    11       1   0.00000000e+00   1.01714161e-01
    11       2   0.00000000e+00   6.10423144e-03
    12       1   0.00000000e+00   9.32572823e-02
    12       2   0.00000000e+00   5.63806334e-03
    13       1   0.00000000e+00   8.57175821e-02
    13       2   0.00000000e+00   5.05476744e-03
    14       1   0.00000000e+00   7.90107346e-02
    14       2   0.00000000e+00   4.60090256e-03
    15       1   0.00000000e+00   7.34529775e-02
    15       2   0.00000000e+00   4.37064484e-03
    16       1   0.00000000e+00   6.88497897e-02
    16       2   0.00000000e+00   4.15695255e-03
    17       1   0.00000000e+00   6.46117518e-02
    17       2   0.00000000e+00   3.87273700e-03
    18       1   0.00000000e+00   6.06657789e-02
    18       2   0.00000000e+00   3.62877661e-03
    19       1   0.00000000e+00   5.72336619e-02
    19       2   0.00000000e+00   3.48536323e-03
    20       1   0.00000000e+00   5.42748681e-02
    20       2   0.00000000e+00   3.37857253e-03
    21       1   0.00000000e+00   5.15586708e-02
    21       2   0.00000000e+00   3.24183530e-03
    22       1   0.00000000e+00   4.89717883e-02
    22       2   0.00000000e+00   3.10741709e-03
    23       1   0.00000000e+00   4.66169594e-02
    23       2   0.00000000e+00   3.02955356e-03
    24       1   0.00000000e+00   4.45535087e-02
    24       2   0.00000000e+00   2.97693132e-03
    25       1   0.00000000e+00   4.26363131e-02
    25       2   0.00000000e+00   2.91803853e-03
    26       1   0.00000000e+00   4.08062122e-02
    26       2   0.00000000e+00   2.85813409e-03
    27       1   0.00000000e+00   3.90979484e-02
    27       2   0.00000000e+00   2.82204450e-03
    28       1   0.00000000e+00   3.75517149e-02
    28       2   0.00000000e+00   2.80861961e-03
    29       1   0.00000000e+00   3.61247411e-02
    29       2   0.00000000e+00   2.79457808e-03
    30       1   0.00000000e+00   3.47517552e-02
    30       2   0.00000000e+00   2.77990550e-03
    31       1   0.00000000e+00   3.34489884e-02
    31       2   0.00000000e+00   2.77895890e-03
    32       1   0.00000000e+00   3.22506955e-02
    32       2   0.00000000e+00   2.78958906e-03
    33       1   0.00000000e+00   3.11300374e-02
    33       2   0.00000000e+00   2.80493429e-03
    34       1   0.00000000e+00   3.00599488e-02
    34       2   0.00000000e+00   2.82028379e-03
    35       1   0.00000000e+00   2.90315515e-02
    35       2   0.00000000e+00   2.84211171e-03
    36       1   0.00000000e+00   2.80680928e-02
    36       2   0.00000000e+00   2.87159147e-03
    37       1   0.00000000e+00   2.71647429e-02
    37       2   0.00000000e+00   2.90566946e-03
    38       1   0.00000000e+00   2.62982883e-02
    38       2   0.00000000e+00   2.93988008e-03
    39       1   0.00000000e+00   2.54635802e-02
    39       2   0.00000000e+00   2.97774578e-03
    40       1   0.00000000e+00   2.46719796e-02
    40       2   0.00000000e+00   3.02014243e-03
    41       1   0.00000000e+00   2.39218762e-02
    41       2   0.00000000e+00   3.06581189e-03
    42       1   0.00000000e+00   2.32047169e-02
    42       2   0.00000000e+00   3.11211668e-03
    43       1   0.00000000e+00   2.25103490e-02
    43       2   0.00000000e+00   3.15991861e-03
    44       1   0.00000000e+00   2.18461599e-02
    44       2   0.00000000e+00   3.21101396e-03
    45       1   0.00000000e+00   2.12132024e-02
    45       2   0.00000000e+00   3.26407511e-03
    46       1   0.00000000e+00   2.06056329e-02
    46       2   0.00000000e+00   3.31771590e-03
    47       1   0.00000000e+00   2.00178445e-02
    47       2   0.00000000e+00   3.37396989e-03
    48       1   0.00000000e+00   1.94521340e-02
    48       2   0.00000000e+00   3.43070150e-03
    49       1   0.00000000e+00   1.89081766e-02
    49       2   0.00000000e+00   3.48888522e-03
    50       1   0.00000000e+00   1.83881454e-02
    50       2   0.00000000e+00   3.54705199e-03
    51       1   0.00000000e+00   1.78820659e-02
    51       2   0.00000000e+00   3.60687104e-03
    52       1   0.00000000e+00   1.73924684e-02
    52       2   0.00000000e+00   3.66769230e-03
    53       1   0.00000000e+00   1.69210611e-02
    53       2   0.00000000e+00   3.72891427e-03
    54       1   0.00000000e+00   1.64680259e-02
    54       2   0.00000000e+00   3.79044234e-03
    55       1   0.00000000e+00   1.60285740e-02
    55       2   0.00000000e+00   3.85225776e-03
    55       3   0.00000000e+00   7.82086427e-07
    56       1   0.00000000e+00   1.56012781e-02
    56       2   0.00000000e+00   3.91276158e-03
    57       1   0.00000000e+00   1.51890530e-02
    57       2   0.00000000e+00   3.97458604e-03
    58       1   0.00000000e+00   1.47912085e-02
    58       2   0.00000000e+00   4.03752449e-03
    59       1   0.00000000e+00   1.44055025e-02
    59       2   0.00000000e+00   4.09983242e-03
    60       1   0.00000000e+00   1.40309044e-02
    60       2   0.00000000e+00   4.16320566e-03
    61       1   0.00000000e+00   1.36675532e-02
    61       2   0.00000000e+00   4.22596246e-03
    62       1   0.00000000e+00   1.33163776e-02
    62       2   0.00000000e+00   4.28685557e-03
    63       1   0.00000000e+00   1.29758667e-02
    63       2   0.00000000e+00   4.34872873e-03
    64       1   0.00000000e+00   1.26449400e-02
    64       2   0.00000000e+00   4.40969602e-03
    65       1   0.00000000e+00   1.23226790e-02
    65       2   0.00000000e+00   4.46912136e-03
    66       1   0.00000000e+00   1.20114629e-02
    66       2   0.00000000e+00   4.52747564e-03
    67       1   0.00000000e+00   1.17094563e-02
    67       2   0.00000000e+00   4.58646179e-03
    68       1   0.00000000e+00   1.14158620e-02
    68       2   0.00000000e+00   4.64453675e-03
    69       1   0.00000000e+00   1.11309940e-02
    69       2   0.00000000e+00   4.70129265e-03
    70       1   0.00000000e+00   1.08538167e-02
    70       2   0.00000000e+00   4.75614281e-03
    71       1   0.00000000e+00   1.05859793e-02
    71       2   0.00000000e+00   4.80992672e-03
    72       1   0.00000000e+00   1.03247209e-02
    72       2   0.00000000e+00   4.86373208e-03
    73       1   0.00000000e+00   1.00731592e-02
    73       2   0.00000000e+00   4.91595287e-03
    74       1   0.00000000e+00   9.82755096e-03
    74       2   0.00000000e+00   4.96779698e-03
    75       1   0.00000000e+00   9.59153645e-03
    75       2   0.00000000e+00   5.01806038e-03
    76       1   0.00000000e+00   9.36102945e-03
    76       2   0.00000000e+00   5.06863912e-03
    77       1   0.00000000e+00   9.13992711e-03
    77       2   0.00000000e+00   5.11709295e-03
    78       1   0.00000000e+00   8.92538545e-03
    78       2   0.00000000e+00   5.16570000e-03
    79       1   0.00000000e+00   8.71832820e-03
    79       2   0.00000000e+00   5.21290880e-03
    80       1   0.00000000e+00   8.51827831e-03
    80       2   0.00000000e+00   5.25765601e-03
    81       1   0.00000000e+00   8.32255016e-03
    81       2   0.00000000e+00   5.30118843e-03
    82       1   0.00000000e+00   8.14130941e-03
    82       2   0.00000000e+00   5.34451781e-03
    83       1   0.00000000e+00   7.95863811e-03
    83       2   0.00000000e+00   5.38918793e-03
    84       1   0.00000000e+00   7.78972849e-03
    84       2   0.00000000e+00   5.42602142e-03
    84       3   0.00000000e+00   4.32490551e-07
    85       1   0.00000000e+00   7.62128591e-03
    85       2   0.00000000e+00   5.46473537e-03
    86       1   0.00000000e+00   7.46323672e-03
    86       2   0.00000000e+00   5.49940790e-03
    86       3   0.00000000e+00   7.55543941e-07
    87       1   0.00000000e+00   7.31095151e-03
    87       2   0.00000000e+00   5.53239387e-03
    87       3   0.00000000e+00   5.69342434e-07
    88       1   0.00000000e+00   7.16645534e-03
    88       2   0.00000000e+00   5.56611069e-03
    89       1   0.00000000e+00   7.03138447e-03
    89       2   0.00000000e+00   5.59807325e-03
    90       1   0.00000000e+00   6.90033799e-03
    90       2   0.00000000e+00   5.62865123e-03
    91       1   0.00000000e+00   6.77557756e-03
    91       2   0.00000000e+00   5.65419678e-03
    92       1   0.00000000e+00   6.65887402e-03
    92       2   0.00000000e+00   5.67824229e-03
    93       1   0.00000000e+00   6.54910612e-03
    93       2   0.00000000e+00   5.70258506e-03
    94       1   0.00000000e+00   6.44948658e-03
    94       2   0.00000000e+00   5.72409941e-03
    95       1   0.00000000e+00   6.35434873e-03
    95       2   0.00000000e+00   5.74542648e-03
    96       1   0.00000000e+00   6.26901121e-03
    96       2   0.00000000e+00   5.76355107e-03
    97       1   0.00000000e+00   6.18972587e-03
    97       2   0.00000000e+00   5.77948180e-03
    98       1   0.00000000e+00   6.12150773e-03
    98       2   0.00000000e+00   5.79603843e-03
    99       1   0.00000000e+00   6.06005828e-03
    99       2   0.00000000e+00   5.81112374e-03
   100       1   0.00000000e+00   6.00920604e-03
   100       2   0.00000000e+00   5.82466354e-03
   101       1   0.00000000e+00   5.96110725e-03
   101       2   0.00000000e+00   5.83478274e-03
   102       1   0.00000000e+00   5.92630933e-03
   102       2   0.00000000e+00   5.84198038e-03
   103       1   0.00000000e+00   5.89104574e-03
   103       2   0.00000000e+00   5.84735189e-03
   104       1   0.00000000e+00   5.87243097e-03
   104       2   0.00000000e+00   5.84822760e-03
   105       1   0.00000000e+00   5.85138489e-03
   105       2   0.00000000e+00   5.84832291e-03
   106       1   0.00000000e+00   5.84760108e-03
   106       2   0.00000000e+00   5.84351658e-03
   107       1   0.00000000e+00   5.84269445e-03
   107       2   0.00000000e+00   5.83768601e-03
   108       1   0.00000000e+00   5.85044419e-03
   108       2   0.00000000e+00   5.82691321e-03
   109       1   0.00000000e+00   5.86195837e-03
   109       2   0.00000000e+00   5.81318455e-03
   110       1   0.00000000e+00   5.88300989e-03
   110       2   0.00000000e+00   5.79768688e-03
   111       1   0.00000000e+00   5.91184425e-03
   111       2   0.00000000e+00   5.77866471e-03
   112       1   0.00000000e+00   5.94632921e-03
   112       2   0.00000000e+00   5.75737917e-03
   113       1   0.00000000e+00   5.99412208e-03
   113       2   0.00000000e+00   5.73514400e-03
   114       1   0.00000000e+00   6.05034743e-03
   114       2   0.00000000e+00   5.71552572e-03
   115       1   0.00000000e+00   6.10738299e-03
   115       2   0.00000000e+00   5.68649047e-03
   116       1   0.00000000e+00   6.17740081e-03
   116       2   0.00000000e+00   5.65215615e-03
   117       1   0.00000000e+00   6.24450868e-03
   117       2   0.00000000e+00   5.61910994e-03
   118       1   0.00000000e+00   6.33094229e-03
   118       2   0.00000000e+00   5.57659482e-03
   119       1   0.00000000e+00   6.41708100e-03
   119       2   0.00000000e+00   5.54098441e-03
   120       1   0.00000000e+00   6.51528384e-03
   120       2   0.00000000e+00   5.49670991e-03
   121       1   0.00000000e+00   6.62352655e-03
   121       2   0.00000000e+00   5.45468015e-03
   122       1   0.00000000e+00   6.72622514e-03
   122       2   0.00000000e+00   5.40295667e-03
   123       1   0.00000000e+00   6.85193258e-03
   123       2   0.00000000e+00   5.34906293e-03
   124       1   0.00000000e+00   6.97106066e-03
   124       2   0.00000000e+00   5.29842727e-03
   125       1   0.00000000e+00   7.10898093e-03
   125       2   0.00000000e+00   5.23828369e-03
   126       1   0.00000000e+00   7.24426921e-03
   126       2   0.00000000e+00   5.17960963e-03
   127       1   0.00000000e+00   7.39887292e-03
   127       2   0.00000000e+00   5.11897531e-03
   128       1   0.00000000e+00   7.54938832e-03
   128       2   0.00000000e+00   5.05534616e-03
   129       1   0.00000000e+00   7.71934167e-03
   129       2   0.00000000e+00   4.98920295e-03
   130       1   0.00000000e+00   7.88252815e-03
   130       2   0.00000000e+00   4.91779648e-03
   131       1   0.00000000e+00   8.06360475e-03
   131       2   0.00000000e+00   4.84035459e-03
   132       1   0.00000000e+00   8.24358724e-03
   132       2   0.00000000e+00   4.76606987e-03
   133       1   0.00000000e+00   8.43927319e-03
   133       2   0.00000000e+00   4.68376542e-03
   134       1   0.00000000e+00   8.63579604e-03
   134       2   0.00000000e+00   4.59808500e-03
   135       1   0.00000000e+00   8.84245703e-03
   135       2   0.00000000e+00   4.50922336e-03
   136       1   0.00000000e+00   9.05448145e-03
   136       2   0.00000000e+00   4.41397546e-03
   137       1   0.00000000e+00   9.27553834e-03
   137       2   0.00000000e+00   4.31650698e-03
   138       1   0.00000000e+00   9.50470708e-03
   138       2   0.00000000e+00   4.21023426e-03
   139       1   0.00000000e+00   9.73722618e-03
   139       2   0.00000000e+00   4.09701122e-03
   140       1   0.00000000e+00   9.98110041e-03
   140       2   0.00000000e+00   3.98169030e-03
   141       1   0.00000000e+00   1.02332061e-02
   141       2   0.00000000e+00   3.86401905e-03
   142       1   0.00000000e+00   1.04920485e-02
   142       2   0.00000000e+00   3.73702559e-03
   143       1   0.00000000e+00   1.07641450e-02
   143       2   0.00000000e+00   3.61071858e-03
   144       1   0.00000000e+00   1.10455616e-02
   144       2   0.00000000e+00   3.48198122e-03
   145       1   0.00000000e+00   1.13319886e-02
   145       2   0.00000000e+00   3.33784256e-03
   146       1   0.00000000e+00   1.16361432e-02
   146       2   0.00000000e+00   3.19390507e-03
   147       1   0.00000000e+00   1.19421715e-02
   147       2   0.00000000e+00   3.04320741e-03
   148       1   0.00000000e+00   1.22633598e-02
   148       2   0.00000000e+00   2.88263064e-03
   149       1   0.00000000e+00   1.25943613e-02
   149       2   0.00000000e+00   2.72165611e-03
   150       1   0.00000000e+00   1.29396944e-02
   150       2   0.00000000e+00   2.55545902e-03
   151       1   0.00000000e+00   1.32986784e-02
   151       2   0.00000000e+00   2.38766191e-03
   152       1   0.00000000e+00   1.36708433e-02
   152       2   0.00000000e+00   2.20863497e-03
   153       1   0.00000000e+00   1.40515475e-02
   153       2   0.00000000e+00   2.02687464e-03
   154       1   0.00000000e+00   1.44436945e-02
   154       2   0.00000000e+00   1.85030293e-03
   155       1   0.00000000e+00   1.48644737e-02
   155       2   0.00000000e+00   1.67634547e-03
   156       1   0.00000000e+00   1.52974658e-02
   156       2   0.00000000e+00   1.51363322e-03
   157       1   0.00000000e+00   1.57381160e-02
   157       2   0.00000000e+00   1.36963813e-03
   158       1   0.00000000e+00   1.62078857e-02
   158       2   0.00000000e+00   1.24857283e-03
   159       1   0.00000000e+00   1.66905124e-02
   159       2   0.00000000e+00   1.17095470e-03
   160       1   0.00000000e+00   1.71919020e-02
   160       2   0.00000000e+00   1.14403373e-03
   161       1   0.00000000e+00   1.77209926e-02
   161       2   0.00000000e+00   1.18190710e-03
   162       1   0.00000000e+00   1.82630312e-02
   162       2   0.00000000e+00   1.29273905e-03
   162       3   0.00000000e+00   1.40886220e-06
   163       1   0.00000000e+00   1.88342856e-02
   163       2   0.00000000e+00   1.45473705e-03
   164       1   0.00000000e+00   1.94266615e-02
   164       2   0.00000000e+00   1.66126106e-03
   165       1   0.00000000e+00   2.00429153e-02
   165       2   0.00000000e+00   1.91613298e-03
   166       1   0.00000000e+00   2.06926646e-02
   166       2   0.00000000e+00   2.18848412e-03
   167       1   0.00000000e+00   2.13665743e-02
   167       2   0.00000000e+00   2.49568878e-03
   168       1   0.00000000e+00   2.20733725e-02
   168       2   0.00000000e+00   2.83726194e-03
   169       1   0.00000000e+00   2.28158932e-02
   169       2   0.00000000e+00   3.20026877e-03
   169       3   0.00000000e+00   8.59351894e-07
   170       1   0.00000000e+00   2.35930321e-02
   170       2   0.00000000e+00   3.60019827e-03
   171       1   0.00000000e+00   2.44160676e-02
   171       2   0.00000000e+00   4.01299083e-03
   172       1   0.00000000e+00   2.52778895e-02
   172       2   0.00000000e+00   4.45095017e-03
   173       1   0.00000000e+00   2.61783959e-02
   173       2   0.00000000e+00   4.90521057e-03
   174       1   0.00000000e+00   2.71216921e-02
   174       2   0.00000000e+00   5.39395358e-03
   175       1   0.00000000e+00   2.81343706e-02
   175       2   0.00000000e+00   5.90766855e-03
   176       1   0.00000000e+00   2.91908045e-02
   176       2   0.00000000e+00   6.47185218e-03
   177       1   0.00000000e+00   3.03210707e-02
   177       2   0.00000000e+00   7.06525087e-03
   178       1   0.00000000e+00   3.15117346e-02
   178       2   0.00000000e+00   7.70542925e-03
   178       3   0.00000000e+00   1.28815933e-06
   179       1   0.00000000e+00   3.27878363e-02
   179       2   0.00000000e+00   8.36052179e-03
   180       1   0.00000000e+00   3.41337555e-02
   180       2   0.00000000e+00   9.06022009e-03
   181       1   0.00000000e+00   3.55819620e-02
   181       2   0.00000000e+00   9.80978684e-03
   182       1   0.00000000e+00   3.71125055e-02
   182       2   0.00000000e+00   1.06132599e-02
   182       3   0.00000000e+00   6.94159359e-07
   183       1   0.00000000e+00   3.87750345e-02
   183       2   0.00000000e+00   1.14686008e-02
   183       3   0.00000000e+00   5.30633968e-08
   184       1   0.00000000e+00   4.05382054e-02
   184       2   0.00000000e+00   1.24034210e-02
   184       3   0.00000000e+00   5.05798564e-07
   185       1   0.00000000e+00   4.24593711e-02
   185       2   0.00000000e+00   1.33852857e-02
   185       3   0.00000000e+00   6.47364177e-07
   186       1   0.00000000e+00   4.45150088e-02
   186       2   0.00000000e+00   1.44629771e-02
   186       3   0.00000000e+00   4.45100239e-07
   187       1   0.00000000e+00   4.67598566e-02
   187       2   0.00000000e+00   1.56191189e-02
   187       3   0.00000000e+00   6.48070097e-08
   188       1   0.00000000e+00   4.91937176e-02
   188       2   0.00000000e+00   1.68838144e-02
   188       3   0.00000000e+00   1.92571661e-07
   189       1   0.00000000e+00   5.18541573e-02
   189       2   0.00000000e+00   1.82637067e-02
   189       3   0.00000000e+00   1.90633357e-07
   190       1   0.00000000e+00   5.47752614e-02
   190       2   0.00000000e+00   1.97716880e-02
   190       3   0.00000000e+00   8.17627914e-07
   191       1   0.00000000e+00   5.79916194e-02
   191       2   0.00000000e+00   2.14423456e-02
   191       3   0.00000000e+00   3.81898122e-07
   192       1   0.00000000e+00   6.15473197e-02
   192       2   0.00000000e+00   2.32657515e-02
   192       3   0.00000000e+00   2.39469708e-07
   193       1   0.00000000e+00   6.55151780e-02
   193       2   0.00000000e+00   2.52963399e-02
   193       3   0.00000000e+00   3.56331228e-07
   194       1   0.00000000e+00   6.99635528e-02
   194       2   0.00000000e+00   2.75785046e-02
   194       3   0.00000000e+00   1.92366051e-06
   195       1   0.00000000e+00   7.49848275e-02
   195       2   0.00000000e+00   3.01661705e-02
   195       3   0.00000000e+00   2.58302519e-07
   196       1   0.00000000e+00   8.07120893e-02
   196       2   0.00000000e+00   3.31212434e-02
   196       3   0.00000000e+00   4.60342446e-07
   197       1   0.00000000e+00   8.72915314e-02
   197       2   0.00000000e+00   3.65185809e-02
   197       3   0.00000000e+00   6.82292854e-07
   198       1   0.00000000e+00   9.49273209e-02
   198       2   0.00000000e+00   4.04707984e-02
   198       3   0.00000000e+00   4.63921395e-07
   199       1   0.00000000e+00   1.03897325e-01
   199       2   0.00000000e+00   4.51211576e-02
   199       3   0.00000000e+00   9.51462716e-07
   200       1   0.00000000e+00   1.14580569e-01
   200       2   0.00000000e+00   5.06706588e-02
   200       3   0.00000000e+00   4.97467287e-07
   201       1   0.00000000e+00   8.22890568e-02
   201       2   0.00000000e+00   5.47309347e-02
   201       3   0.00000000e+00   8.43511220e-05
   202       1   0.00000000e+00   5.70191888e-02
   202       2   0.00000000e+00   5.64022949e-02
   202       3   0.00000000e+00   5.31661534e-05
   203       1   0.00000000e+00   5.80778478e-02
   203       2   0.00000000e+00   5.80459500e-02
   203       3   0.00000000e+00   5.39278099e-05
   204       1   0.00000000e+00   5.99064662e-02
   204       2   0.00000000e+00   5.97869385e-02
   204       3   0.00000000e+00   1.43138183e-06
   205       1   0.00000000e+00   6.17762480e-02
   205       2   0.00000000e+00   6.15387762e-02
   205       3   0.00000000e+00   4.36467280e-06
   206       1   0.00000000e+00   6.35425796e-02
   206       2   0.00000000e+00   6.33358794e-02
   206       3   0.00000000e+00   1.85585125e-06
   207       1   0.00000000e+00   6.52228803e-02
   207       2   0.00000000e+00   6.51057816e-02
   207       3   0.00000000e+00   1.79980491e-06
   208       1   0.00000000e+00   6.68156016e-02
   208       2   0.00000000e+00   6.68392458e-02
   208       3   0.00000000e+00   1.08692157e-06
   209       1   0.00000000e+00   6.85498469e-02
   209       2   0.00000000e+00   6.85500231e-02
   209       3   0.00000000e+00   3.82398458e-06
   210       1   0.00000000e+00   7.03178998e-02
   210       2   0.00000000e+00   7.03111764e-02
   210       3   0.00000000e+00   4.03282464e-07
   211       1   0.00000000e+00   7.20135533e-02
   211       2   0.00000000e+00   7.20787123e-02
   211       3   0.00000000e+00   2.00435383e-06
   212       1   0.00000000e+00   7.36879380e-02
   212       2   0.00000000e+00   7.38176633e-02
   212       3   0.00000000e+00   1.37619408e-06
   213       1   0.00000000e+00   7.53741931e-02
   213       2   0.00000000e+00   7.55385827e-02
   213       3   0.00000000e+00   3.51702886e-07
   214       1   0.00000000e+00   7.71185956e-02
   214       2   0.00000000e+00   7.72640356e-02
   214       3   0.00000000e+00   1.03857273e-06
   215       1   0.00000000e+00   7.87998535e-02
   215       2   0.00000000e+00   7.90065576e-02
   215       3   0.00000000e+00   3.98178911e-07
   216       1   0.00000000e+00   8.04612830e-02
   216       2   0.00000000e+00   8.07130792e-02
   216       3   0.00000000e+00   2.85108654e-07
   217       1   0.00000000e+00   8.21126490e-02
   217       2   0.00000000e+00   8.24017162e-02
   217       3   0.00000000e+00   6.99029401e-07
   218       1   0.00000000e+00   8.38012540e-02
   218       2   0.00000000e+00   8.40952022e-02
   218       3   0.00000000e+00   1.53951426e-06
   219       1   0.00000000e+00   8.54602871e-02
   219       2   0.00000000e+00   8.57883200e-02
   219       3   0.00000000e+00   5.76159855e-07
   220       1   0.00000000e+00   8.70902566e-02
   220       2   0.00000000e+00   8.74699975e-02
   220       3   0.00000000e+00   2.00736698e-06
   221       1   0.00000000e+00   8.87164631e-02
   221       2   0.00000000e+00   8.91289236e-02
   221       3   0.00000000e+00   5.30432951e-07
   222       1   0.00000000e+00   9.03501641e-02
   222       2   0.00000000e+00   9.07836855e-02
   222       3   0.00000000e+00   4.21861275e-07
   223       1   0.00000000e+00   9.19852078e-02
   223       2   0.00000000e+00   9.24479211e-02
   223       3   0.00000000e+00   5.62972073e-07
   224       1   0.00000000e+00   9.35528485e-02
   224       2   0.00000000e+00   9.40685639e-02
   224       3   0.00000000e+00   6.89367049e-07
   225       1   0.00000000e+00   9.51329165e-02
   225       2   0.00000000e+00   9.56713136e-02
   225       3   0.00000000e+00   7.92322020e-07
   226       1   0.00000000e+00   9.66899463e-02
   226       2   0.00000000e+00   9.72720416e-02
   226       3   0.00000000e+00   1.48352655e-06
   227       1   0.00000000e+00   9.82736563e-02
   227       2   0.00000000e+00   9.88649542e-02
   227       3   0.00000000e+00   4.39751683e-07
   228       1   0.00000000e+00   9.98037378e-02
   228       2   0.00000000e+00   1.00453895e-01
   228       3   0.00000000e+00   2.55698387e-06
   229       1   0.00000000e+00   1.01341143e-01
   229       2   0.00000000e+00   1.02012785e-01
   229       3   0.00000000e+00   8.06287106e-07
   230       1   0.00000000e+00   1.02853549e-01
   230       2   0.00000000e+00   1.03565288e-01
   230       3   0.00000000e+00   4.56746248e-07
   231       1   0.00000000e+00   1.04377253e-01
   231       2   0.00000000e+00   1.05117321e-01
   231       3   0.00000000e+00   1.07417295e-06
   232       1   0.00000000e+00   1.05884371e-01
   232       2   0.00000000e+00   1.06664143e-01
   232       3   0.00000000e+00   7.36980393e-07
   233       1   0.00000000e+00   1.07377424e-01
   233       2   0.00000000e+00   1.08197695e-01
   233       3   0.00000000e+00   1.20455225e-06
   234       1   0.00000000e+00   1.08872558e-01
   234       2   0.00000000e+00   1.09724066e-01
   234       3   0.00000000e+00   1.76654393e-06
   235       1   0.00000000e+00   1.10366854e-01
   235       2   0.00000000e+00   1.11257400e-01
   235       3   0.00000000e+00   1.31188963e-06
   236       1   0.00000000e+00   1.11860719e-01
   236       2   0.00000000e+00   1.12785647e-01
   236       3   0.00000000e+00   6.95298610e-07
   237       1   0.00000000e+00   1.13333324e-01
   237       2   0.00000000e+00   1.14302546e-01
   237       3   0.00000000e+00   1.87401272e-06
   238       1   0.00000000e+00   1.14830423e-01
   238       2   0.00000000e+00   1.15835029e-01
   238       3   0.00000000e+00   1.62714647e-06
   239       1   0.00000000e+00   1.16309910e-01
   239       2   0.00000000e+00   1.17364931e-01
   239       3   0.00000000e+00   2.43659424e-06
   240       1   0.00000000e+00   1.17795480e-01
   240       2   0.00000000e+00   1.18880430e-01
   240       3   0.00000000e+00   5.80890874e-07
   241       1   0.00000000e+00   1.19252158e-01
   241       2   0.00000000e+00   1.20389778e-01
   241       3   0.00000000e+00   7.20151752e-07
   242       1   0.00000000e+00   1.20708721e-01
   242       2   0.00000000e+00   1.21878862e-01
   242       3   0.00000000e+00   5.63088317e-07
   243       1   0.00000000e+00   1.22134660e-01
   243       2   0.00000000e+00   1.23353124e-01
   243       3   0.00000000e+00   4.69612541e-07
   244       1   0.00000000e+00   1.23552976e-01
   244       2   0.00000000e+00   1.24809743e-01
   244       3   0.00000000e+00   6.34395361e-07
   245       1   0.00000000e+00   1.24947379e-01
   245       2   0.00000000e+00   1.26251956e-01
   245       3   0.00000000e+00   2.35693977e-07
   246       1   0.00000000e+00   1.26330827e-01
   246       2   0.00000000e+00   1.27676370e-01
   246       3   0.00000000e+00   7.94784112e-07
   247       1   0.00000000e+00   1.27697746e-01
   247       2   0.00000000e+00   1.29087749e-01
   247       3   0.00000000e+00   1.09743314e-06
   248       1   0.00000000e+00   1.29059503e-01
   248       2   0.00000000e+00   1.30491585e-01
   248       3   0.00000000e+00   8.36696547e-07
   249       1   0.00000000e+00   1.30409660e-01
   249       2   0.00000000e+00   1.31885724e-01
   249       3   0.00000000e+00   1.60319466e-06
   250       1   0.00000000e+00   1.31740648e-01
   250       2   0.00000000e+00   1.33262347e-01
   250       3   0.00000000e+00   6.11825003e-07
   251       1   0.00000000e+00   1.33053955e-01
   251       2   0.00000000e+00   1.34619198e-01
   251       3   0.00000000e+00   6.03464260e-07
   252       1   0.00000000e+00   1.34341550e-01
   252       2   0.00000000e+00   1.35954153e-01
   252       3   0.00000000e+00   7.32881229e-07
   253       1   0.00000000e+00   1.35618837e-01
   253       2   0.00000000e+00   1.37273248e-01
   253       3   0.00000000e+00   1.28251165e-06
   254       1   0.00000000e+00   1.36873494e-01
   254       2   0.00000000e+00   1.38575253e-01
   254       3   0.00000000e+00   2.80153924e-06
   255       1   0.00000000e+00   1.38109284e-01
   255       2   0.00000000e+00   1.39854188e-01
   255       3   0.00000000e+00   5.16124636e-07
   256       1   0.00000000e+00   1.39342292e-01
   256       2   0.00000000e+00   1.41131581e-01
   256       3   0.00000000e+00   1.84117798e-06
   257       1   0.00000000e+00   1.40547481e-01
   257       2   0.00000000e+00   1.42389123e-01
   257       3   0.00000000e+00   8.31366149e-06
   258       1   0.00000000e+00   1.41737127e-01
   258       2   0.00000000e+00   1.43616515e-01
   258       3   0.00000000e+00   2.23822664e-07
   259       1   0.00000000e+00   1.42890328e-01
   259       2   0.00000000e+00   1.44821721e-01
   259       3   0.00000000e+00   1.62461551e-06
   260       1   0.00000000e+00   1.44028049e-01
   260       2   0.00000000e+00   1.45997587e-01
   260       3   0.00000000e+00   7.82252950e-07
   261       1   0.00000000e+00   1.45100730e-01
   261       2   0.00000000e+00   1.47123377e-01
   261       3   0.00000000e+00   3.59747156e-06
   262       1   0.00000000e+00   1.46163546e-01
   262       2   0.00000000e+00   1.48213773e-01
   262       3   0.00000000e+00   2.93663040e-06
   263       1   0.00000000e+00   1.47176501e-01
   263       2   0.00000000e+00   1.49287598e-01
   263       3   0.00000000e+00   2.36823133e-06
   264       1   0.00000000e+00   1.48188005e-01
   264       2   0.00000000e+00   1.50324571e-01
   264       3   0.00000000e+00   3.88838369e-06
   265       1   0.00000000e+00   1.49150840e-01
   265       2   0.00000000e+00   1.51338201e-01
   265       3   0.00000000e+00   2.62507709e-07
   266       1   0.00000000e+00   1.50062488e-01
   266       2   0.00000000e+00   1.52288853e-01
   266       3   0.00000000e+00   3.34238065e-06
   267       1   0.00000000e+00   1.50959675e-01
   267       2   0.00000000e+00   1.53213448e-01
   267       3   0.00000000e+00   1.59847066e-06
   268       1   0.00000000e+00   1.51809532e-01
   268       2   0.00000000e+00   1.54118685e-01
   268       3   0.00000000e+00   3.42454908e-06
   269       1   0.00000000e+00   1.52675765e-01
   269       2   0.00000000e+00   1.54997302e-01
   269       3   0.00000000e+00   1.70206984e-06
   270       1   0.00000000e+00   1.53472099e-01
   270       2   0.00000000e+00   1.55857863e-01
   270       3   0.00000000e+00   1.05935577e-06
   271       1   0.00000000e+00   1.54276322e-01
   271       2   0.00000000e+00   1.56672441e-01
   271       3   0.00000000e+00   3.51308792e-07
   272       1   0.00000000e+00   1.55011533e-01
   272       2   0.00000000e+00   1.57460548e-01
   272       3   0.00000000e+00   3.71738965e-07
   273       1   0.00000000e+00   1.55746229e-01
   273       2   0.00000000e+00   1.58216439e-01
   273       3   0.00000000e+00   9.03537762e-07
   274       1   0.00000000e+00   1.56428865e-01
   274       2   0.00000000e+00   1.58937638e-01
   274       3   0.00000000e+00   5.12666624e-07
   275       1   0.00000000e+00   1.57087281e-01
   275       2   0.00000000e+00   1.59624428e-01
   275       3   0.00000000e+00   1.15145730e-06
   276       1   0.00000000e+00   1.57711613e-01
   276       2   0.00000000e+00   1.60276061e-01
   276       3   0.00000000e+00   1.63747183e-06
   277       1   0.00000000e+00   1.58301444e-01
   277       2   0.00000000e+00   1.60899655e-01
   277       3   0.00000000e+00   4.25782212e-07
   278       1   0.00000000e+00   1.58845780e-01
   278       2   0.00000000e+00   1.61467473e-01
   278       3   0.00000000e+00   2.33052362e-06
   279       1   0.00000000e+00   1.59356453e-01
   279       2   0.00000000e+00   1.62000352e-01
   279       3   0.00000000e+00   1.35889355e-06
   280       1   0.00000000e+00   1.59830318e-01
   280       2   0.00000000e+00   1.62502298e-01
   280       3   0.00000000e+00   1.89279785e-06
   281       1   0.00000000e+00   1.60280393e-01
   281       2   0.00000000e+00   1.62968418e-01
   281       3   0.00000000e+00   3.26739455e-06
   282       1   0.00000000e+00   1.60692004e-01
   282       2   0.00000000e+00   1.63404843e-01
   282       3   0.00000000e+00   2.67478486e-06
   283       1   0.00000000e+00   1.61077513e-01
   283       2   0.00000000e+00   1.63804799e-01
   283       3   0.00000000e+00   7.20765956e-07
   284       1   0.00000000e+00   1.61420174e-01
   284       2   0.00000000e+00   1.64166882e-01
   284       3   0.00000000e+00   1.01244314e-06
   285       1   0.00000000e+00   1.61733436e-01
   285       2   0.00000000e+00   1.64491983e-01
   285       3   0.00000000e+00   7.86804706e-07
   286       1   0.00000000e+00   1.62007258e-01
   286       2   0.00000000e+00   1.64781733e-01
   286       3   0.00000000e+00   7.06538224e-07
   287       1   0.00000000e+00   1.62249812e-01
   287       2   0.00000000e+00   1.65036183e-01
   287       3   0.00000000e+00   3.48145541e-07
   288       1   0.00000000e+00   1.62460652e-01
   288       2   0.00000000e+00   1.65256182e-01
   288       3   0.00000000e+00   9.46619200e-07
   289       1   0.00000000e+00   1.62625861e-01
   289       2   0.00000000e+00   1.65434791e-01
   289       3   0.00000000e+00   7.17053503e-07
   290       1   0.00000000e+00   1.62760157e-01
   290       2   0.00000000e+00   1.65567948e-01
   290       3   0.00000000e+00   1.46906125e-06
   291       1   0.00000000e+00   1.62838404e-01
   291       2   0.00000000e+00   1.65664167e-01
   291       3   0.00000000e+00   1.57573599e-06
   292       1   0.00000000e+00   1.62902543e-01
   292       2   0.00000000e+00   1.65714491e-01
   292       3   0.00000000e+00   7.47929687e-06
   293       1   0.00000000e+00   1.62901879e-01
   293       2   0.00000000e+00   1.65732216e-01
   293       3   0.00000000e+00   7.79385136e-07
   294       1   0.00000000e+00   1.62891162e-01
   294       2   0.00000000e+00   1.65703118e-01
   294       3   0.00000000e+00   7.42310424e-07
   295       1   0.00000000e+00   1.62818513e-01
   295       2   0.00000000e+00   1.65639980e-01
   295       3   0.00000000e+00   2.20841097e-06
   296       1   0.00000000e+00   1.62723576e-01
   296       2   0.00000000e+00   1.65532950e-01
   296       3   0.00000000e+00   2.11969882e-06
   297       1   0.00000000e+00   1.62578673e-01
   297       2   0.00000000e+00   1.65384679e-01
   297       3   0.00000000e+00   2.68857767e-06
   298       1   0.00000000e+00   1.62397691e-01
   298       2   0.00000000e+00   1.65195295e-01
   298       3   0.00000000e+00   4.61967977e-07
   299       1   0.00000000e+00   1.62168802e-01
   299       2   0.00000000e+00   1.64953409e-01
   299       3   0.00000000e+00   8.31028786e-07
   300       1   0.00000000e+00   1.61912017e-01
   300       2   0.00000000e+00   1.64683056e-01
   300       3   0.00000000e+00   3.19778020e-06
   301       1   0.00000000e+00   1.61613346e-01
   301       2   0.00000000e+00   1.64376703e-01
   301       3   0.00000000e+00   3.96491011e-06
   302       1   0.00000000e+00   1.61275773e-01
   302       2   0.00000000e+00   1.64015718e-01
   302       3   0.00000000e+00   2.22667211e-06
   303       1   0.00000000e+00   1.60900543e-01
   303       2   0.00000000e+00   1.63623422e-01
   303       3   0.00000000e+00   6.44016051e-06
   304       1   0.00000000e+00   1.60481002e-01
   304       2   0.00000000e+00   1.63187580e-01
   304       3   0.00000000e+00   3.21731479e-06
   305       1   0.00000000e+00   1.60020470e-01
   305       2   0.00000000e+00   1.62700674e-01
   305       3   0.00000000e+00   1.10967854e-06
   306       1   0.00000000e+00   1.59518179e-01
   306       2   0.00000000e+00   1.62177877e-01
   306       3   0.00000000e+00   1.38657255e-06
   307       1   0.00000000e+00   1.58980442e-01
   307       2   0.00000000e+00   1.61614804e-01
   307       3   0.00000000e+00   1.01722010e-06
   308       1   0.00000000e+00   1.58403510e-01
   308       2   0.00000000e+00   1.61011034e-01
   308       3   0.00000000e+00   1.53706941e-06
   309       1   0.00000000e+00   1.57789819e-01
   309       2   0.00000000e+00   1.60368686e-01
   309       3   0.00000000e+00   2.90528161e-06
   310       1   0.00000000e+00   1.57138099e-01
   310       2   0.00000000e+00   1.59687857e-01
   310       3   0.00000000e+00   1.35284446e-06
   311       1   0.00000000e+00   1.56452906e-01
   311       2   0.00000000e+00   1.58969022e-01
   311       3   0.00000000e+00   7.24741867e-07
   312       1   0.00000000e+00   1.55723471e-01
   312       2   0.00000000e+00   1.58210278e-01
   312       3   0.00000000e+00   9.76649565e-07
   313       1   0.00000000e+00   1.54962420e-01
   313       2   0.00000000e+00   1.57409480e-01
   313       3   0.00000000e+00   8.52015002e-07
   314       1   0.00000000e+00   1.54155357e-01
   314       2   0.00000000e+00   1.56572866e-01
   314       3   0.00000000e+00   5.22840179e-07
   315       1   0.00000000e+00   1.53319290e-01
   315       2   0.00000000e+00   1.55693869e-01
   315       3   0.00000000e+00   4.18114999e-07
   316       1   0.00000000e+00   1.52436603e-01
   316       2   0.00000000e+00   1.54776447e-01
   316       3   0.00000000e+00   3.90300184e-07
   317       1   0.00000000e+00   1.51526743e-01
   317       2   0.00000000e+00   1.53823005e-01
   317       3   0.00000000e+00   1.22216991e-06
   318       1   0.00000000e+00   1.50574532e-01
   318       2   0.00000000e+00   1.52834911e-01
   318       3   0.00000000e+00   5.61720333e-07
   319       1   0.00000000e+00   1.49592559e-01
   319       2   0.00000000e+00   1.51808067e-01
   319       3   0.00000000e+00   2.59017842e-07
   320       1   0.00000000e+00   1.48554331e-01
   320       2   0.00000000e+00   1.50727119e-01
   320       3   0.00000000e+00   4.39752949e-06
   321       1   0.00000000e+00   1.47486031e-01
   321       2   0.00000000e+00   1.49614868e-01
   321       3   0.00000000e+00   1.21066904e-06
   322       1   0.00000000e+00   1.46390628e-01
   322       2   0.00000000e+00   1.48472795e-01
   322       3   0.00000000e+00   5.63527220e-06
   322       4   0.00000000e+00   1.21903325e-05
   323       1   0.00000000e+00   1.45263729e-01
   323       2   0.00000000e+00   1.47309107e-01
   323       3   0.00000000e+00   2.63871524e-06
   324       1   0.00000000e+00   1.44107873e-01
   324       2   0.00000000e+00   1.46100685e-01
   324       3   0.00000000e+00   8.01443035e-07
   325       1   0.00000000e+00   1.42912319e-01
   325       2   0.00000000e+00   1.44863331e-01
   325       3   0.00000000e+00   1.04020780e-06
   326       1   0.00000000e+00   1.41692031e-01
   326       2   0.00000000e+00   1.43591792e-01
   326       3   0.00000000e+00   5.52572507e-07
   327       1   0.00000000e+00   1.40428004e-01
   327       2   0.00000000e+00   1.42283427e-01
   327       3   0.00000000e+00   5.92824154e-07
   328       1   0.00000000e+00   1.39136888e-01
   328       2   0.00000000e+00   1.40940427e-01
   328       3   0.00000000e+00   5.19807672e-08
   329       1   0.00000000e+00   1.37826514e-01
   329       2   0.00000000e+00   1.39582565e-01
   329       3   0.00000000e+00   6.30789576e-07
   330       1   0.00000000e+00   1.36493263e-01
   330       2   0.00000000e+00   1.38206880e-01
   330       3   0.00000000e+00   1.85034518e-06
   331       1   0.00000000e+00   1.35137574e-01
   331       2   0.00000000e+00   1.36798067e-01
   331       3   0.00000000e+00   4.24790049e-06
   332       1   0.00000000e+00   1.33751182e-01
   332       2   0.00000000e+00   1.35368256e-01
   332       3   0.00000000e+00   7.26898724e-07
   333       1   0.00000000e+00   1.32333976e-01
   333       2   0.00000000e+00   1.33904690e-01
   333       3   0.00000000e+00   1.10730930e-06
   334       1   0.00000000e+00   1.30887286e-01
   334       2   0.00000000e+00   1.32406407e-01
   334       3   0.00000000e+00   2.45156636e-07
   335       1   0.00000000e+00   1.29404531e-01
   335       2   0.00000000e+00   1.30882355e-01
   335       3   0.00000000e+00   1.26936928e-07
   336       1   0.00000000e+00   1.27902487e-01
   336       2   0.00000000e+00   1.29328580e-01
   336       3   0.00000000e+00   7.51274432e-08
   337       1   0.00000000e+00   1.26366190e-01
   337       2   0.00000000e+00   1.27750137e-01
   337       3   0.00000000e+00   6.36848565e-08
   338       1   0.00000000e+00   1.24812059e-01
   338       2   0.00000000e+00   1.26147142e-01
   338       3   0.00000000e+00   3.09536487e-07
   339       1   0.00000000e+00   1.23235714e-01
   339       2   0.00000000e+00   1.24525543e-01
   339       3   0.00000000e+00   8.09430158e-07
   340       1   0.00000000e+00   1.21647346e-01
   340       2   0.00000000e+00   1.22889312e-01
   340       3   0.00000000e+00   1.46220883e-07
   341       1   0.00000000e+00   1.20035924e-01
   341       2   0.00000000e+00   1.21234840e-01
   341       3   0.00000000e+00   1.94264741e-06
   342       1   0.00000000e+00   1.18415499e-01
   342       2   0.00000000e+00   1.19566148e-01
   342       3   0.00000000e+00   8.47963414e-07
   343       1   0.00000000e+00   1.16769349e-01
   343       2   0.00000000e+00   1.17881411e-01
   343       3   0.00000000e+00   3.31401548e-06
   344       1   0.00000000e+00   1.15112621e-01
   344       2   0.00000000e+00   1.16175957e-01
   344       3   0.00000000e+00   2.35019478e-06
   345       1   0.00000000e+00   1.13433815e-01
   345       2   0.00000000e+00   1.14458027e-01
   345       3   0.00000000e+00   2.73889529e-06
   346       1   0.00000000e+00   1.11745078e-01
   346       2   0.00000000e+00   1.12725305e-01
   346       3   0.00000000e+00   3.26779789e-06
   347       1   0.00000000e+00   1.10040272e-01
   347       2   0.00000000e+00   1.10979967e-01
   347       3   0.00000000e+00   6.57910056e-06
   348       1   0.00000000e+00   1.08321596e-01
   348       2   0.00000000e+00   1.09222867e-01
   348       3   0.00000000e+00   4.54570916e-07
   349       1   0.00000000e+00   1.06595898e-01
   349       2   0.00000000e+00   1.07454359e-01
   349       3   0.00000000e+00   8.96178057e-07
   350       1   0.00000000e+00   1.04853293e-01
   350       2   0.00000000e+00   1.05678662e-01
   350       3   0.00000000e+00   3.27971026e-07
   351       1   0.00000000e+00   1.03111165e-01
   351       2   0.00000000e+00   1.03893224e-01
   351       3   0.00000000e+00   2.24363630e-07
   352       1   0.00000000e+00   1.01349520e-01
   352       2   0.00000000e+00   1.02101061e-01
   352       3   0.00000000e+00   1.21545116e-06
   353       1   0.00000000e+00   9.95907793e-02
   353       2   0.00000000e+00   1.00300637e-01
   353       3   0.00000000e+00   1.06558284e-06
   354       1   0.00000000e+00   9.78074221e-02
   354       2   0.00000000e+00   9.84896419e-02
   354       3   0.00000000e+00   5.96346159e-07
   355       1   0.00000000e+00   9.60330597e-02
   355       2   0.00000000e+00   9.66716018e-02
   355       3   0.00000000e+00   1.49131281e-06
   356       1   0.00000000e+00   9.42422935e-02
   356       2   0.00000000e+00   9.48577559e-02
   356       3   0.00000000e+00   1.87775744e-06
   357       1   0.00000000e+00   9.24636903e-02
   357       2   0.00000000e+00   9.30389208e-02
   357       3   0.00000000e+00   7.23471396e-07
   358       1   0.00000000e+00   9.06679898e-02
   358       2   0.00000000e+00   9.12190464e-02
   358       3   0.00000000e+00   1.12396562e-07
   359       1   0.00000000e+00   8.88808729e-02
   359       2   0.00000000e+00   8.93966749e-02
   359       3   0.00000000e+00   1.19334817e-07
   360       1   0.00000000e+00   8.70843094e-02
   360       2   0.00000000e+00   8.75755319e-02
   360       3   0.00000000e+00   3.78470955e-07
   361       1   0.00000000e+00   8.52924195e-02
   361       2   0.00000000e+00   8.57526060e-02
   361       3   0.00000000e+00   2.14680201e-07
   362       1   0.00000000e+00   8.34956870e-02
   362       2   0.00000000e+00   8.39310322e-02
   362       3   0.00000000e+00   4.76182203e-07
   363       1   0.00000000e+00   8.17037863e-02
   363       2   0.00000000e+00   8.21120823e-02
   363       3   0.00000000e+00   2.86019839e-07
   364       1   0.00000000e+00   7.99078771e-02
   364       2   0.00000000e+00   8.02931286e-02
   364       3   0.00000000e+00   4.02396707e-07
   365       1   0.00000000e+00   7.81173045e-02
   365       2   0.00000000e+00   7.84765699e-02
   365       3   0.00000000e+00   6.41232721e-07
   366       1   0.00000000e+00   7.63291573e-02
   366       2   0.00000000e+00   7.66677425e-02
   366       3   0.00000000e+00   2.31619620e-06
   367       1   0.00000000e+00   7.45443724e-02
   367       2   0.00000000e+00   7.48609305e-02
   367       3   0.00000000e+00   2.01949036e-07
   368       1   0.00000000e+00   7.27640896e-02
   368       2   0.00000000e+00   7.30583160e-02
   368       3   0.00000000e+00   1.18893410e-06
   369       1   0.00000000e+00   7.09873429e-02
   369       2   0.00000000e+00   7.12638539e-02
   369       3   0.00000000e+00   3.40215694e-07
   370       1   0.00000000e+00   6.91970459e-02
   370       2   0.00000000e+00   6.94572506e-02
   370       3   0.00000000e+00   3.11165676e-05
   371       1   0.00000000e+00   6.74211463e-02
   371       2   0.00000000e+00   6.76520306e-02
   371       3   0.00000000e+00   1.22101951e-06
   372       1   0.00000000e+00   6.56418029e-02
   372       2   0.00000000e+00   6.58685563e-02
   372       3   0.00000000e+00   1.51413861e-06
   373       1   0.00000000e+00   6.38898852e-02
   373       2   0.00000000e+00   6.40881987e-02
   373       3   0.00000000e+00   4.45418880e-06
   374       1   0.00000000e+00   6.21308783e-02
   374       2   0.00000000e+00   6.23247516e-02
   374       3   0.00000000e+00   1.92498649e-06
   375       1   0.00000000e+00   6.04016119e-02
   375       2   0.00000000e+00   6.05712164e-02
   375       3   0.00000000e+00   5.73316936e-07
   376       1   0.00000000e+00   5.86675385e-02
   376       2   0.00000000e+00   5.88305825e-02
   376       3   0.00000000e+00   4.38629461e-07
   377       1   0.00000000e+00   5.69455055e-02
   377       2   0.00000000e+00   5.70900969e-02
   377       3   0.00000000e+00   3.39169635e-07
   378       1   0.00000000e+00   5.52320854e-02
   378       2   0.00000000e+00   5.53638177e-02
   378       3   0.00000000e+00   4.37929765e-07
   379       1   0.00000000e+00   5.35156086e-02
   379       2   0.00000000e+00   5.36409097e-02
   379       3   0.00000000e+00   4.42071536e-07
   380       1   0.00000000e+00   5.18231793e-02
   380       2   0.00000000e+00   5.19274964e-02
   380       3   0.00000000e+00   1.04185213e-06
   381       1   0.00000000e+00   5.01355599e-02
   381       2   0.00000000e+00   5.02403139e-02
   381       3   0.00000000e+00   2.15705224e-07
   382       1   0.00000000e+00   4.84808983e-02
   382       2   0.00000000e+00   4.85677613e-02
   382       3   0.00000000e+00   9.27528106e-08
   383       1   0.00000000e+00   4.68323922e-02
   383       2   0.00000000e+00   4.69165120e-02
   383       3   0.00000000e+00   1.21437828e-07
   384       1   0.00000000e+00   4.52105464e-02
   384       2   0.00000000e+00   4.52827138e-02
   384       3   0.00000000e+00   1.28329315e-07
   385       1   0.00000000e+00   4.35900352e-02
   385       2   0.00000000e+00   4.36568296e-02
   385       3   0.00000000e+00   8.65277114e-08
   386       1   0.00000000e+00   4.19939634e-02
   386       2   0.00000000e+00   4.20487042e-02
   386       3   0.00000000e+00   2.51788027e-07
   387       1   0.00000000e+00   4.04138908e-02
   387       2   0.00000000e+00   4.04660776e-02
   387       3   0.00000000e+00   8.20663043e-08
   388       1   0.00000000e+00   3.88588547e-02
   388       2   0.00000000e+00   3.89025654e-02
   388       3   0.00000000e+00   1.28593148e-07
   389       1   0.00000000e+00   3.73234602e-02
   389       2   0.00000000e+00   3.73618972e-02
   389       3   0.00000000e+00   8.90261243e-08
   390       1   0.00000000e+00   3.58083389e-02
   390       2   0.00000000e+00   3.58430508e-02
   390       3   0.00000000e+00   6.17212830e-08
   391       1   0.00000000e+00   3.43190081e-02
   391       2   0.00000000e+00   3.43455645e-02
   391       3   0.00000000e+00   1.50337776e-07
   392       1   0.00000000e+00   3.28454010e-02
   392       2   0.00000000e+00   3.28718824e-02
   392       3   0.00000000e+00   1.48855910e-07
   393       1   0.00000000e+00   3.14021602e-02
   393       2   0.00000000e+00   3.14199054e-02
   393       3   0.00000000e+00   8.40473337e-08
   394       1   0.00000000e+00   2.99738155e-02
   394       2   0.00000000e+00   2.99929575e-02
   394       3   0.00000000e+00   1.58929210e-07
   395       1   0.00000000e+00   2.85782271e-02
   395       2   0.00000000e+00   2.85891891e-02
   395       3   0.00000000e+00   2.23533993e-07
   396       1   0.00000000e+00   2.71989211e-02
   396       2   0.00000000e+00   2.72117280e-02
   396       3   0.00000000e+00   1.27623586e-07
   397       1   0.00000000e+00   2.58527562e-02
   397       2   0.00000000e+00   2.58588286e-02
   397       3   0.00000000e+00   7.73937427e-08
   398       1   0.00000000e+00   2.45254656e-02
   398       2   0.00000000e+00   2.45325432e-02
   398       3   0.00000000e+00   1.24554644e-07
   399       1   0.00000000e+00   2.32304995e-02
   399       2   0.00000000e+00   2.32326407e-02
   399       3   0.00000000e+00   1.33674316e-07
   400       1   0.00000000e+00   2.19568315e-02
   400       2   0.00000000e+00   2.19593166e-02
   400       3   0.00000000e+00   2.23677137e-07
   401       1   0.00000000e+00   2.07151896e-02
   401       2   0.00000000e+00   2.07136795e-02
   401       3   0.00000000e+00   2.67469378e-07
   402       1   0.00000000e+00   1.94962385e-02
   402       2   0.00000000e+00   1.94954937e-02
   402       3   0.00000000e+00   1.38448943e-07
   403       1   0.00000000e+00   1.83091215e-02
   403       2   0.00000000e+00   1.83049324e-02
   403       3   0.00000000e+00   6.25135948e-08
   404       1   0.00000000e+00   1.71462563e-02
   404       2   0.00000000e+00   1.71425004e-02
   404       3   0.00000000e+00   1.77024008e-07
   405       1   0.00000000e+00   1.60151225e-02
   405       2   0.00000000e+00   1.60087845e-02
   405       3   0.00000000e+00   8.64956969e-08
   406       1   0.00000000e+00   1.49088226e-02
   406       2   0.00000000e+00   1.49028525e-02
   406       3   0.00000000e+00   1.53822329e-07
   407       1   0.00000000e+00   1.38344425e-02
   407       2   0.00000000e+00   1.38260848e-02
   407       3   0.00000000e+00   1.14930516e-07
   408       1   0.00000000e+00   1.27848815e-02
   408       2   0.00000000e+00   1.27774587e-02
   408       3   0.00000000e+00   1.36422928e-07
   409       1   0.00000000e+00   1.17682131e-02
   409       2   0.00000000e+00   1.17579720e-02
   409       3   0.00000000e+00   1.03705368e-07
   410       1   0.00000000e+00   1.07757205e-02
   410       2   0.00000000e+00   1.07671483e-02
   410       3   0.00000000e+00   1.91603357e-07
   411       1   0.00000000e+00   9.81674708e-03
   411       2   0.00000000e+00   9.80501285e-03
   412       1   0.00000000e+00   8.88071695e-03
   412       2   0.00000000e+00   8.87135709e-03
   413       1   0.00000000e+00   7.98047444e-03
   413       2   0.00000000e+00   7.96642233e-03
   414       1   0.00000000e+00   7.09860446e-03
   414       2   0.00000000e+00   7.08961918e-03
   415       1   0.00000000e+00   6.25813749e-03
   415       2   0.00000000e+00   6.24080166e-03
   416       1   0.00000000e+00   5.43274728e-03
   416       2   0.00000000e+00   5.42309022e-03
   417       1   0.00000000e+00   4.64917101e-03
   417       2   0.00000000e+00   4.63001796e-03
   418       1   0.00000000e+00   3.87915432e-03
   418       2   0.00000000e+00   3.86658751e-03
   419       1   0.00000000e+00   3.15255785e-03
   419       2   0.00000000e+00   3.13034706e-03
   420       1   0.00000000e+00   2.44107361e-03
   420       2   0.00000000e+00   2.42409968e-03
   421       1   0.00000000e+00   1.77996921e-03
   421       2   0.00000000e+00   1.74912488e-03
   422       1   0.00000000e+00   1.14784966e-03
   422       2   0.00000000e+00   1.11695010e-03
   423       1   0.00000000e+00   6.33308553e-04
   423       2   0.00000000e+00   5.69935232e-04
   424       1   0.00000000e+00   5.15897577e-04
   424       2   0.00000000e+00   4.51360256e-04
   425       1   0.00000000e+00   9.15063865e-04
   425       2   0.00000000e+00   8.88629232e-04
   426       1   0.00000000e+00   1.43138297e-03
   426       2   0.00000000e+00   1.41192661e-03
   427       1   0.00000000e+00   1.94165337e-03
   427       2   0.00000000e+00   1.93452436e-03
   428       1   0.00000000e+00   2.45042635e-03
   428       2   0.00000000e+00   2.44031429e-03
   429       1   0.00000000e+00   2.92721146e-03
   429       2   0.00000000e+00   2.92594435e-03
   430       1   0.00000000e+00   3.39726168e-03
   430       2   0.00000000e+00   3.38945230e-03
   431       1   0.00000000e+00   3.83189625e-03
   431       2   0.00000000e+00   3.83304810e-03
   432       1   0.00000000e+00   4.25848222e-03
   432       2   0.00000000e+00   4.25298085e-03
   433       1   0.00000000e+00   4.65531813e-03
   433       2   0.00000000e+00   4.65426143e-03
   434       1   0.00000000e+00   5.03190928e-03
   434       2   0.00000000e+00   5.03245568e-03
   435       1   0.00000000e+00   5.39739377e-03
   435       2   0.00000000e+00   5.38970079e-03
   436       1   0.00000000e+00   5.72433360e-03
   436       2   0.00000000e+00   5.73132334e-03
   437       1   0.00000000e+00   6.05630700e-03
   437       2   0.00000000e+00   6.04437385e-03
   438       1   0.00000000e+00   6.33745607e-03
   438       2   0.00000000e+00   6.34572417e-03
   439       1   0.00000000e+00   6.62643900e-03
   439       2   0.00000000e+00   6.61628892e-03
   440       1   0.00000000e+00   6.87211892e-03
   440       2   0.00000000e+00   6.87583034e-03
   441       1   0.00000000e+00   7.12020018e-03
   441       2   0.00000000e+00   7.11389767e-03
   442       1   0.00000000e+00   7.33384913e-03
   442       2   0.00000000e+00   7.33458970e-03
   443       1   0.00000000e+00   7.54182544e-03
   443       2   0.00000000e+00   7.53621571e-03
   444       1   0.00000000e+00   7.72006578e-03
   444       2   0.00000000e+00   7.72037133e-03
   445       1   0.00000000e+00   7.89236715e-03
   445       2   0.00000000e+00   7.88622380e-03
   446       1   0.00000000e+00   8.03624140e-03
   446       2   0.00000000e+00   8.03617950e-03
   447       1   0.00000000e+00   8.17374730e-03
   447       2   0.00000000e+00   8.16749211e-03
   448       1   0.00000000e+00   8.28779169e-03
   448       2   0.00000000e+00   8.28680162e-03
   449       1   0.00000000e+00   8.39288949e-03
   449       2   0.00000000e+00   8.38737119e-03
   450       1   0.00000000e+00   8.47372633e-03
   450       2   0.00000000e+00   8.47173105e-03
   451       1   0.00000000e+00   8.54560339e-03
   451       2   0.00000000e+00   8.54005971e-03
   452       1   0.00000000e+00   8.59340891e-03
   452       2   0.00000000e+00   8.59177025e-03
   453       1   0.00000000e+00   8.63386169e-03
   453       2   0.00000000e+00   8.62725127e-03
   454       1   0.00000000e+00   8.65318987e-03
   454       2   0.00000000e+00   8.65221338e-03
   455       1   0.00000000e+00   8.66850362e-03
   455       2   0.00000000e+00   8.66115619e-03
   456       1   0.00000000e+00   8.66013770e-03
   456       2   0.00000000e+00   8.65845566e-03
   457       1   0.00000000e+00   8.64353334e-03
   457       2   0.00000000e+00   8.63848469e-03
   458       1   0.00000000e+00   8.61078131e-03
   458       2   0.00000000e+00   8.60605260e-03
   459       1   0.00000000e+00   8.56504635e-03
   459       2   0.00000000e+00   8.56261545e-03
   460       1   0.00000000e+00   8.51542204e-03
   460       2   0.00000000e+00   8.50823847e-03
   461       1   0.00000000e+00   8.44341031e-03
   461       2   0.00000000e+00   8.44320355e-03
   462       1   0.00000000e+00   8.37169048e-03
   462       2   0.00000000e+00   8.36346107e-03
   463       1   0.00000000e+00   8.27843227e-03
   463       2   0.00000000e+00   8.27783812e-03
   464       1   0.00000000e+00   8.18468243e-03
   464       2   0.00000000e+00   8.17812740e-03
   465       1   0.00000000e+00   8.07101603e-03
   465       2   0.00000000e+00   8.06908938e-03
   466       1   0.00000000e+00   7.94632127e-03
   466       2   0.00000000e+00   7.94506600e-03
   467       1   0.00000000e+00   7.83331303e-03
   467       2   0.00000000e+00   7.81795089e-03
   468       1   0.00000000e+00   7.65996960e-03
   468       2   0.00000000e+00   7.67734028e-03
   469       1   0.00000000e+00   7.54884920e-03
   469       2   0.00000000e+00   7.51692477e-03
   470       1   0.00000000e+00   7.34833856e-03
   470       2   0.00000000e+00   7.37404116e-03
   471       1   0.00000000e+00   7.22664374e-03
   471       2   0.00000000e+00   7.19693949e-03
   472       1   0.00000000e+00   7.02109664e-03
   472       2   0.00000000e+00   7.03708186e-03
   473       1   0.00000000e+00   6.87645014e-03
   473       2   0.00000000e+00   6.85963680e-03
   474       1   0.00000000e+00   6.68059656e-03
   474       2   0.00000000e+00   6.68280628e-03
   475       1   0.00000000e+00   6.50247295e-03
   475       2   0.00000000e+00   6.49866907e-03
   476       1   0.00000000e+00   6.31190520e-03
   476       2   0.00000000e+00   6.30408854e-03
   477       1   0.00000000e+00   6.10755403e-03
   477       2   0.00000000e+00   6.11135237e-03
   478       1   0.00000000e+00   5.92617790e-03
   478       2   0.00000000e+00   5.91217221e-03
   479       1   0.00000000e+00   5.70559014e-03
   479       2   0.00000000e+00   5.71377932e-03
   480       1   0.00000000e+00   5.51276028e-03
   480       2   0.00000000e+00   5.49950641e-03
   481       1   0.00000000e+00   5.29187043e-03
   481       2   0.00000000e+00   5.29455128e-03
   482       1   0.00000000e+00   5.08646018e-03
   482       2   0.00000000e+00   5.08113343e-03
   483       1   0.00000000e+00   4.86709725e-03
   483       2   0.00000000e+00   4.86324984e-03
   484       1   0.00000000e+00   4.64944037e-03
   484       2   0.00000000e+00   4.64839202e-03
   485       1   0.00000000e+00   4.43175444e-03
   485       2   0.00000000e+00   4.42608623e-03
   486       1   0.00000000e+00   4.20470178e-03
   486       2   0.00000000e+00   4.20436405e-03
   487       1   0.00000000e+00   3.98444454e-03
   487       2   0.00000000e+00   3.97903017e-03
   488       1   0.00000000e+00   3.75454943e-03
   488       2   0.00000000e+00   3.75354388e-03
   489       1   0.00000000e+00   3.52913466e-03
   489       2   0.00000000e+00   3.52493968e-03
   490       1   0.00000000e+00   3.30043621e-03
   490       2   0.00000000e+00   3.29825454e-03
   491       1   0.00000000e+00   3.07426137e-03
   491       2   0.00000000e+00   3.07060509e-03
   492       1   0.00000000e+00   2.84284061e-03
   492       2   0.00000000e+00   2.84111630e-03
   493       1   0.00000000e+00   2.61622646e-03
   493       2   0.00000000e+00   2.61189293e-03
   494       1   0.00000000e+00   2.38569939e-03
   494       2   0.00000000e+00   2.38413645e-03
   495       1   0.00000000e+00   2.15934857e-03
   495       2   0.00000000e+00   2.15556936e-03
   496       1   0.00000000e+00   1.93543880e-03
   496       2   0.00000000e+00   1.93126546e-03
   497       1   0.00000000e+00   1.70436142e-03
   497       2   0.00000000e+00   1.70464190e-03
   498       1   0.00000000e+00   1.48696941e-03
   498       2   0.00000000e+00   1.47762637e-03
   499       1   0.00000000e+00   1.25429583e-03
   499       2   0.00000000e+00   1.25711923e-03
   500       1   0.00000000e+00   1.04121456e-03
   500       2   0.00000000e+00   1.03071671e-03
   501       1   0.00000000e+00   8.12447269e-04
   501       2   0.00000000e+00   8.11452829e-04
   502       1   0.00000000e+00   6.00764739e-04
   502       2   0.00000000e+00   5.92031300e-04
   503       1   0.00000000e+00   3.86116914e-04
   503       2   0.00000000e+00   3.75653963e-04
   504       1   0.00000000e+00   1.81437923e-04
   504       2   0.00000000e+00   1.62913019e-04
   505       1   0.00000000e+00   9.72443752e-05
   505       2   0.00000000e+00   5.52399683e-05
   506       1   0.00000000e+00   2.79779512e-04
   506       2   0.00000000e+00   2.61948009e-04
   507       1   0.00000000e+00   4.73301182e-04
   507       2   0.00000000e+00   4.72910268e-04
   508       1   0.00000000e+00   6.81517738e-04
   508       2   0.00000000e+00   6.72648711e-04
   509       1   0.00000000e+00   8.79298227e-04
   509       2   0.00000000e+00   8.77537034e-04
   510       1   0.00000000e+00   1.07901353e-03
   510       2   0.00000000e+00   1.07778321e-03
   511       1   0.00000000e+00   1.27638012e-03
   511       2   0.00000000e+00   1.27135873e-03
   512       1   0.00000000e+00   1.46603166e-03
   512       2   0.00000000e+00   1.46756084e-03
   513       1   0.00000000e+00   1.66270834e-03
   513       2   0.00000000e+00   1.65771164e-03
   514       1   0.00000000e+00   1.84111904e-03
   514       2   0.00000000e+00   1.84339173e-03
   515       1   0.00000000e+00   2.02815162e-03
   515       2   0.00000000e+00   2.02418376e-03
   516       1   0.00000000e+00   2.20713864e-03
   516       2   0.00000000e+00   2.20690083e-03
   517       1   0.00000000e+00   2.38430604e-03
   517       2   0.00000000e+00   2.38444938e-03
   518       1   0.00000000e+00   2.56129543e-03
   518       2   0.00000000e+00   2.55763724e-03
   519       1   0.00000000e+00   2.72805277e-03
   519       2   0.00000000e+00   2.73091900e-03
   520       1   0.00000000e+00   2.90126524e-03
   520       2   0.00000000e+00   2.89658730e-03
   521       1   0.00000000e+00   3.06135649e-03
   521       2   0.00000000e+00   3.06362535e-03
   522       1   0.00000000e+00   3.22530368e-03
   522       2   0.00000000e+00   3.22301014e-03
   523       1   0.00000000e+00   3.37911405e-03
   523       2   0.00000000e+00   3.37879701e-03
   524       1   0.00000000e+00   3.53296780e-03
   524       2   0.00000000e+00   3.53272616e-03
   525       1   0.00000000e+00   3.68451281e-03
   525       2   0.00000000e+00   3.68289175e-03
   526       1   0.00000000e+00   3.82803309e-03
   526       2   0.00000000e+00   3.82868957e-03
   527       1   0.00000000e+00   3.97185086e-03
   527       2   0.00000000e+00   3.97003075e-03
   528       1   0.00000000e+00   4.10865245e-03
   528       2   0.00000000e+00   4.10917293e-03
   529       1   0.00000000e+00   4.24441865e-03
   529       2   0.00000000e+00   4.24267643e-03
   530       1   0.00000000e+00   4.37168944e-03
   530       2   0.00000000e+00   4.37279818e-03
   531       1   0.00000000e+00   4.50295283e-03
   531       2   0.00000000e+00   4.49982724e-03
   532       1   0.00000000e+00   4.61896555e-03
   532       2   0.00000000e+00   4.62195436e-03
   533       1   0.00000000e+00   4.74370688e-03
   533       2   0.00000000e+00   4.73901702e-03
   534       1   0.00000000e+00   4.85215508e-03
   534       2   0.00000000e+00   4.85569813e-03
   535       1   0.00000000e+00   4.96756857e-03
   535       2   0.00000000e+00   4.96363960e-03
   536       1   0.00000000e+00   5.06935917e-03
   536       2   0.00000000e+00   5.07121464e-03
   537       1   0.00000000e+00   5.17626682e-03
   537       2   0.00000000e+00   5.17409012e-03
   538       1   0.00000000e+00   5.27033141e-03
   538       2   0.00000000e+00   5.27118893e-03
   539       1   0.00000000e+00   5.36791415e-03
   539       2   0.00000000e+00   5.36584270e-03
   540       1   0.00000000e+00   5.45595262e-03
   540       2   0.00000000e+00   5.45714607e-03
   541       1   0.00000000e+00   5.54461050e-03
   541       2   0.00000000e+00   5.54232934e-03
   542       1   0.00000000e+00   5.62447464e-03
   542       2   0.00000000e+00   5.62558327e-03
   543       1   0.00000000e+00   5.70684665e-03
   543       2   0.00000000e+00   5.70461087e-03
   544       1   0.00000000e+00   5.77542511e-03
   544       2   0.00000000e+00   5.77722734e-03
   545       1   0.00000000e+00   5.85184786e-03
   545       2   0.00000000e+00   5.84795620e-03
   546       1   0.00000000e+00   5.91184916e-03
   546       2   0.00000000e+00   5.91553487e-03
   547       1   0.00000000e+00   5.97949979e-03
   547       2   0.00000000e+00   5.97447565e-03
   548       1   0.00000000e+00   6.02981656e-03
   548       2   0.00000000e+00   6.03405295e-03
   549       1   0.00000000e+00   6.09548605e-03
   549       2   0.00000000e+00   6.08979842e-03
   550       1   0.00000000e+00   6.13876163e-03
   550       2   0.00000000e+00   6.14302007e-03
   551       1   0.00000000e+00   6.19240690e-03
   551       2   0.00000000e+00   6.18819755e-03
   552       1   0.00000000e+00   6.23092096e-03
   552       2   0.00000000e+00   6.23286409e-03
   553       1   0.00000000e+00   6.27440600e-03
   553       2   0.00000000e+00   6.27217884e-03
   554       1   0.00000000e+00   6.30750423e-03
   554       2   0.00000000e+00   6.30861018e-03
   555       1   0.00000000e+00   6.34662155e-03
   555       2   0.00000000e+00   6.34370604e-03
   556       1   0.00000000e+00   6.37084956e-03
   556       2   0.00000000e+00   6.37373520e-03
   557       1   0.00000000e+00   6.40483261e-03
   557       2   0.00000000e+00   6.40006260e-03
   558       1   0.00000000e+00   6.42299243e-03
   558       2   0.00000000e+00   6.42660565e-03
   559       1   0.00000000e+00   6.44834615e-03
   559       2   0.00000000e+00   6.44444699e-03
   560       1   0.00000000e+00   6.46089925e-03
   560       2   0.00000000e+00   6.46278470e-03
   561       1   0.00000000e+00   6.48126228e-03
   561       2   0.00000000e+00   6.47863790e-03
   562       1   0.00000000e+00   6.48809849e-03
   562       2   0.00000000e+00   6.48960804e-03
   563       1   0.00000000e+00   6.50125919e-03
   563       2   0.00000000e+00   6.49821271e-03
   564       1   0.00000000e+00   6.50239466e-03
   564       2   0.00000000e+00   6.50477209e-03
   565       1   0.00000000e+00   6.51003481e-03
   565       2   0.00000000e+00   6.50617768e-03
   566       1   0.00000000e+00   6.50564315e-03
   566       2   0.00000000e+00   6.50817384e-03
   567       1   0.00000000e+00   6.50952792e-03
   567       2   0.00000000e+00   6.50601828e-03
   568       1   0.00000000e+00   6.49899979e-03
   568       2   0.00000000e+00   6.50080599e-03
   569       1   0.00000000e+00   6.49452135e-03
   569       2   0.00000000e+00   6.49229409e-03
   570       1   0.00000000e+00   6.48371939e-03
   570       2   0.00000000e+00   6.48346815e-03
   571       1   0.00000000e+00   6.47075391e-03
   571       2   0.00000000e+00   6.47082034e-03
   572       1   0.00000000e+00   6.45788089e-03
   572       2   0.00000000e+00   6.45577382e-03
   573       1   0.00000000e+00   6.44075114e-03
   573       2   0.00000000e+00   6.44133262e-03
   574       1   0.00000000e+00   6.42131304e-03
   574       2   0.00000000e+00   6.42037159e-03
   575       1   0.00000000e+00   6.40200841e-03
   575       2   0.00000000e+00   6.39988426e-03
   576       1   0.00000000e+00   6.37498191e-03
   576       2   0.00000000e+00   6.37734450e-03
   577       1   0.00000000e+00   6.35439002e-03
   577       2   0.00000000e+00   6.34947693e-03
   578       1   0.00000000e+00   6.32063047e-03
   578       2   0.00000000e+00   6.32450298e-03
   579       1   0.00000000e+00   6.30074275e-03
   579       2   0.00000000e+00   6.29517276e-03
   580       1   0.00000000e+00   6.26098216e-03
   580       2   0.00000000e+00   6.26495166e-03
   581       1   0.00000000e+00   6.23620310e-03
   581       2   0.00000000e+00   6.23100462e-03
   582       1   0.00000000e+00   6.19547651e-03
   582       2   0.00000000e+00   6.19842812e-03
   583       1   0.00000000e+00   6.16442349e-03
   583       2   0.00000000e+00   6.16061953e-03
   584       1   0.00000000e+00   6.12172770e-03
   584       2   0.00000000e+00   6.12322194e-03
   585       1   0.00000000e+00   6.08719851e-03
   585       2   0.00000000e+00   6.08434629e-03
   586       1   0.00000000e+00   6.04142818e-03
   586       2   0.00000000e+00   6.04259698e-03
   587       1   0.00000000e+00   6.00324751e-03
   587       2   0.00000000e+00   6.00025565e-03
   588       1   0.00000000e+00   5.95721891e-03
   588       2   0.00000000e+00   5.95824278e-03
   589       1   0.00000000e+00   5.91421732e-03
   589       2   0.00000000e+00   5.91190059e-03
   590       1   0.00000000e+00   5.86588723e-03
   590       2   0.00000000e+00   5.86605851e-03
   591       1   0.00000000e+00   5.82230955e-03
   591       2   0.00000000e+00   5.82007229e-03
   592       1   0.00000000e+00   5.76948966e-03
   592       2   0.00000000e+00   5.77055542e-03
   593       1   0.00000000e+00   5.72409119e-03
   593       2   0.00000000e+00   5.72044083e-03
   594       1   0.00000000e+00   5.66930028e-03
   594       2   0.00000000e+00   5.67144048e-03
   595       1   0.00000000e+00   5.62197395e-03
   595       2   0.00000000e+00   5.61799555e-03
   596       1   0.00000000e+00   5.56529542e-03
   596       2   0.00000000e+00   5.56689967e-03
   597       1   0.00000000e+00   5.51710412e-03
   597       2   0.00000000e+00   5.51381341e-03
   598       1   0.00000000e+00   5.45706624e-03
   598       2   0.00000000e+00   5.45856535e-03
   599       1   0.00000000e+00   5.40748419e-03
   599       2   0.00000000e+00   5.40357663e-03
   600       1   0.00000000e+00   5.34737712e-03
   600       2   0.00000000e+00   5.34930327e-03
   601       1   0.00000000e+00   5.29433267e-03
   601       2   0.00000000e+00   5.29092678e-03
   602       1   0.00000000e+00   5.23422226e-03
   602       2   0.00000000e+00   5.23476993e-03
   603       1   0.00000000e+00   5.18036912e-03
   603       2   0.00000000e+00   5.17829392e-03
   604       1   0.00000000e+00   5.11943658e-03
   604       2   0.00000000e+00   5.11918036e-03
   605       1   0.00000000e+00   5.06231414e-03
   605       2   0.00000000e+00   5.06067207e-03
   606       1   0.00000000e+00   5.00304113e-03
   606       2   0.00000000e+00   5.00223031e-03
   607       1   0.00000000e+00   4.94307487e-03
   607       2   0.00000000e+00   4.94226218e-03
   608       1   0.00000000e+00   4.88420299e-03
   608       2   0.00000000e+00   4.88238607e-03
   609       1   0.00000000e+00   4.82378653e-03
   609       2   0.00000000e+00   4.82367991e-03
   610       1   0.00000000e+00   4.76379679e-03
   610       2   0.00000000e+00   4.76184467e-03
   611       1   0.00000000e+00   4.70233213e-03
   611       2   0.00000000e+00   4.70187766e-03
   612       1   0.00000000e+00   4.64300650e-03
   612       2   0.00000000e+00   4.64141975e-03
   613       1   0.00000000e+00   4.58041612e-03
   613       2   0.00000000e+00   4.57994351e-03
   614       1   0.00000000e+00   4.52102083e-03
   614       2   0.00000000e+00   4.51901844e-03
   615       1   0.00000000e+00   4.45918991e-03
   615       2   0.00000000e+00   4.45905400e-03
   616       1   0.00000000e+00   4.39781475e-03
   616       2   0.00000000e+00   4.39611044e-03
   617       1   0.00000000e+00   4.33653780e-03
   617       2   0.00000000e+00   4.33547094e-03
   618       1   0.00000000e+00   4.27570129e-03
   618       2   0.00000000e+00   4.27488675e-03
   619       1   0.00000000e+00   4.21388389e-03
   619       2   0.00000000e+00   4.21258159e-03
   620       1   0.00000000e+00   4.15306080e-03
   620       2   0.00000000e+00   4.15177107e-03
   621       1   0.00000000e+00   4.09238718e-03
   621       2   0.00000000e+00   4.09174594e-03
   622       1   0.00000000e+00   4.03125471e-03
   622       2   0.00000000e+00   4.02959258e-03
   623       1   0.00000000e+00   3.97000220e-03
   623       2   0.00000000e+00   3.96941690e-03
   624       1   0.00000000e+00   3.91097605e-03
   624       2   0.00000000e+00   3.90926067e-03
   625       1   0.00000000e+00   3.84888270e-03
   625       2   0.00000000e+00   3.84859659e-03
   626       1   0.00000000e+00   3.79059336e-03
   626       2   0.00000000e+00   3.78839920e-03
   627       1   0.00000000e+00   3.72996451e-03
   627       2   0.00000000e+00   3.72995085e-03
   628       1   0.00000000e+00   3.67089272e-03
   628       2   0.00000000e+00   3.66893984e-03
   629       1   0.00000000e+00   3.61079156e-03
   629       2   0.00000000e+00   3.61021720e-03
   630       1   0.00000000e+00   3.55342165e-03
   630       2   0.00000000e+00   3.55192509e-03
   631       1   0.00000000e+00   3.49371495e-03
   631       2   0.00000000e+00   3.49304786e-03
   632       1   0.00000000e+00   3.43675613e-03
   632       2   0.00000000e+00   3.43499337e-03
   633       1   0.00000000e+00   3.37833739e-03
   633       2   0.00000000e+00   3.37809217e-03
   634       1   0.00000000e+00   3.32133493e-03
   634       2   0.00000000e+00   3.31942719e-03
   635       1   0.00000000e+00   3.26394496e-03
   635       2   0.00000000e+00   3.26342916e-03
   636       1   0.00000000e+00   3.20905633e-03
   636       2   0.00000000e+00   3.20751383e-03
   637       1   0.00000000e+00   3.15153405e-03
   637       2   0.00000000e+00   3.15100792e-03
   638       1   0.00000000e+00   3.09743773e-03
   638       2   0.00000000e+00   3.09552936e-03
   639       1   0.00000000e+00   3.04166985e-03
   639       2   0.00000000e+00   3.04159902e-03
   640       1   0.00000000e+00   2.98784368e-03
   640       2   0.00000000e+00   2.98580422e-03
   641       1   0.00000000e+00   2.93297685e-03
   641       2   0.00000000e+00   2.93267084e-03
   642       1   0.00000000e+00   2.88135358e-03
   642       2   0.00000000e+00   2.87962075e-03
   643       1   0.00000000e+00   2.82647048e-03
   643       2   0.00000000e+00   2.82623076e-03
   644       1   0.00000000e+00   2.77610227e-03
   644       2   0.00000000e+00   2.77396822e-03
   645       1   0.00000000e+00   2.72361268e-03
   645       2   0.00000000e+00   2.72362726e-03
   646       1   0.00000000e+00   2.67254589e-03
   646       2   0.00000000e+00   2.67084413e-03
   647       1   0.00000000e+00   2.62173513e-03
   647       2   0.00000000e+00   2.62086262e-03
   648       1   0.00000000e+00   2.57282546e-03
   648       2   0.00000000e+00   2.57187516e-03
   649       1   0.00000000e+00   2.52306574e-03
   649       2   0.00000000e+00   2.52195941e-03
   650       1   0.00000000e+00   2.47445962e-03
   650       2   0.00000000e+00   2.47338662e-03
   651       1   0.00000000e+00   2.42698945e-03
   651       2   0.00000000e+00   2.42612846e-03
   652       1   0.00000000e+00   2.37889819e-03
   652       2   0.00000000e+00   2.37775515e-03
   653       1   0.00000000e+00   2.33242795e-03
   653       2   0.00000000e+00   2.33148765e-03
   654       1   0.00000000e+00   2.28705422e-03
   654       2   0.00000000e+00   2.28593946e-03
   655       1   0.00000000e+00   2.24055249e-03
   655       2   0.00000000e+00   2.23989495e-03
   656       1   0.00000000e+00   2.19642758e-03
   656       2   0.00000000e+00   2.19490958e-03
   657       1   0.00000000e+00   2.15236917e-03
   657       2   0.00000000e+00   2.15189246e-03
   658       1   0.00000000e+00   2.10828162e-03
   658       2   0.00000000e+00   2.10709446e-03
   659       1   0.00000000e+00   2.06562755e-03
   659       2   0.00000000e+00   2.06457128e-03
   660       1   0.00000000e+00   2.02388646e-03
   660       2   0.00000000e+00   2.02314109e-03
   661       1   0.00000000e+00   1.98208674e-03
   661       2   0.00000000e+00   1.98103994e-03
   662       1   0.00000000e+00   1.94152476e-03
   662       2   0.00000000e+00   1.94039085e-03
   663       1   0.00000000e+00   1.90152109e-03
   663       2   0.00000000e+00   1.90099751e-03
   664       1   0.00000000e+00   1.86148686e-03
   664       2   0.00000000e+00   1.86015572e-03
   665       1   0.00000000e+00   1.82254766e-03
   665       2   0.00000000e+00   1.82191880e-03
   666       1   0.00000000e+00   1.78569852e-03
   666       2   0.00000000e+00   1.78438628e-03
   667       1   0.00000000e+00   1.74651062e-03
   667       2   0.00000000e+00   1.74635583e-03
   668       1   0.00000000e+00   1.71153543e-03
   668       2   0.00000000e+00   1.70939281e-03
   669       1   0.00000000e+00   1.67386280e-03
   669       2   0.00000000e+00   1.67443958e-03
   670       1   0.00000000e+00   1.63922953e-03
   670       2   0.00000000e+00   1.63706765e-03
   671       1   0.00000000e+00   1.60325865e-03
   671       2   0.00000000e+00   1.60313848e-03
   672       1   0.00000000e+00   1.57062226e-03
   672       2   0.00000000e+00   1.56932455e-03
   673       1   0.00000000e+00   1.53536946e-03
   673       2   0.00000000e+00   1.53490705e-03
   674       1   0.00000000e+00   1.50364338e-03
   674       2   0.00000000e+00   1.50210007e-03
   675       1   0.00000000e+00   1.47080057e-03
   675       2   0.00000000e+00   1.47076923e-03
   676       1   0.00000000e+00   1.43924332e-03
   676       2   0.00000000e+00   1.43764625e-03
   677       1   0.00000000e+00   1.40761368e-03
   677       2   0.00000000e+00   1.40728785e-03
   678       1   0.00000000e+00   1.37893332e-03
   678       2   0.00000000e+00   1.37759237e-03
   679       1   0.00000000e+00   1.34777266e-03
   679       2   0.00000000e+00   1.34744359e-03
   680       1   0.00000000e+00   1.31915990e-03
   680       2   0.00000000e+00   1.31775941e-03
   681       1   0.00000000e+00   1.28999895e-03
   681       2   0.00000000e+00   1.28979179e-03
   682       1   0.00000000e+00   1.26247568e-03
   682       2   0.00000000e+00   1.26097068e-03
   683       1   0.00000000e+00   1.23473453e-03
   683       2   0.00000000e+00   1.23443715e-03
   684       1   0.00000000e+00   1.20904589e-03
   684       2   0.00000000e+00   1.20782746e-03
   685       1   0.00000000e+00   1.18143174e-03
   685       2   0.00000000e+00   1.18105780e-03
   686       1   0.00000000e+00   1.15715874e-03
   686       2   0.00000000e+00   1.15560736e-03
   687       1   0.00000000e+00   1.13140755e-03
   687       2   0.00000000e+00   1.13148755e-03
   688       1   0.00000000e+00   1.10693265e-03
   688       2   0.00000000e+00   1.10542848e-03
   689       1   0.00000000e+00   1.08293836e-03
   689       2   0.00000000e+00   1.08241808e-03
   690       1   0.00000000e+00   1.06086387e-03
   690       2   0.00000000e+00   1.06001984e-03
   691       1   0.00000000e+00   1.03768529e-03
   691       2   0.00000000e+00   1.03666115e-03
   692       1   0.00000000e+00   1.01391284e-03
   692       2   0.00000000e+00   1.01389128e-03
   693       1   0.00000000e+00   9.95493562e-04
   693       2   0.00000000e+00   9.92991568e-04
   694       1   0.00000000e+00   9.69599140e-04
   694       2   0.00000000e+00   9.71423049e-04
   695       1   0.00000000e+00   9.53567943e-04
   695       2   0.00000000e+00   9.49699481e-04
   696       1   0.00000000e+00   9.29634321e-04
   696       2   0.00000000e+00   9.31633404e-04
   697       1   0.00000000e+00   9.13240722e-04
   697       2   0.00000000e+00   9.10483117e-04
   698       1   0.00000000e+00   8.91831181e-04
   698       2   0.00000000e+00   8.91880306e-04
   699       1   0.00000000e+00   8.74500140e-04
   699       2   0.00000000e+00   8.73774506e-04
   700       1   0.00000000e+00   8.54799317e-04
   700       2   0.00000000e+00   8.53869623e-04
   701       1   0.00000000e+00   8.39690929e-04
   701       2   0.00000000e+00   8.38116073e-04
   702       1   0.00000000e+00   8.20081225e-04
   702       2   0.00000000e+00   8.21232207e-04
   703       1   0.00000000e+00   8.05848236e-04
   703       2   0.00000000e+00   8.02552402e-04
   704       1   0.00000000e+00   7.86468450e-04
   704       2   0.00000000e+00   7.87925492e-04
   705       1   0.00000000e+00   7.74269223e-04
   705       2   0.00000000e+00   7.71878901e-04
   706       1   0.00000000e+00   7.55645636e-04
   706       2   0.00000000e+00   7.55750023e-04
   707       1   0.00000000e+00   7.41862857e-04
   707       2   0.00000000e+00   7.40833739e-04
   708       1   0.00000000e+00   7.27608459e-04
   708       2   0.00000000e+00   7.26468768e-04
   709       1   0.00000000e+00   7.12433292e-04
   709       2   0.00000000e+00   7.12564344e-04
   710       1   0.00000000e+00   7.01590400e-04
   710       2   0.00000000e+00   6.99036871e-04
   711       1   0.00000000e+00   6.84987102e-04
   711       2   0.00000000e+00   6.86668018e-04
   712       1   0.00000000e+00   6.74531123e-04
   712       2   0.00000000e+00   6.71059119e-04
   713       1   0.00000000e+00   6.58073106e-04
   713       2   0.00000000e+00   6.59637605e-04
   714       1   0.00000000e+00   6.49469636e-04
   714       2   0.00000000e+00   6.46866366e-04
   715       1   0.00000000e+00   6.34844152e-04
   715       2   0.00000000e+00   6.35127863e-04
   716       1   0.00000000e+00   6.24780684e-04
   716       2   0.00000000e+00   6.23488303e-04
   717       1   0.00000000e+00   6.13681829e-04
   717       2   0.00000000e+00   6.12784309e-04
   718       1   0.00000000e+00   6.01275051e-04
   718       2   0.00000000e+00   6.01107776e-04
   719       1   0.00000000e+00   5.92492221e-04
   719       2   0.00000000e+00   5.90579961e-04
   720       1   0.00000000e+00   5.81285990e-04
   720       2   0.00000000e+00   5.81623088e-04
   721       1   0.00000000e+00   5.72471224e-04
   721       2   0.00000000e+00   5.70832277e-04
   722       1   0.00000000e+00   5.62609533e-04
   722       2   0.00000000e+00   5.62143179e-04
   723       1   0.00000000e+00   5.55834770e-04
   723       2   0.00000000e+00   5.54345312e-04
   724       1   0.00000000e+00   5.41908863e-04
   724       2   0.00000000e+00   5.43064585e-04
   725       1   0.00000000e+00   5.38664187e-04
   725       2   0.00000000e+00   5.34113662e-04
   726       1   0.00000000e+00   5.24076174e-04
   726       2   0.00000000e+00   5.28091123e-04
   727       1   0.00000000e+00   5.22823100e-04
   727       2   0.00000000e+00   5.16838323e-04
   728       1   0.00000000e+00   5.07304215e-04
   728       2   0.00000000e+00   5.10956960e-04
   729       1   0.00000000e+00   5.06421963e-04
   729       2   0.00000000e+00   5.02112305e-04
   730       1   0.00000000e+00   4.92580726e-04
   730       2   0.00000000e+00   4.94262386e-04
   731       1   0.00000000e+00   4.90610744e-04
   731       2   0.00000000e+00   4.87598885e-04
   732       1   0.00000000e+00   4.80504690e-04
   732       2   0.00000000e+00   4.81651587e-04
   733       1   0.00000000e+00   4.77163926e-04
   733       2   0.00000000e+00   4.74280953e-04
   734       1   0.00000000e+00   4.67776846e-04
   734       2   0.00000000e+00   4.68752532e-04
   735       1   0.00000000e+00   4.65425726e-04
   735       2   0.00000000e+00   4.62863918e-04
   736       1   0.00000000e+00   4.55915066e-04
   736       2   0.00000000e+00   4.56542027e-04
   737       1   0.00000000e+00   4.53236041e-04
   737       2   0.00000000e+00   4.50904050e-04
   738       1   0.00000000e+00   4.46130275e-04
   738       2   0.00000000e+00   4.46466936e-04
   739       1   0.00000000e+00   4.42029239e-04
   739       2   0.00000000e+00   4.40079400e-04
   740       1   0.00000000e+00   4.34961971e-04
   740       2   0.00000000e+00   4.35029886e-04
   741       1   0.00000000e+00   4.33193288e-04
   741       2   0.00000000e+00   4.31000547e-04
   742       1   0.00000000e+00   4.24718557e-04
   742       2   0.00000000e+00   4.25524260e-04
   743       1   0.00000000e+00   4.23458366e-04
   743       2   0.00000000e+00   4.20500858e-04
   744       1   0.00000000e+00   4.16932660e-04
   744       2   0.00000000e+00   4.17871269e-04
   745       1   0.00000000e+00   4.14705081e-04
   745       2   0.00000000e+00   4.12307353e-04
   746       1   0.00000000e+00   4.08544791e-04
   746       2   0.00000000e+00   4.08541593e-04
   747       1   0.00000000e+00   4.06799780e-04
   747       2   0.00000000e+00   4.05217779e-04
   748       1   0.00000000e+00   4.00639935e-04
   748       2   0.00000000e+00   4.00468621e-04
   749       1   0.00000000e+00   4.00242274e-04
   749       2   0.00000000e+00   3.97693282e-04
   750       1   0.00000000e+00   3.93107428e-04
   750       2   0.00000000e+00   3.94693221e-04
   751       1   0.00000000e+00   3.93213513e-04
   751       2   0.00000000e+00   3.89185869e-04
   752       1   0.00000000e+00   3.85980185e-04
   752       2   0.00000000e+00   3.87787500e-04
   753       1   0.00000000e+00   3.87417301e-04
   753       2   0.00000000e+00   3.84243831e-04
   754       1   0.00000000e+00   3.79701393e-04
   754       2   0.00000000e+00   3.80534400e-04
   755       1   0.00000000e+00   3.80800235e-04
   755       2   0.00000000e+00   3.77981632e-04
   756       1   0.00000000e+00   3.75150662e-04
   756       2   0.00000000e+00   3.76017657e-04
   757       1   0.00000000e+00   3.74481550e-04
   757       2   0.00000000e+00   3.71851990e-04
   758       1   0.00000000e+00   3.70109162e-04
   758       2   0.00000000e+00   3.70246217e-04
   759       1   0.00000000e+00   3.70526755e-04
   759       2   0.00000000e+00   3.68553864e-04
   760       1   0.00000000e+00   3.64304704e-04
   760       2   0.00000000e+00   3.64476153e-04
   761       1   0.00000000e+00   3.63906597e-04
   761       2   0.00000000e+00   3.61187641e-04
   762       1   0.00000000e+00   3.57239750e-04
   762       2   0.00000000e+00   3.58858963e-04
   763       1   0.00000000e+00   3.60418029e-04
   763       2   0.00000000e+00   3.55722282e-04
   764       1   0.00000000e+00   3.52886376e-04
   764       2   0.00000000e+00   3.56306602e-04
   765       1   0.00000000e+00   3.61310253e-04
   765       2   0.00000000e+00   3.54988641e-04
   766       1   0.00000000e+00   3.49313589e-04
   766       2   0.00000000e+00   3.53930359e-04
   767       1   0.00000000e+00   3.54966443e-04
   767       2   0.00000000e+00   3.49006655e-04
   768       1   0.00000000e+00   3.47482852e-04
   768       2   0.00000000e+00   3.49794966e-04
   769       1   0.00000000e+00   3.49868235e-04
   769       2   0.00000000e+00   3.47102320e-04
   770       1   0.00000000e+00   3.46100853e-04
   770       2   0.00000000e+00   3.45370211e-04
   771       1   0.00000000e+00   3.45528126e-04
   771       2   0.00000000e+00   3.45024829e-04
   772       1   0.00000000e+00   3.43465518e-04
   772       2   0.00000000e+00   3.41534990e-04
   773       1   0.00000000e+00   3.40806850e-04
   773       2   0.00000000e+00   3.40657824e-04
   774       1   0.00000000e+00   3.41532585e-04
   774       2   0.00000000e+00   3.39528768e-04
   775       1   0.00000000e+00   3.37806386e-04
   775       2   0.00000000e+00   3.37750845e-04
   776       1   0.00000000e+00   3.38577490e-04
   776       2   0.00000000e+00   3.36267025e-04
   777       1   0.00000000e+00   3.35300981e-04
   777       2   0.00000000e+00   3.35648750e-04
   778       1   0.00000000e+00   3.34858577e-04
   778       2   0.00000000e+00   3.32634802e-04
   779       1   0.00000000e+00   3.33200017e-04
   779       2   0.00000000e+00   3.32568989e-04
   780       1   0.00000000e+00   3.32855200e-04
   780       2   0.00000000e+00   3.32069109e-04
   781       1   0.00000000e+00   3.31708525e-04
   781       2   0.00000000e+00   3.29768100e-04
   782       1   0.00000000e+00   3.28846725e-04
   782       2   0.00000000e+00   3.28995032e-04
   783       1   0.00000000e+00   3.30456990e-04
   783       2   0.00000000e+00   3.27855566e-04
   784       1   0.00000000e+00   3.25442724e-04
   784       2   0.00000000e+00   3.26157589e-04
   785       1   0.00000000e+00   3.27679100e-04
   785       2   0.00000000e+00   3.24695080e-04
   786       1   0.00000000e+00   3.24786245e-04
   786       2   0.00000000e+00   3.25281214e-04
   787       1   0.00000000e+00   3.24984756e-04
   787       2   0.00000000e+00   3.22881087e-04
   788       1   0.00000000e+00   3.22388668e-04
   788       2   0.00000000e+00   3.21805397e-04
   789       1   0.00000000e+00   3.22992684e-04
   789       2   0.00000000e+00   3.21596452e-04
   790       1   0.00000000e+00   3.19850766e-04
   790       2   0.00000000e+00   3.19281242e-04
   791       1   0.00000000e+00   3.20609104e-04
   791       2   0.00000000e+00   3.18548242e-04
   792       1   0.00000000e+00   3.18166931e-04
   792       2   0.00000000e+00   3.18447042e-04
   793       1   0.00000000e+00   3.18845204e-04
   793       2   0.00000000e+00   3.16165222e-04
   794       1   0.00000000e+00   3.15396033e-04
   794       2   0.00000000e+00   3.15829082e-04
   795       1   0.00000000e+00   3.17249104e-04
   795       2   0.00000000e+00   3.14799802e-04
   796       1   0.00000000e+00   3.12807481e-04
   796       2   0.00000000e+00   3.13057360e-04
   797       1   0.00000000e+00   3.14858917e-04
   797       2   0.00000000e+00   3.12219341e-04
   798       1   0.00000000e+00   3.11505630e-04
   798       2   0.00000000e+00   3.12106450e-04
   799       1   0.00000000e+00   3.12286955e-04
   799       2   0.00000000e+00   3.09632873e-04
   800       1   0.00000000e+00   3.09383347e-04
   800       2   0.00000000e+00   3.09440077e-04
   801       1   0.00000000e+00   3.10896350e-04
   801       2   0.00000000e+00   3.08865652e-04
   802       1   0.00000000e+00   3.06191458e-04
   802       2   0.00000000e+00   3.06305520e-04
   803       1   0.00000000e+00   3.08123256e-04
   803       2   0.00000000e+00   3.05707062e-04
   804       1   0.00000000e+00   3.08198365e-04
   804       2   0.00000000e+00   3.07495259e-04
   805       1   0.00000000e+00   3.04784134e-04
   805       2   0.00000000e+00   3.05021169e-04
   806       1   0.00000000e+00   3.07551377e-04
   806       2   0.00000000e+00   3.03299700e-04
   807       1   0.00000000e+00   3.01102629e-04
   807       2   0.00000000e+00   3.04269681e-04
   808       1   0.00000000e+00   3.04599013e-04
   808       2   0.00000000e+00   2.99273497e-04
   809       1   0.00000000e+00   2.97630284e-04
   809       2   0.00000000e+00   2.99956609e-04
   810       1   0.00000000e+00   3.02107153e-04
   810       2   0.00000000e+00   2.98606362e-04
   811       1   0.00000000e+00   2.97100405e-04
   811       2   0.00000000e+00   2.97314558e-04
   812       1   0.00000000e+00   2.97424707e-04
   812       2   0.00000000e+00   2.96025412e-04
   813       1   0.00000000e+00   2.96780804e-04
   813       2   0.00000000e+00   2.95085161e-04
   814       1   0.00000000e+00   2.93004849e-04
   814       2   0.00000000e+00   2.93467403e-04
   815       1   0.00000000e+00   2.96038544e-04
   815       2   0.00000000e+00   2.92341822e-04
   816       1   0.00000000e+00   2.90577162e-04
   816       2   0.00000000e+00   2.92822814e-04
   817       1   0.00000000e+00   2.93944046e-04
   817       2   0.00000000e+00   2.89294736e-04
   818       1   0.00000000e+00   2.87391628e-04
   818       2   0.00000000e+00   2.89555659e-04
   819       1   0.00000000e+00   2.91991903e-04
   819       2   0.00000000e+00   2.88074899e-04
   820       1   0.00000000e+00   2.85051245e-04
   820       2   0.00000000e+00   2.86446596e-04
   821       1   0.00000000e+00   2.88316206e-04
   821       2   0.00000000e+00   2.84995067e-04
   822       1   0.00000000e+00   2.84248449e-04
   822       2   0.00000000e+00   2.85011294e-04
   823       1   0.00000000e+00   2.85224869e-04
   823       2   0.00000000e+00   2.82606416e-04
   824       1   0.00000000e+00   2.81027840e-04
   824       2   0.00000000e+00   2.81315281e-04
   825       1   0.00000000e+00   2.83289439e-04
   825       2   0.00000000e+00   2.80676149e-04
   826       1   0.00000000e+00   2.78049507e-04
   826       2   0.00000000e+00   2.78773193e-04
   827       1   0.00000000e+00   2.80195694e-04
   827       2   0.00000000e+00   2.77097478e-04
   828       1   0.00000000e+00   2.76506082e-04
   828       2   0.00000000e+00   2.77281025e-04
   829       1   0.00000000e+00   2.77180588e-04
   829       2   0.00000000e+00   2.74630887e-04
   830       1   0.00000000e+00   2.74020823e-04
   830       2   0.00000000e+00   2.73729218e-04
   831       1   0.00000000e+00   2.73875219e-04
   831       2   0.00000000e+00   2.72591290e-04
   832       1   0.00000000e+00   2.70784447e-04
   832       2   0.00000000e+00   2.69820056e-04
   833       1   0.00000000e+00   2.71642313e-04
   833       2   0.00000000e+00   2.69696266e-04
   834       1   0.00000000e+00   2.67901600e-04
   834       2   0.00000000e+00   2.68518708e-04
   835       1   0.00000000e+00   2.67787236e-04
   835       2   0.00000000e+00   2.64852118e-04
   836       1   0.00000000e+00   2.65302898e-04
   836       2   0.00000000e+00   2.65378932e-04
   837       1   0.00000000e+00   2.66279135e-04
   837       2   0.00000000e+00   2.64612628e-04
   838       1   0.00000000e+00   2.61770905e-04
   838       2   0.00000000e+00   2.61218117e-04
   839       1   0.00000000e+00   2.61612242e-04
   839       2   0.00000000e+00   2.59695968e-04
   840       1   0.00000000e+00   2.58719712e-04
   840       2   0.00000000e+00   2.58933340e-04
   841       1   0.00000000e+00   2.60103133e-04
   841       2   0.00000000e+00   2.57034952e-04
   842       1   0.00000000e+00   2.55177187e-04
   842       2   0.00000000e+00   2.56513804e-04
   843       1   0.00000000e+00   2.58091080e-04
   843       2   0.00000000e+00   2.54555314e-04
   844       1   0.00000000e+00   2.52418469e-04
   844       2   0.00000000e+00   2.53393086e-04
   845       1   0.00000000e+00   2.54001023e-04
   845       2   0.00000000e+00   2.51385399e-04
   846       1   0.00000000e+00   2.50554256e-04
   846       2   0.00000000e+00   2.50467330e-04
   847       1   0.00000000e+00   2.49943228e-04
   847       2   0.00000000e+00   2.48268994e-04
   848       1   0.00000000e+00   2.47847081e-04
   848       2   0.00000000e+00   2.46860725e-04
   849       1   0.00000000e+00   2.46658977e-04
   849       2   0.00000000e+00   2.45805349e-04
   850       1   0.00000000e+00   2.43875166e-04
   850       2   0.00000000e+00   2.42558573e-04
   851       1   0.00000000e+00   2.42442948e-04
   851       2   0.00000000e+00   2.41433229e-04
   852       1   0.00000000e+00   2.42162967e-04
   852       2   0.00000000e+00   2.40920879e-04
   853       1   0.00000000e+00   2.39486922e-04
   853       2   0.00000000e+00   2.38641111e-04
   854       1   0.00000000e+00   2.37871778e-04
   854       2   0.00000000e+00   2.36630094e-04
   855       1   0.00000000e+00   2.37326851e-04
   855       2   0.00000000e+00   2.35922369e-04
   856       1   0.00000000e+00   2.33087334e-04
   856       2   0.00000000e+00   2.33181890e-04
   857       1   0.00000000e+00   2.34963279e-04
   857       2   0.00000000e+00   2.31608939e-04
   858       1   0.00000000e+00   2.29498928e-04
   858       2   0.00000000e+00   2.31500647e-04
   859       1   0.00000000e+00   2.32195889e-04
   859       2   0.00000000e+00   2.27730570e-04
   860       1   0.00000000e+00   2.25650348e-04
   860       2   0.00000000e+00   2.27637109e-04
   861       1   0.00000000e+00   2.29166132e-04
   861       2   0.00000000e+00   2.25384126e-04
   862       1   0.00000000e+00   2.20921256e-04
   862       2   0.00000000e+00   2.22729386e-04
   863       1   0.00000000e+00   2.26450028e-04
   863       2   0.00000000e+00   2.21740685e-04
   864       1   0.00000000e+00   2.19339507e-04
   864       2   0.00000000e+00   2.22337268e-04
   865       1   0.00000000e+00   2.23272539e-04
   865       2   0.00000000e+00   2.18098651e-04
   866       1   0.00000000e+00   2.14375398e-04
   866       2   0.00000000e+00   2.17241144e-04
   867       1   0.00000000e+00   2.20243357e-04
   867       2   0.00000000e+00   2.15292744e-04
   868       1   0.00000000e+00   2.10955330e-04
   868       2   0.00000000e+00   2.13615351e-04
   869       1   0.00000000e+00   2.15423130e-04
   869       2   0.00000000e+00   2.11011802e-04
   870       1   0.00000000e+00   2.10137315e-04
   870       2   0.00000000e+00   2.11414053e-04
   871       1   0.00000000e+00   2.10587865e-04
   871       2   0.00000000e+00   2.08360984e-04
   872       1   0.00000000e+00   2.07498120e-04
   872       2   0.00000000e+00   2.06452628e-04
   873       1   0.00000000e+00   2.06169831e-04
   873       2   0.00000000e+00   2.05758482e-04
   874       1   0.00000000e+00   2.03897976e-04
   874       2   0.00000000e+00   2.02185034e-04
   875       1   0.00000000e+00   2.02852344e-04
   875       2   0.00000000e+00   2.01759247e-04
   876       1   0.00000000e+00   2.01025839e-04
   876       2   0.00000000e+00   2.00657096e-04
   877       1   0.00000000e+00   1.99481004e-04
   877       2   0.00000000e+00   1.97402312e-04
   878       1   0.00000000e+00   1.96532982e-04
   878       2   0.00000000e+00   1.96470721e-04
   879       1   0.00000000e+00   1.97505667e-04
   879       2   0.00000000e+00   1.95321897e-04
   880       1   0.00000000e+00   1.92150143e-04
   880       2   0.00000000e+00   1.92500076e-04
   881       1   0.00000000e+00   1.92856894e-04
   881       2   0.00000000e+00   1.90298203e-04
   882       1   0.00000000e+00   1.90435698e-04
   882       2   0.00000000e+00   1.90552695e-04
   883       1   0.00000000e+00   1.90448979e-04
   883       2   0.00000000e+00   1.88156397e-04
   884       1   0.00000000e+00   1.84163761e-04
   884       2   0.00000000e+00   1.85453069e-04
   885       1   0.00000000e+00   1.90585435e-04
   885       2   0.00000000e+00   1.85321638e-04
   886       1   0.00000000e+00   1.80644747e-04
   886       2   0.00000000e+00   1.84875039e-04
   887       1   0.00000000e+00   1.84977777e-04
   887       2   0.00000000e+00   1.79116943e-04
   888       1   0.00000000e+00   1.77519705e-04
   888       2   0.00000000e+00   1.79940440e-04
   889       1   0.00000000e+00   1.81164285e-04
   889       2   0.00000000e+00   1.77633226e-04
   890       1   0.00000000e+00   1.74381820e-04
   890       2   0.00000000e+00   1.75730595e-04
   891       1   0.00000000e+00   1.80126554e-04
   891       2   0.00000000e+00   1.75678864e-04
   892       1   0.00000000e+00   1.69811659e-04
   892       2   0.00000000e+00   1.73522660e-04
   893       1   0.00000000e+00   1.76196359e-04
   893       2   0.00000000e+00   1.69651795e-04
   894       1   0.00000000e+00   1.67075224e-04
   894       2   0.00000000e+00   1.71194625e-04
   895       1   0.00000000e+00   1.72014194e-04
   895       2   0.00000000e+00   1.66910206e-04
   896       1   0.00000000e+00   1.64919363e-04
   896       2   0.00000000e+00   1.66453927e-04
   897       1   0.00000000e+00   1.67511129e-04
   897       2   0.00000000e+00   1.65164003e-04
   898       1   0.00000000e+00   1.62411716e-04
   898       2   0.00000000e+00   1.61949176e-04
   899       1   0.00000000e+00   1.62146903e-04
   899       2   0.00000000e+00   1.60882003e-04
   900       1   0.00000000e+00   1.60965938e-04
   900       2   0.00000000e+00   1.59976511e-04
   901       1   0.00000000e+00   1.59433563e-04
   901       2   0.00000000e+00   1.58255452e-04
   902       1   0.00000000e+00   1.57059514e-04
   902       2   0.00000000e+00   1.56325016e-04
   903       1   0.00000000e+00   1.55976071e-04
   903       2   0.00000000e+00   1.54627973e-04
   904       1   0.00000000e+00   1.52793785e-04
   904       2   0.00000000e+00   1.52339244e-04
   905       1   0.00000000e+00   1.54208562e-04
   905       2   0.00000000e+00   1.51785689e-04
   906       1   0.00000000e+00   1.49445432e-04
   906       2   0.00000000e+00   1.50826944e-04
   907       1   0.00000000e+00   1.51227436e-04
   907       2   0.00000000e+00   1.47299573e-04
   908       1   0.00000000e+00   1.46067861e-04
   908       2   0.00000000e+00   1.47750742e-04
   909       1   0.00000000e+00   1.49311347e-04
   909       2   0.00000000e+00   1.45990606e-04
   910       1   0.00000000e+00   1.42299782e-04
   910       2   0.00000000e+00   1.43336729e-04
   911       1   0.00000000e+00   1.43681906e-04
   911       2   0.00000000e+00   1.41148135e-04
   912       1   0.00000000e+00   1.41921882e-04
   912       2   0.00000000e+00   1.41735491e-04
   913       1   0.00000000e+00   1.42750138e-04
   913       2   0.00000000e+00   1.41128015e-04
   914       1   0.00000000e+00   1.39673860e-04
   914       2   0.00000000e+00   1.39501780e-04
   915       1   0.00000000e+00   1.40329437e-04
   915       2   0.00000000e+00   1.37889853e-04
   916       1   0.00000000e+00   1.32515005e-04
   916       2   0.00000000e+00   1.34374152e-04
   917       1   0.00000000e+00   1.38106404e-04
   917       2   0.00000000e+00   1.32558081e-04
   918       1   0.00000000e+00   1.29319130e-04
   918       2   0.00000000e+00   1.33957481e-04
   919       1   0.00000000e+00   1.36082321e-04
   919       2   0.00000000e+00   1.29306688e-04
   920       1   0.00000000e+00   1.25846958e-04
   920       2   0.00000000e+00   1.30096744e-04
   921       1   0.00000000e+00   1.33187413e-04
   921       2   0.00000000e+00   1.27841662e-04
   922       1   0.00000000e+00   1.24010143e-04
   922       2   0.00000000e+00   1.26565802e-04
   923       1   0.00000000e+00   1.28734521e-04
   923       2   0.00000000e+00   1.25006614e-04
   924       1   0.00000000e+00   1.24097869e-04
   924       2   0.00000000e+00   1.24981484e-04
   925       1   0.00000000e+00   1.24140905e-04
   925       2   0.00000000e+00   1.22426954e-04
   926       1   0.00000000e+00   1.22278126e-04
   926       2   0.00000000e+00   1.21111108e-04
   927       1   0.00000000e+00   1.21559193e-04
   927       2   0.00000000e+00   1.21190882e-04
   928       1   0.00000000e+00   1.18773725e-04
   928       2   0.00000000e+00   1.17668491e-04
   929       1   0.00000000e+00   1.18396092e-04
   929       2   0.00000000e+00   1.16916658e-04
   930       1   0.00000000e+00   1.17025979e-04
   930       2   0.00000000e+00   1.17019651e-04
   931       1   0.00000000e+00   1.16217933e-04
   931       2   0.00000000e+00   1.14004139e-04
   932       1   0.00000000e+00   1.10493588e-04
   932       2   0.00000000e+00   1.11988911e-04
   933       1   0.00000000e+00   1.17508304e-04
   933       2   0.00000000e+00   1.12378093e-04
   934       1   0.00000000e+00   1.08302510e-04
   934       2   0.00000000e+00   1.12647683e-04
   935       1   0.00000000e+00   1.13345028e-04
   935       2   0.00000000e+00   1.07648776e-04
   936       1   0.00000000e+00   1.06364556e-04
   936       2   0.00000000e+00   1.08933486e-04
   937       1   0.00000000e+00   1.10281766e-04
   937       2   0.00000000e+00   1.06975801e-04
   938       1   0.00000000e+00   1.04420344e-04
   938       2   0.00000000e+00   1.05488686e-04
   939       1   0.00000000e+00   1.08259456e-04
   939       2   0.00000000e+00   1.05277070e-04
   940       1   0.00000000e+00   1.02001294e-04
   940       2   0.00000000e+00   1.03517198e-04
   941       1   0.00000000e+00   1.04602553e-04
   941       2   0.00000000e+00   1.01336929e-04
   942       1   0.00000000e+00   1.00770701e-04
   942       2   0.00000000e+00   1.01833066e-04
   943       1   0.00000000e+00   1.01614603e-04
   943       2   0.00000000e+00   9.95048283e-05
   944       1   0.00000000e+00   9.89527783e-05
   944       2   0.00000000e+00   9.86523040e-05
   945       1   0.00000000e+00   9.95010065e-05
   945       2   0.00000000e+00   9.84296192e-05
   946       1   0.00000000e+00   9.61863323e-05
   946       2   0.00000000e+00   9.57759336e-05
   947       1   0.00000000e+00   9.69243964e-05
   947       2   0.00000000e+00   9.50497591e-05
   948       1   0.00000000e+00   9.39255742e-05
   948       2   0.00000000e+00   9.47636142e-05
   949       1   0.00000000e+00   9.53377437e-05
   949       2   0.00000000e+00   9.23873177e-05
   950       1   0.00000000e+00   9.10542739e-05
   950       2   0.00000000e+00   9.25061048e-05
   951       1   0.00000000e+00   9.46806647e-05
   951       2   0.00000000e+00   9.15251783e-05
   952       1   0.00000000e+00   8.84651957e-05
   952       2   0.00000000e+00   9.02208995e-05
   953       1   0.00000000e+00   9.28059236e-05
   953       2   0.00000000e+00   8.90952252e-05
   954       1   0.00000000e+00   8.74209519e-05
   954       2   0.00000000e+00   8.96713020e-05
   955       1   0.00000000e+00   9.04734894e-05
   955       2   0.00000000e+00   8.68888768e-05
   956       1   0.00000000e+00   8.56987942e-05
   956       2   0.00000000e+00   8.68612247e-05
   957       1   0.00000000e+00   8.64639819e-05
   957       2   0.00000000e+00   8.49790776e-05
   958       1   0.00000000e+00   8.34258207e-05
   958       2   0.00000000e+00   8.27451235e-05
   959       1   0.00000000e+00   8.56124202e-05
   959       2   0.00000000e+00   8.39545767e-05
   960       1   0.00000000e+00   8.05311570e-05
   960       2   0.00000000e+00   8.23847833e-05
   961       1   0.00000000e+00   8.43311106e-05
   961       2   0.00000000e+00   7.95224167e-05
   962       1   0.00000000e+00   7.78116994e-05
   962       2   0.00000000e+00   8.15563018e-05
   963       1   0.00000000e+00   8.45379009e-05
   963       2   0.00000000e+00   7.95787729e-05
   964       1   0.00000000e+00   7.61084611e-05
   964       2   0.00000000e+00   7.88902512e-05
   965       1   0.00000000e+00   7.97176484e-05
   965       2   0.00000000e+00   7.66344300e-05
   966       1   0.00000000e+00   7.67725958e-05
   966       2   0.00000000e+00   7.70152844e-05
   967       1   0.00000000e+00   7.64441782e-05
   967       2   0.00000000e+00   7.59617862e-05
   968       1   0.00000000e+00   7.64020175e-05
   968       2   0.00000000e+00   7.46379017e-05
   969       1   0.00000000e+00   7.47075739e-05
   969       2   0.00000000e+00   7.53870696e-05
   970       1   0.00000000e+00   7.44319024e-05
   970       2   0.00000000e+00   7.26414481e-05
   971       1   0.00000000e+00   7.25758054e-05
   971       2   0.00000000e+00   7.24813023e-05
   972       1   0.00000000e+00   7.30603212e-05
   972       2   0.00000000e+00   7.22777626e-05
   973       1   0.00000000e+00   7.15636228e-05
   973       2   0.00000000e+00   7.07110846e-05
   974       1   0.00000000e+00   7.08525376e-05
   974       2   0.00000000e+00   7.04186914e-05
   975       1   0.00000000e+00   7.09454028e-05
   975       2   0.00000000e+00   6.99252088e-05
   976       1   0.00000000e+00   6.71336355e-05
   976       2   0.00000000e+00   6.75153350e-05
   977       1   0.00000000e+00   6.96723405e-05
   977       2   0.00000000e+00   6.70759974e-05
   978       1   0.00000000e+00   6.63489813e-05
   978       2   0.00000000e+00   6.81273541e-05
   979       1   0.00000000e+00   6.79987201e-05
   979       2   0.00000000e+00   6.51596037e-05
   980       1   0.00000000e+00   6.43892318e-05
   980       2   0.00000000e+00   6.54066921e-05
   981       1   0.00000000e+00   6.71168545e-05
   981       2   0.00000000e+00   6.52915029e-05
   982       1   0.00000000e+00   6.31618994e-05
   982       2   0.00000000e+00   6.35908703e-05
   983       1   0.00000000e+00   6.45054263e-05
   983       2   0.00000000e+00   6.29131323e-05
   984       1   0.00000000e+00   6.29032962e-05
   984       2   0.00000000e+00   6.31620342e-05
   985       1   0.00000000e+00   6.30235495e-05
   985       2   0.00000000e+00   6.17449220e-05
   986       1   0.00000000e+00   6.15110504e-05
   986       2   0.00000000e+00   6.14029281e-05
   987       1   0.00000000e+00   6.23686822e-05
   987       2   0.00000000e+00   6.13344914e-05
   988       1   0.00000000e+00   5.89867790e-05
   988       2   0.00000000e+00   5.92670775e-05
   989       1   0.00000000e+00   6.07319500e-05
   989       2   0.00000000e+00   5.87138560e-05
   990       1   0.00000000e+00   5.80424392e-05
   990       2   0.00000000e+00   5.93024148e-05
   991       1   0.00000000e+00   5.94680030e-05
   991       2   0.00000000e+00   5.70779504e-05
   992       1   0.00000000e+00   5.63275784e-05
   992       2   0.00000000e+00   5.73387847e-05
   993       1   0.00000000e+00   5.89418627e-05
   993       2   0.00000000e+00   5.70595488e-05
   994       1   0.00000000e+00   5.45390876e-05
   994       2   0.00000000e+00   5.54311933e-05
   995       1   0.00000000e+00   5.70619121e-05
   995       2   0.00000000e+00   5.49557425e-05
   996       1   0.00000000e+00   5.52212793e-05
   996       2   0.00000000e+00   5.60277945e-05
   997       1   0.00000000e+00   5.53629952e-05
   997       2   0.00000000e+00   5.40619288e-05
   998       1   0.00000000e+00   5.35338787e-05
   998       2   0.00000000e+00   5.33935533e-05
   999       1   0.00000000e+00   5.48529456e-05
   999       2   0.00000000e+00   5.39934167e-05
  1000       1   0.00000000e+00   5.21430219e-05
  1000       2   0.00000000e+00   5.22641542e-05
  1001       1   0.00000000e+00   5.26639202e-05
  1001       2   0.00000000e+00   5.14187090e-05
  1002       1   0.00000000e+00   5.18859196e-05
  1002       2   0.00000000e+00   5.20553760e-05
  1003       1   0.00000000e+00   5.18666370e-05
  1003       2   0.00000000e+00   5.09036558e-05
  1004       1   0.00000000e+00   5.06965620e-05
  1004       2   0.00000000e+00   5.07093393e-05
  1005       1   0.00000000e+00   5.27475690e-05
  1005       2   0.00000000e+00   5.11493580e-05
  1006       1   0.00000000e+00   4.63341619e-05
  1006       2   0.00000000e+00   4.87933341e-05
  1007       1   0.00000000e+00   5.45862111e-05
  1007       2   0.00000000e+00   4.89177416e-05
  1008       1   0.00000000e+00   4.64270193e-05
  1008       2   0.00000000e+00   5.21917432e-05
  1009       1   0.00000000e+00   5.21868656e-05
  1009       2   0.00000000e+00   4.62543034e-05
  1010       1   0.00000000e+00   4.34213507e-05
  1010       2   0.00000000e+00   4.71542665e-05
  1011       1   0.00000000e+00   5.13455535e-05
  1011       2   0.00000000e+00   4.73560183e-05
  1012       1   0.00000000e+00   4.24236263e-05
  1012       2   0.00000000e+00   4.55592317e-05
  1013       1   0.00000000e+00   4.81589007e-05
  1013       2   0.00000000e+00   4.42611743e-05
  1014       1   0.00000000e+00   4.44400259e-05
  1014       2   0.00000000e+00   4.66400475e-05
  1015       1   0.00000000e+00   4.67893878e-05
  1015       2   0.00000000e+00   4.49783907e-05
  1016       1   0.00000000e+00   4.47278542e-05
  1016       2   0.00000000e+00   4.45564242e-05
  1017       1   0.00000000e+00   4.48413814e-05
  1017       2   0.00000000e+00   4.49963550e-05
  1018       1   0.00000000e+00   4.34881756e-05
  1018       2   0.00000000e+00   4.25637911e-05
  1019       1   0.00000000e+00   4.41277939e-05
  1019       2   0.00000000e+00   4.34806740e-05
  1020       1   0.00000000e+00   4.26413629e-05
  1020       2   0.00000000e+00   4.35354202e-05
  1021       1   0.00000000e+00   4.39989196e-05
  1021       2   0.00000000e+00   4.16388480e-05
  1022       1   0.00000000e+00   4.07994107e-05
  1022       2   0.00000000e+00   4.25510957e-05
  1023       1   0.00000000e+00   4.40132084e-05
  1023       2   0.00000000e+00   4.17620340e-05
  1024       1   0.00000000e+00   3.97152864e-05
  1024       2   0.00000000e+00   4.08993742e-05
  1025       1   0.00000000e+00   4.18721428e-05
  1025       2   0.00000000e+00   4.04373126e-05
  1026       1   0.00000000e+00   4.14326856e-05
  1026       2   0.00000000e+00   4.14663668e-05
  1027       1   0.00000000e+00   4.07894817e-05
  1027       2   0.00000000e+00   4.05164841e-05
  1028       1   0.00000000e+00   3.90400819e-05
  1028       2   0.00000000e+00   3.89885690e-05
  1029       1   0.00000000e+00   4.20179517e-05
  1029       2   0.00000000e+00   4.01417509e-05
  1030       1   0.00000000e+00   3.61604654e-05
  1030       2   0.00000000e+00   3.88799889e-05
  1031       1   0.00000000e+00   4.10861046e-05
  1031       2   0.00000000e+00   3.67334492e-05
  1032       1   0.00000000e+00   3.53264386e-05
  1032       2   0.00000000e+00   3.92387831e-05
  1033       1   0.00000000e+00   4.17289720e-05
  1033       2   0.00000000e+00   3.72638812e-05
  1034       1   0.00000000e+00   3.46314095e-05
  1034       2   0.00000000e+00   3.80651963e-05
  1035       1   0.00000000e+00   4.03506103e-05
  1035       2   0.00000000e+00   3.68635927e-05
  1036       1   0.00000000e+00   3.37042434e-05
  1036       2   0.00000000e+00   3.62300590e-05
  1037       1   0.00000000e+00   3.97949941e-05
  1037       2   0.00000000e+00   3.63974433e-05
  1038       1   0.00000000e+00   3.38786974e-05
  1038       2   0.00000000e+00   3.70300216e-05
  1039       1   0.00000000e+00   3.81508759e-05
  1039       2   0.00000000e+00   3.45674250e-05
  1040       1   0.00000000e+00   3.40678593e-05
  1040       2   0.00000000e+00   3.62524214e-05
  1041       1   0.00000000e+00   3.79800251e-05
  1041       2   0.00000000e+00   3.60062366e-05
  1042       1   0.00000000e+00   3.24726466e-05
  1042       2   0.00000000e+00   3.38094203e-05
  1043       1   0.00000000e+00   3.58715834e-05
  1043       2   0.00000000e+00   3.40709700e-05
  1044       1   0.00000000e+00   3.64476057e-05
  1044       2   0.00000000e+00   3.64408612e-05
  1045       1   0.00000000e+00   3.17642120e-05
  1045       2   0.00000000e+00   3.36230114e-05
  1046       1   0.00000000e+00   3.60397552e-05
  1046       2   0.00000000e+00   3.17903705e-05
  1047       1   0.00000000e+00   3.14522490e-05
  1047       2   0.00000000e+00   3.56794884e-05
  1048       1   0.00000000e+00   3.61472530e-05
  1048       2   0.00000000e+00   3.20205677e-05
  1049       1   0.00000000e+00   2.89435654e-05
  1049       2   0.00000000e+00   3.20616924e-05
  1050       1   0.00000000e+00   3.50291825e-05
  1050       2   0.00000000e+00   3.19171185e-05
  1051       1   0.00000000e+00   3.04250012e-05
  1051       2   0.00000000e+00   3.24072293e-05
  1052       1   0.00000000e+00   3.34365201e-05
  1052       2   0.00000000e+00   3.18671812e-05
  1053       1   0.00000000e+00   3.22787289e-05
  1053       2   0.00000000e+00   3.23519126e-05
  1054       1   0.00000000e+00   2.93684247e-05
  1054       2   0.00000000e+00   3.03374939e-05
  1055       1   0.00000000e+00   3.19965983e-05
  1055       2   0.00000000e+00   2.93888476e-05
  1056       1   0.00000000e+00   2.87350053e-05
  1056       2   0.00000000e+00   3.15526048e-05
  1057       1   0.00000000e+00   3.28408892e-05
  1057       2   0.00000000e+00   2.95306785e-05
  1058       1   0.00000000e+00   2.78124658e-05
  1058       2   0.00000000e+00   3.04756683e-05
  1059       1   0.00000000e+00   3.26534257e-05
  1059       2   0.00000000e+00   2.99913951e-05
  1060       1   0.00000000e+00   2.72867459e-05
  1060       2   0.00000000e+00   2.92696020e-05
  1061       1   0.00000000e+00   3.09607051e-05
  1061       2   0.00000000e+00   2.88594315e-05
  1062       1   0.00000000e+00   2.83431957e-05
  1062       2   0.00000000e+00   2.97660193e-05
  1063       1   0.00000000e+00   2.98830963e-05
  1063       2   0.00000000e+00   2.85875910e-05
  1064       1   0.00000000e+00   2.85516898e-05
  1064       2   0.00000000e+00   2.89014744e-05
  1065       1   0.00000000e+00   2.94766795e-05
  1065       2   0.00000000e+00   2.92626463e-05
  1066       1   0.00000000e+00   2.74066470e-05
  1066       2   0.00000000e+00   2.73432439e-05
  1067       1   0.00000000e+00   2.83324442e-05
  1067       2   0.00000000e+00   2.77024841e-05
  1068       1   0.00000000e+00   2.76961979e-05
  1068       2   0.00000000e+00   2.83319885e-05
  1069       1   0.00000000e+00   2.78835430e-05
  1069       2   0.00000000e+00   2.68590474e-05
  1070       1   0.00000000e+00   2.63287476e-05
  1070       2   0.00000000e+00   2.70305334e-05
  1071       1   0.00000000e+00   2.85419769e-05
  1071       2   0.00000000e+00   2.74351420e-05
  1072       1   0.00000000e+00   2.52495289e-05
  1072       2   0.00000000e+00   2.63460718e-05
  1073       1   0.00000000e+00   2.75532104e-05
  1073       2   0.00000000e+00   2.59572275e-05
  1074       1   0.00000000e+00   2.59651708e-05
  1074       2   0.00000000e+00   2.72421660e-05
  1075       1   0.00000000e+00   2.75444379e-05
  1075       2   0.00000000e+00   2.60109834e-05
  1076       1   0.00000000e+00   2.42160357e-05
  1076       2   0.00000000e+00   2.55907896e-05
  1077       1   0.00000000e+00   2.72567579e-05
  1077       2   0.00000000e+00   2.55748272e-05
  1078       1   0.00000000e+00   2.44059276e-05
  1078       2   0.00000000e+00   2.55315755e-05
  1079       1   0.00000000e+00   2.59553860e-05
  1079       2   0.00000000e+00   2.50110196e-05
  1080       1   0.00000000e+00   2.49962787e-05
  1080       2   0.00000000e+00   2.52597441e-05
  1081       1   0.00000000e+00   2.47368511e-05
  1081       2   0.00000000e+00   2.45949714e-05
  1082       1   0.00000000e+00   2.52014837e-05
  1082       2   0.00000000e+00   2.46730541e-05
  1083       1   0.00000000e+00   2.49816201e-05
  1083       2   0.00000000e+00   2.55075807e-05
  1084       1   0.00000000e+00   2.44613158e-05
  1084       2   0.00000000e+00   2.37460537e-05
  1085       1   0.00000000e+00   2.34928269e-05
  1085       2   0.00000000e+00   2.38017433e-05
  1086       1   0.00000000e+00   2.44797025e-05
  1086       2   0.00000000e+00   2.40523139e-05
  1087       1   0.00000000e+00   2.30856984e-05
  1087       2   0.00000000e+00   2.32172712e-05
  1088       1   0.00000000e+00   2.34949155e-05
  1088       2   0.00000000e+00   2.31314386e-05
  1089       1   0.00000000e+00   2.37729759e-05
  1089       2   0.00000000e+00   2.37375940e-05
  1090       1   0.00000000e+00   2.20403855e-05
  1090       2   0.00000000e+00   2.22634703e-05
  1091       1   0.00000000e+00   2.31041191e-05
  1091       2   0.00000000e+00   2.20735948e-05
  1092       1   0.00000000e+00   2.13532515e-05
  1092       2   0.00000000e+00   2.27160772e-05
  1093       1   0.00000000e+00   2.35281850e-05
  1093       2   0.00000000e+00   2.16136069e-05
  1094       1   0.00000000e+00   2.16070633e-05
  1094       2   0.00000000e+00   2.30743996e-05
  1095       1   0.00000000e+00   2.43154351e-05
  1095       2   0.00000000e+00   2.29748406e-05
  1096       1   0.00000000e+00   2.05080268e-05
  1096       2   0.00000000e+00   2.16573949e-05
  1097       1   0.00000000e+00   2.39195494e-05
  1097       2   0.00000000e+00   2.19639430e-05
  1098       1   0.00000000e+00   2.01186603e-05
  1098       2   0.00000000e+00   2.25810307e-05
  1099       1   0.00000000e+00   2.40124871e-05
  1099       2   0.00000000e+00   2.08201731e-05
  1100       1   0.00000000e+00   1.94108940e-05
  1100       2   0.00000000e+00   2.22240928e-05
  1101       1   0.00000000e+00   2.36759776e-05
  1101       2   0.00000000e+00   2.11695145e-05
  1102       1   0.00000000e+00   1.84225456e-05
  1102       2   0.00000000e+00   2.02623293e-05
  1103       1   0.00000000e+00   2.23518654e-05
  1103       2   0.00000000e+00   2.03621650e-05
  1104       1   0.00000000e+00   1.94420994e-05
  1104       2   0.00000000e+00   2.11042441e-05
  1105       1   0.00000000e+00   2.10277333e-05
  1105       2   0.00000000e+00   1.95090131e-05
  1106       1   0.00000000e+00   1.93522323e-05
  1106       2   0.00000000e+00   2.00907280e-05
  1107       1   0.00000000e+00   2.14087147e-05
  1107       2   0.00000000e+00   2.07642454e-05
  1108       1   0.00000000e+00   1.85601839e-05
  1108       2   0.00000000e+00   1.91165268e-05
  1109       1   0.00000000e+00   2.02283490e-05
  1109       2   0.00000000e+00   1.92222766e-05
  1110       1   0.00000000e+00   1.98720241e-05
  1110       2   0.00000000e+00   2.06064112e-05
  1111       1   0.00000000e+00   2.03017170e-05
  1111       2   0.00000000e+00   1.96033108e-05
  1112       1   0.00000000e+00   1.94061101e-05
  1112       2   0.00000000e+00   1.96968983e-05
  1113       1   0.00000000e+00   2.12638639e-05
  1113       2   0.00000000e+00   2.05678324e-05
  1114       1   0.00000000e+00   1.80027807e-05
  1114       2   0.00000000e+00   1.91262993e-05
  1115       1   0.00000000e+00   2.10731859e-05
  1115       2   0.00000000e+00   1.88641701e-05
  1116       1   0.00000000e+00   1.73286205e-05
  1116       2   0.00000000e+00   1.99201807e-05
  1117       1   0.00000000e+00   2.04515215e-05
  1117       2   0.00000000e+00   1.75998995e-05
  1118       1   0.00000000e+00   1.67002541e-05
  1118       2   0.00000000e+00   1.87939800e-05
  1119       1   0.00000000e+00   2.01651333e-05
  1119       2   0.00000000e+00   1.85432213e-05
  1120       1   0.00000000e+00   1.64402975e-05
  1120       2   0.00000000e+00   1.73366621e-05
  1121       1   0.00000000e+00   1.82874214e-05
  1121       2   0.00000000e+00   1.73677342e-05
  1122       1   0.00000000e+00   1.70543299e-05
  1122       2   0.00000000e+00   1.77990418e-05
  1123       1   0.00000000e+00   1.85812292e-05
  1123       2   0.00000000e+00   1.75240598e-05
  1124       1   0.00000000e+00   1.79805164e-05
  1124       2   0.00000000e+00   1.84931098e-05
  1125       1   0.00000000e+00   1.82190594e-05
  1125       2   0.00000000e+00   1.82755178e-05
  1126       1   0.00000000e+00   1.79481003e-05
  1126       2   0.00000000e+00   1.71110674e-05
  1127       1   0.00000000e+00   1.77678359e-05
  1127       2   0.00000000e+00   1.83007332e-05
  1128       1   0.00000000e+00   1.75808323e-05
  1128       2   0.00000000e+00   1.75555254e-05
  1129       1   0.00000000e+00   1.74805003e-05
  1129       2   0.00000000e+00   1.65270888e-05
  1130       1   0.00000000e+00   1.58975040e-05
  1130       2   0.00000000e+00   1.70048496e-05
  1131       1   0.00000000e+00   1.73753829e-05
  1131       2   0.00000000e+00   1.62794447e-05
  1132       1   0.00000000e+00   1.54306789e-05
  1132       2   0.00000000e+00   1.58325438e-05
  1133       1   0.00000000e+00   1.62045099e-05
  1133       2   0.00000000e+00   1.60010639e-05
  1134       1   0.00000000e+00   1.63649213e-05
  1134       2   0.00000000e+00   1.62781905e-05
  1135       1   0.00000000e+00   1.67401257e-05
  1135       2   0.00000000e+00   1.62186966e-05
  1136       1   0.00000000e+00   1.46301869e-05
  1136       2   0.00000000e+00   1.58483301e-05
  1137       1   0.00000000e+00   1.89090044e-05
  1137       2   0.00000000e+00   1.60743120e-05
  1138       1   0.00000000e+00   1.08065409e-05
  1138       2   0.00000000e+00   1.49399447e-05
  1139       1   0.00000000e+00   1.80893763e-05
  1139       2   0.00000000e+00   1.29668630e-05
  1140       1   0.00000000e+00   1.34263222e-05
  1140       2   0.00000000e+00   1.75067433e-05
  1141       1   0.00000000e+00   1.80858803e-05
  1141       2   0.00000000e+00   1.51797869e-05
  1142       1   0.00000000e+00   1.23293958e-05
  1142       2   0.00000000e+00   1.41804039e-05
  1143       1   0.00000000e+00   1.70852810e-05
  1143       2   0.00000000e+00   1.51856000e-05
  1144       1   0.00000000e+00   1.32309509e-05
  1144       2   0.00000000e+00   1.48620058e-05
  1145       1   0.00000000e+00   1.61704272e-05
  1145       2   0.00000000e+00   1.44266500e-05
  1146       1   0.00000000e+00   1.37239720e-05
  1146       2   0.00000000e+00   1.51345511e-05
  1147       1   0.00000000e+00   1.52666454e-05
  1147       2   0.00000000e+00   1.40011387e-05
  1148       1   0.00000000e+00   1.41723483e-05
  1148       2   0.00000000e+00   1.45610880e-05
  1149       1   0.00000000e+00   1.42754400e-05
  1149       2   0.00000000e+00   1.45799191e-05
  1150       1   0.00000000e+00   1.38504636e-05
  1150       2   0.00000000e+00   1.29340875e-05
  1151       1   0.00000000e+00   1.37416691e-05
  1151       2   0.00000000e+00   1.43761593e-05
  1152       1   0.00000000e+00   1.53651464e-05
  1152       2   0.00000000e+00   1.46871493e-05
  1153       1   0.00000000e+00   1.26553410e-05
  1153       2   0.00000000e+00   1.32817381e-05
  1154       1   0.00000000e+00   1.35118925e-05
  1154       2   0.00000000e+00   1.27244268e-05
  1155       1   0.00000000e+00   1.37652104e-05
  1155       2   0.00000000e+00   1.41611548e-05
  1156       1   0.00000000e+00   1.39330846e-05
  1156       2   0.00000000e+00   1.36014957e-05
  1157       1   0.00000000e+00   1.35577034e-05
  1157       2   0.00000000e+00   1.36511891e-05
  1158       1   0.00000000e+00   1.43462779e-05
  1158       2   0.00000000e+00   1.39406649e-05
  1159       1   0.00000000e+00   1.16700624e-05
  1159       2   0.00000000e+00   1.23920490e-05
  1160       1   0.00000000e+00   1.31126218e-05
  1160       2   0.00000000e+00   1.19011488e-05
  1161       1   0.00000000e+00   1.28442760e-05
  1161       2   0.00000000e+00   1.36531524e-05
  1162       1   0.00000000e+00   1.20143294e-05
  1162       2   0.00000000e+00   1.19579901e-05
  1163       1   0.00000000e+00   1.35802336e-05
  1163       2   0.00000000e+00   1.23385876e-05
  1164       1   0.00000000e+00   1.17313305e-05
  1164       2   0.00000000e+00   1.36648820e-05
  1165       1   0.00000000e+00   1.39833426e-05
  1165       2   0.00000000e+00   1.16202646e-05
  1166       1   0.00000000e+00   1.07800834e-05
  1166       2   0.00000000e+00   1.27401913e-05
  1167       1   0.00000000e+00   1.44204665e-05
  1167       2   0.00000000e+00   1.26115062e-05
  1168       1   0.00000000e+00   1.01061453e-05
  1168       2   0.00000000e+00   1.15616061e-05
  1169       1   0.00000000e+00   1.28956199e-05
  1169       2   0.00000000e+00   1.14182290e-05
  1170       1   0.00000000e+00   1.18956150e-05
  1170       2   0.00000000e+00   1.27447539e-05
  1171       1   0.00000000e+00   1.18828996e-05
  1171       2   0.00000000e+00   1.16036785e-05
  1172       1   0.00000000e+00   1.19072710e-05
  1172       2   0.00000000e+00   1.14422860e-05
  1173       1   0.00000000e+00   1.22518052e-05
  1173       2   0.00000000e+00   1.27227544e-05
  1174       1   0.00000000e+00   1.10486308e-05
  1174       2   0.00000000e+00   1.08299311e-05
  1175       1   0.00000000e+00   1.14442686e-05
  1175       2   0.00000000e+00   1.10658720e-05
  1176       1   0.00000000e+00   1.20363312e-05
  1176       2   0.00000000e+00   1.23783258e-05
  1177       1   0.00000000e+00   1.14598901e-05
  1177       2   0.00000000e+00   1.11495970e-05
  1178       1   0.00000000e+00   1.07407488e-05
  1178       2   0.00000000e+00   1.08555205e-05
  1179       1   0.00000000e+00   1.21909302e-05
  1179       2   0.00000000e+00   1.17289406e-05
  1180       1   0.00000000e+00   9.99943336e-06
  1180       2   0.00000000e+00   1.07387965e-05
  1181       1   0.00000000e+00   1.19164970e-05
  1181       2   0.00000000e+00   1.05591041e-05
  1182       1   0.00000000e+00   9.90622273e-06
  1182       2   0.00000000e+00   1.14721295e-05
  1183       1   0.00000000e+00   1.18801672e-05
  1183       2   0.00000000e+00   1.01392727e-05
  1184       1   0.00000000e+00   9.99307602e-06
  1184       2   0.00000000e+00   1.10805843e-05
  1185       1   0.00000000e+00   1.10142462e-05
  1185       2   0.00000000e+00   1.07446752e-05
  1186       1   0.00000000e+00   1.04001958e-05
  1186       2   0.00000000e+00   9.58526908e-06
  1187       1   0.00000000e+00   9.03634978e-06
  1187       2   0.00000000e+00   1.02939087e-05
  1188       1   0.00000000e+00   1.11476542e-05
  1188       2   0.00000000e+00   9.59411149e-06
  1189       1   0.00000000e+00   7.79657509e-06
  1189       2   0.00000000e+00   9.18775824e-06
  1190       1   0.00000000e+00   1.00750457e-05
  1190       2   0.00000000e+00   8.78755720e-06
  1191       1   0.00000000e+00   9.46043624e-06
  1191       2   0.00000000e+00   1.00258680e-05
  1192       1   0.00000000e+00   8.20223825e-06
  1192       2   0.00000000e+00   8.75109982e-06
  1193       1   0.00000000e+00   1.21001342e-05
  1193       2   0.00000000e+00   9.63868832e-06
  1194       1   0.00000000e+00   7.40319582e-06
  1194       2   0.00000000e+00   1.12981025e-05
  1195       1   0.00000000e+00   1.33632473e-05
  1195       2   0.00000000e+00   8.32656003e-06
  1196       1   0.00000000e+00   5.02055594e-06
  1196       2   0.00000000e+00   1.03771962e-05
  1197       1   0.00000000e+00   1.69812719e-05
  1197       2   0.00000000e+00   1.02470494e-05
  1198       1   0.00000000e+00   3.60467372e-06
  1198       2   0.00000000e+00   1.04440121e-05
  1199       1   0.00000000e+00   1.45098863e-05
  1199       2   0.00000000e+00   7.09194127e-06
  1200       1   0.00000000e+00   5.41928122e-06
  1200       2   0.00000000e+00   1.09905310e-05
  1201       1   0.00000000e+00   1.22033361e-05
  1201       2   0.00000000e+00   8.33121372e-06
  1202       1   0.00000000e+00   6.41835602e-06
  1202       2   0.00000000e+00   8.44678481e-06
  1203       1   0.00000000e+00   1.18329813e-05
  1203       2   0.00000000e+00   1.02154905e-05
  1204       1   0.00000000e+00   6.80982506e-06
  1204       2   0.00000000e+00   8.47494582e-06
  1205       1   0.00000000e+00   1.01672074e-05
  1205       2   0.00000000e+00   8.08050873e-06
  1206       1   0.00000000e+00   7.77239951e-06
  1206       2   0.00000000e+00   9.62770738e-06
  1207       1   0.00000000e+00   9.49857116e-06
  1207       2   0.00000000e+00   8.09171139e-06
  1208       1   0.00000000e+00   8.20317133e-06
  1208       2   0.00000000e+00   8.73410963e-06
  1209       1   0.00000000e+00   9.82121528e-06
  1209       2   0.00000000e+00   9.73468325e-06
  1210       1   0.00000000e+00   8.42450795e-06
  1210       2   0.00000000e+00   8.17450690e-06
  1211       1   0.00000000e+00   7.98578621e-06
  1211       2   0.00000000e+00   8.25862095e-06
  1212       1   0.00000000e+00   9.08905870e-06
  1212       2   0.00000000e+00   8.66063855e-06
  1213       1   0.00000000e+00   8.00640801e-06
  1213       2   0.00000000e+00   8.17351503e-06
  1214       1   0.00000000e+00   7.48774154e-06
  1214       2   0.00000000e+00   7.78367118e-06
  1215       1   0.00000000e+00   1.00970537e-05
  1215       2   0.00000000e+00   8.74466879e-06
  1216       1   0.00000000e+00   5.92556124e-06
  1216       2   0.00000000e+00   8.26124833e-06
  1217       1   0.00000000e+00   1.11822502e-05
  1217       2   0.00000000e+00   7.64190731e-06
  1218       1   0.00000000e+00   5.78650598e-06
  1218       2   0.00000000e+00   9.59277106e-06
  1219       1   0.00000000e+00   1.02423091e-05
  1219       2   0.00000000e+00   6.65460335e-06
  1220       1   0.00000000e+00   5.37832829e-06
  1220       2   0.00000000e+00   7.98879125e-06
  1221       1   0.00000000e+00   1.06073091e-05
  1221       2   0.00000000e+00   8.47541173e-06
  1222       1   0.00000000e+00   5.97387105e-06
  1222       2   0.00000000e+00   7.48456379e-06
  1223       1   0.00000000e+00   8.29458644e-06
  1223       2   0.00000000e+00   7.01729529e-06
  1224       1   0.00000000e+00   6.83086236e-06
  1224       2   0.00000000e+00   7.60908369e-06
  1225       1   0.00000000e+00   7.25105949e-06
  1225       2   0.00000000e+00   6.72381719e-06
  1226       1   0.00000000e+00   6.60458394e-06
  1226       2   0.00000000e+00   6.82630821e-06
  1227       1   0.00000000e+00   8.22526787e-06
  1227       2   0.00000000e+00   7.83508974e-06
  1228       1   0.00000000e+00   6.06112806e-06
  1228       2   0.00000000e+00   6.79049749e-06
  1229       1   0.00000000e+00   8.65750015e-06
  1229       2   0.00000000e+00   7.06951015e-06
  1230       1   0.00000000e+00   5.80827111e-06
  1230       2   0.00000000e+00   7.93052020e-06
  1231       1   0.00000000e+00   8.36261606e-06
  1231       2   0.00000000e+00   5.92468768e-06
  1232       1   0.00000000e+00   5.07338470e-06
  1232       2   0.00000000e+00   7.18062623e-06
  1233       1   0.00000000e+00   9.56291039e-06
  1233       2   0.00000000e+00   7.49468524e-06
  1234       1   0.00000000e+00   4.92059384e-06
  1234       2   0.00000000e+00   6.77626940e-06
  1235       1   0.00000000e+00   8.46287504e-06
  1235       2   0.00000000e+00   6.47638418e-06
  1236       1   0.00000000e+00   6.18416176e-06
  1236       2   0.00000000e+00   7.75566195e-06
  1237       1   0.00000000e+00   7.29323209e-06
  1237       2   0.00000000e+00   6.16172563e-06
  1238       1   0.00000000e+00   5.57309450e-06
  1238       2   0.00000000e+00   6.07368240e-06
  1239       1   0.00000000e+00   6.79935150e-06
  1239       2   0.00000000e+00   6.65793459e-06
  1240       1   0.00000000e+00   5.98124376e-06
  1240       2   0.00000000e+00   5.85359336e-06
  1241       1   0.00000000e+00   7.30389953e-06
  1241       2   0.00000000e+00   6.71590918e-06
  1242       1   0.00000000e+00   4.01754132e-06
  1242       2   0.00000000e+00   6.06601171e-06
  1243       1   0.00000000e+00   9.75816874e-06
  1243       2   0.00000000e+00   5.40030025e-06
  1244       1   0.00000000e+00   2.02115772e-06
  1244       2   0.00000000e+00   7.38611050e-06
  1245       1   0.00000000e+00   1.14963096e-05
  1245       2   0.00000000e+00   4.99149276e-06
  1246       1   0.00000000e+00   1.97131107e-06
  1246       2   0.00000000e+00   6.95853741e-06
  1247       1   0.00000000e+00   9.81223640e-06
  1247       2   0.00000000e+00   5.12022832e-06
  1248       1   0.00000000e+00   3.72307614e-06
  1248       2   0.00000000e+00   6.71158529e-06
  1249       1   0.00000000e+00   7.67007807e-06
  1249       2   0.00000000e+00   5.84127586e-06
  1250       1   0.00000000e+00   5.80461868e-06
  1250       2   0.00000000e+00   6.05265649e-06
  1251       1   0.00000000e+00   5.32430435e-06
  1251       2   0.00000000e+00   6.46889957e-06
  1252       1   0.00000000e+00   6.68858849e-06
  1253       1   0.00000000e+00   3.65102132e-05
  1253       2   0.00000000e+00   1.42356510e-05
  1254       1   0.00000000e+00   3.66036713e-05
  1254       2   0.00000000e+00   7.66051114e-06
  1255       1   0.00000000e+00   3.40631488e-05
  1255       2   0.00000000e+00   2.27893058e-05
  1256       1   0.00000000e+00   4.81556447e-05
  1256       2   0.00000000e+00   7.85186125e-06
  1257       1   0.00000000e+00   2.72456340e-05
  1257       2   0.00000000e+00   1.72103251e-05
  1258       1   0.00000000e+00   2.99217525e-05
  1259       1   0.00000000e+00   2.58838310e-05
  1259       2   0.00000000e+00   4.82459491e-06
  1260       1   0.00000000e+00   2.13505509e-05
  1261       1   0.00000000e+00   2.02705918e-05
  1261       2   0.00000000e+00   6.95671419e-06
  1262       1   0.00000000e+00   2.67268450e-05
  1262       2   0.00000000e+00   6.51905486e-06
  1263       1   0.00000000e+00   2.60564200e-05
  1263       2   0.00000000e+00   8.85229298e-06
  1264       1   0.00000000e+00   3.08051954e-05
  1265       1   0.00000000e+00   6.40245015e-06
  1265       2   0.00000000e+00   2.11359511e-05
  1266       1   0.00000000e+00   1.75837346e-05
  1266       2   0.00000000e+00   1.06058763e-05
  1267       1   0.00000000e+00   1.89526276e-05
  1267       2   0.00000000e+00   5.16536362e-06
  1268       1   0.00000000e+00   1.61258735e-05
  1268       2   0.00000000e+00   1.02959799e-05
  1269       1   0.00000000e+00   2.32556976e-05
  1270       1   0.00000000e+00   2.58669776e-05
  1271       1   0.00000000e+00   6.87015060e-06
  1271       2   0.00000000e+00   1.63878270e-05
  1272       1   0.00000000e+00   8.38719458e-06
  1273       1   0.00000000e+00   3.55226924e-05
  1273       2   0.00000000e+00   1.48725479e-05
  1274       1   0.00000000e+00   3.92205737e-05
  1274       2   0.00000000e+00   1.33005529e-05
  1275       1   0.00000000e+00   4.40680519e-05
  1275       2   0.00000000e+00   2.67045587e-05
  1276       1   0.00000000e+00   6.09382514e-05
  1276       2   0.00000000e+00   1.23042286e-05
  1277       1   0.00000000e+00   5.00913107e-05
  1277       2   0.00000000e+00   1.50913429e-05
  1278       1   0.00000000e+00   4.61980208e-05
  1279       1   0.00000000e+00   1.72805227e-05
  1279       2   0.00000000e+00   2.98068431e-05
  1280       1   0.00000000e+00   1.14904280e-05
  1280       2   0.00000000e+00   1.59160919e-05
  1281       1   0.00000000e+00   4.16180100e-05
  1281       2   0.00000000e+00   1.45240150e-05
  1282       1   0.00000000e+00   4.71348120e-05
  1282       2   0.00000000e+00   2.22267346e-05
  1283       1   0.00000000e+00   5.72563430e-05
  1283       2   0.00000000e+00   1.13016851e-05
  1284       1   0.00000000e+00   4.27120344e-05
  1284       2   0.00000000e+00   1.54576992e-05
  1285       1   0.00000000e+00   3.96624239e-05
  1286       1   0.00000000e+00   6.46149080e-06
  1286       2   0.00000000e+00   1.81198982e-05
  1287       1   0.00000000e+00   5.87450314e-06
  1287       2   0.00000000e+00   1.29836271e-05
  1288       1   0.00000000e+00   2.58578708e-05
  1288       2   0.00000000e+00   8.25054613e-06
  1289       1   0.00000000e+00   2.78018042e-05
  1289       2   0.00000000e+00   1.52647621e-05
  1290       1   0.00000000e+00   3.65867804e-05
  1290       2   0.00000000e+00   6.40938144e-06
  1291       1   0.00000000e+00   2.70996948e-05
  1291       2   0.00000000e+00   9.99934648e-06
  1292       1   0.00000000e+00   2.51476935e-05
  1293       1   0.00000000e+00   8.99081862e-06
  1293       2   0.00000000e+00   1.51515830e-05
  1294       1   0.00000000e+00   5.39729134e-06
  1294       2   0.00000000e+00   1.14539735e-05
  1295       1   0.00000000e+00   2.19112992e-05
  1296       1   0.00000000e+00   1.37152671e-05
  1296       2   0.00000000e+00   2.90062139e-05
  1297       1   0.00000000e+00   1.18278564e-05
  1297       2   0.00000000e+00   8.45607631e-06
  1298       1   0.00000000e+00   1.28258910e-05
  1299       1   0.00000000e+00   1.51996995e-05
  1299       2   0.00000000e+00   2.26591542e-05
  1300       1   0.00000000e+00   1.68894554e-05
  1300       2   0.00000000e+00   1.11936088e-05
  1301       1   0.00000000e+00   1.68165441e-05
  1301       2   0.00000000e+00   5.82232712e-06
  1302       1   0.00000000e+00   1.50514181e-05
  1302       2   0.00000000e+00   5.62352888e-06
  1303       1   0.00000000e+00   1.02654525e-05
  1304       1   0.00000000e+00   2.17507944e-05
  1304       2   0.00000000e+00   5.94619328e-06
  1305       1   0.00000000e+00   2.16859860e-05
  1305       2   0.00000000e+00   5.81437727e-06
  1306       1   0.00000000e+00   2.04392934e-05
  1306       2   0.00000000e+00   1.13929304e-05
  1307       1   0.00000000e+00   2.57472342e-05
  1308       1   0.00000000e+00   1.57142961e-05
  1308       2   0.00000000e+00   2.28759820e-05
  1309       1   0.00000000e+00   4.12503320e-06
  1309       2   0.00000000e+00   1.21794741e-05
  1310       1   0.00000000e+00   2.39358484e-05
  1310       2   0.00000000e+00   6.69780757e-06
  1311       1   0.00000000e+00   2.10895183e-05
  1311       2   0.00000000e+00   1.52811657e-05
  1312       1   0.00000000e+00   2.89942701e-05
  1313       1   0.00000000e+00   2.37986439e-05
  1313       2   0.00000000e+00   2.94667565e-05
  1314       1   0.00000000e+00   8.31658800e-06
  1314       2   0.00000000e+00   1.63843476e-05
  1315       1   0.00000000e+00   3.42004855e-05
  1315       2   0.00000000e+00   1.19581699e-05
  1316       1   0.00000000e+00   4.00721822e-05
  1316       2   0.00000000e+00   1.60359990e-05
  1317       1   0.00000000e+00   4.69642461e-05
  1317       2   0.00000000e+00   8.75778352e-06
  1318       1   0.00000000e+00   3.61386754e-05
  1318       2   0.00000000e+00   1.19648002e-05
  1319       1   0.00000000e+00   3.39893262e-05
  1320       1   0.00000000e+00   4.62973218e-06
  1320       2   0.00000000e+00   1.58529711e-05
  1321       1   0.00000000e+00   6.76236848e-06
  1321       2   0.00000000e+00   1.02934781e-05
  1322       1   0.00000000e+00   1.66814349e-05
  1323       1   0.00000000e+00   2.54209707e-05
  1323       2   0.00000000e+00   3.23672495e-05
  1324       1   0.00000000e+00   8.06579212e-06
  1324       2   0.00000000e+00   1.02546498e-05
  1325       1   0.00000000e+00   2.57366821e-05
  1325       2   0.00000000e+00   7.30971935e-06
  1326       1   0.00000000e+00   2.68444853e-05
  1326       2   0.00000000e+00   1.37225854e-05
  1327       1   0.00000000e+00   3.28057719e-05
  1327       2   0.00000000e+00   6.72378544e-06
  1328       1   0.00000000e+00   2.53893105e-05
  1328       2   0.00000000e+00   8.87875256e-06
  1329       1   0.00000000e+00   2.50911985e-05
  1330       1   0.00000000e+00   6.27620940e-06
  1330       2   0.00000000e+00   7.66319231e-06
  1331       1   0.00000000e+00   7.78921755e-06
  1331       2   0.00000000e+00   5.10432663e-06
  1332       1   0.00000000e+00   6.91348693e-06
  1333       1   0.00000000e+00   6.82907989e-06
  1333       2   0.00000000e+00   6.09925181e-06
  1334       1   0.00000000e+00   1.53766100e-05
  1335       1   0.00000000e+00   1.46529236e-06
  1335       2   0.00000000e+00   1.24555888e-05
  1336       1   0.00000000e+00   6.88235525e-06
  1336       2   0.00000000e+00   4.05437378e-06
  1337       1   0.00000000e+00   7.18734519e-06
  1338       1   0.00000000e+00   8.42559467e-06
  1339       1   0.00000000e+00   1.93475894e-05
  1339       2   0.00000000e+00   1.89883022e-05
  1340       1   0.00000000e+00   1.65835992e-05
  1340       2   0.00000000e+00   7.00759382e-06
  1341       1   0.00000000e+00   2.14414144e-05
  1341       2   0.00000000e+00   1.10754064e-05
  1342       1   0.00000000e+00   2.76487452e-05
  1342       2   0.00000000e+00   5.46897998e-06
  1343       1   0.00000000e+00   2.00283133e-05
  1343       2   0.00000000e+00   1.01186930e-05
  1344       1   0.00000000e+00   2.70127084e-05
  1345       1   0.00000000e+00   2.71141679e-05
  1346       1   0.00000000e+00   3.12475199e-05
  1347       1   0.00000000e+00   1.32662312e-05
  1347       2   0.00000000e+00   1.91984930e-05
  1348       1   0.00000000e+00   2.35987863e-05
  1349       1   0.00000000e+00   3.71794030e-05
  1349       2   0.00000000e+00   1.36057649e-05
  1350       1   0.00000000e+00   2.44221068e-05
  1350       2   0.00000000e+00   7.32337131e-06
  1351       1   0.00000000e+00   2.50251147e-05
  1351       2   0.00000000e+00   1.14702964e-05
  1352       1   0.00000000e+00   3.05940159e-05
  1353       1   0.00000000e+00   2.08167763e-05
  1353       2   0.00000000e+00   3.10209664e-05
  1354       1   0.00000000e+00   6.42326945e-06
  1354       2   0.00000000e+00   1.93747068e-05
  1355       1   0.00000000e+00   2.29375880e-05
  1355       2   0.00000000e+00   7.67821456e-06
  1356       1   0.00000000e+00   2.33642654e-05
  1356       2   0.00000000e+00   1.22766242e-05
  1357       1   0.00000000e+00   2.72456539e-05
  1357       2   0.00000000e+00   5.71618589e-06
  1358       1   0.00000000e+00   1.94932670e-05
  1358       2   0.00000000e+00   6.40819584e-06
  1359       1   0.00000000e+00   1.77045912e-05
  1360       1   0.00000000e+00   1.28878168e-05
  1361       1   0.00000000e+00   1.95622334e-05
  1361       2   0.00000000e+00   6.02152825e-06
  1362       1   0.00000000e+00   1.20629686e-05
  1362       2   0.00000000e+00   5.41512729e-06
  1363       1   0.00000000e+00   1.68166151e-05
  1364       1   0.00000000e+00   1.37684803e-05
  1364       2   0.00000000e+00   1.96863923e-05
  1365       1   0.00000000e+00   2.99052306e-06
  1365       2   0.00000000e+00   1.04351909e-05
  1366       1   0.00000000e+00   1.75197799e-05
  1366       2   0.00000000e+00   5.20317220e-06
  1367       1   0.00000000e+00   1.73200475e-05
  1367       2   0.00000000e+00   1.02879807e-05
  1368       1   0.00000000e+00   2.41274696e-05
  1369       1   0.00000000e+00   6.86491839e-06
  1369       2   0.00000000e+00   1.79626863e-05
  1370       1   0.00000000e+00   2.29769960e-06
  1370       2   0.00000000e+00   6.99876148e-06
  1371       1   0.00000000e+00   1.69448645e-05
  1372       1   0.00000000e+00   2.18283840e-05
  1372       2   0.00000000e+00   3.04669349e-05
  1373       1   0.00000000e+00   6.81947099e-06
  1373       2   0.00000000e+00   6.86207309e-06
  1374       1   0.00000000e+00   2.37591619e-05
  1374       2   0.00000000e+00   8.96812308e-06
  1375       1   0.00000000e+00   2.87171429e-05
  1375       2   0.00000000e+00   1.36498598e-05
  1376       1   0.00000000e+00   3.71564794e-05
  1376       2   0.00000000e+00   6.98221505e-06
  1377       1   0.00000000e+00   3.43410000e-05
  1377       2   0.00000000e+00   7.12499549e-06
  1378       1   0.00000000e+00   2.82641409e-05
  1378       2   0.00000000e+00   6.89703760e-06
  1379       1   0.00000000e+00   2.00134566e-05
  1379       2   0.00000000e+00   5.63277911e-06
  1380       1   0.00000000e+00   1.53698015e-05
  1381       1   0.00000000e+00   9.80792067e-06
  1382       1   0.00000000e+00   2.40172554e-05
  1382       2   0.00000000e+00   1.16212587e-05
  1383       1   0.00000000e+00   1.20153774e-05
  1383       2   0.00000000e+00   8.21933240e-06
  1384       1   0.00000000e+00   1.87044158e-05
  1384       2   0.00000000e+00   5.42574794e-06
  1385       1   0.00000000e+00   1.60512150e-05
  1385       2   0.00000000e+00   6.52800654e-06
  1386       1   0.00000000e+00   1.57624436e-05
  1387       1   0.00000000e+00   8.06628608e-06
  1387       2   0.00000000e+00   1.15205375e-05
  1388       1   0.00000000e+00   3.16249193e-06
  1388       2   0.00000000e+00   9.36665340e-06
  1389       1   0.00000000e+00   1.43239005e-05
  1390       1   0.00000000e+00   1.07533984e-05
  1390       2   0.00000000e+00   1.82919132e-05
  1391       1   0.00000000e+00   4.81601384e-06
  1392       1   0.00000000e+00   2.13452507e-05
  1392       2   0.00000000e+00   2.31795433e-05
  1393       1   0.00000000e+00   6.78519822e-06
  1393       2   0.00000000e+00   4.57674990e-06
  1394       1   0.00000000e+00   1.08245887e-05
  1394       2   0.00000000e+00   1.02241533e-05
  1395       1   0.00000000e+00   1.83662000e-05
  1396       1   0.00000000e+00   1.35779235e-05
  1396       2   0.00000000e+00   1.89275998e-05
  1397       1   0.00000000e+00   5.39729896e-06
  1397       2   0.00000000e+00   8.83412386e-06
  1398       1   0.00000000e+00   1.95019201e-05
  1398       2   0.00000000e+00   7.19649482e-06
  1399       1   0.00000000e+00   2.48836173e-05
  1399       2   0.00000000e+00   7.20477717e-06
  1400       1   0.00000000e+00   2.16857733e-05
  1400       2   0.00000000e+00   8.94923538e-06
  1401       1   0.00000000e+00   1.94399451e-05
  1401       2   0.00000000e+00   5.28941550e-06
  1402       1   0.00000000e+00   1.54605108e-05
  1403       1   0.00000000e+00   5.26640539e-06
  1403       2   0.00000000e+00   8.00709762e-06
  1404       1   0.00000000e+00   3.22346316e-06
  1404       2   0.00000000e+00   6.44185916e-06
  1405       1   0.00000000e+00   1.12344865e-05
  1405       2   0.00000000e+00   5.13765689e-06
  1406       1   0.00000000e+00   8.38869805e-06
  1406       2   0.00000000e+00   8.67411194e-06
  1407       1   0.00000000e+00   1.37071427e-05
  1408       1   0.00000000e+00   9.47434305e-06
  1409       1   0.00000000e+00   2.95942127e-06
  1410       1   0.00000000e+00   2.33062079e-05
  1410       2   0.00000000e+00   1.23971877e-05
  1411       1   0.00000000e+00   1.53772120e-05
  1411       2   0.00000000e+00   1.11140485e-05
  1412       1   0.00000000e+00   2.88047840e-05
  1412       2   0.00000000e+00   8.05575743e-06
  1413       1   0.00000000e+00   2.73338288e-05
  1413       2   0.00000000e+00   1.19876840e-05
  1414       1   0.00000000e+00   2.98521726e-05
  1414       2   0.00000000e+00   5.51956649e-06
  1415       1   0.00000000e+00   2.07236048e-05
  1415       2   0.00000000e+00   6.56243744e-06
  1416       1   0.00000000e+00   1.80427861e-05
  1417       1   0.00000000e+00   1.07602749e-05
  1418       1   0.00000000e+00   1.07215709e-05
  1419       1   0.00000000e+00   3.32722495e-05
  1419       2   0.00000000e+00   1.32134690e-05
  1420       1   0.00000000e+00   2.38495983e-05
  1420       2   0.00000000e+00   1.11264057e-05
  1421       1   0.00000000e+00   3.36806125e-05
  1421       2   0.00000000e+00   1.05685698e-05
  1422       1   0.00000000e+00   3.49938253e-05
  1422       2   0.00000000e+00   1.02794298e-05
  1423       1   0.00000000e+00   3.32998586e-05
  1423       2   0.00000000e+00   6.36266847e-06
  1424       1   0.00000000e+00   2.20606546e-05
  1424       2   0.00000000e+00   6.97190386e-06
  1425       1   0.00000000e+00   1.15074795e-05
  1426       1   0.00000000e+00   2.95276386e-05
  1426       2   0.00000000e+00   1.50762662e-05
  1427       1   0.00000000e+00   2.61584931e-05
  1427       2   0.00000000e+00   1.51678943e-05
  1428       1   0.00000000e+00   4.09181385e-05
  1428       2   0.00000000e+00   1.73747768e-05
  1429       1   0.00000000e+00   4.87597285e-05
  1429       2   0.00000000e+00   1.37064343e-05
  1430       1   0.00000000e+00   4.32862178e-05
  1430       2   0.00000000e+00   1.31928118e-05
  1431       1   0.00000000e+00   3.97400018e-05
  1432       1   0.00000000e+00   1.67122645e-05
  1432       2   0.00000000e+00   2.62459501e-05
  1433       1   0.00000000e+00   1.19922462e-05
  1433       2   0.00000000e+00   1.39340090e-05
  1434       1   0.00000000e+00   3.47700397e-05
  1434       2   0.00000000e+00   1.67200745e-05
  1435       1   0.00000000e+00   4.56448128e-05
  1435       2   0.00000000e+00   1.64939332e-05
  1436       1   0.00000000e+00   4.75757775e-05
  1436       2   0.00000000e+00   1.28110503e-05
  1437       1   0.00000000e+00   3.80973709e-05
  1437       2   0.00000000e+00   1.14437757e-05
  1438       1   0.00000000e+00   2.74819710e-05
  1438       2   0.00000000e+00   5.93509151e-06
  1439       1   0.00000000e+00   1.55360709e-05
  1440       1   0.00000000e+00   1.44402038e-06
  1441       1   0.00000000e+00   3.18810861e-06
  1441       2   0.00000000e+00   8.83974864e-06
  1442       1   0.00000000e+00   1.10101674e-05
  1443       1   0.00000000e+00   3.15498106e-05
  1443       2   0.00000000e+00   2.53417273e-05
  1444       1   0.00000000e+00   1.98160850e-05
  1444       2   0.00000000e+00   1.21082299e-05
  1445       1   0.00000000e+00   3.48235205e-05
  1445       2   0.00000000e+00   1.59102472e-05
  1446       1   0.00000000e+00   4.42288683e-05
  1446       2   0.00000000e+00   1.26918243e-05
  1447       1   0.00000000e+00   4.06587875e-05
  1447       2   0.00000000e+00   1.21247214e-05
  1448       1   0.00000000e+00   3.58136372e-05
  1448       2   0.00000000e+00   6.62636666e-06
  1449       1   0.00000000e+00   2.46578708e-05
  1450       1   0.00000000e+00   2.62429763e-05
  1450       2   0.00000000e+00   2.21714194e-05
  1451       1   0.00000000e+00   2.15985479e-05
  1451       2   0.00000000e+00   1.47601713e-05
  1452       1   0.00000000e+00   3.95677078e-05
  1452       2   0.00000000e+00   1.88927711e-05
  1453       1   0.00000000e+00   4.95060378e-05
  1453       2   0.00000000e+00   1.61813750e-05
  1454       1   0.00000000e+00   4.83368311e-05
  1454       2   0.00000000e+00   1.32489107e-05
  1455       1   0.00000000e+00   4.52091463e-05
  1455       2   0.00000000e+00   5.78557624e-06
  1456       1   0.00000000e+00   3.01827672e-05
  1456       2   0.00000000e+00   6.98968998e-06
  1457       1   0.00000000e+00   2.13472535e-05
  1458       1   0.00000000e+00   1.22610525e-06
  1459       1   0.00000000e+00   4.64557351e-05
  1459       2   0.00000000e+00   1.57042202e-05
  1460       1   0.00000000e+00   3.93301913e-05
  1460       2   0.00000000e+00   2.14122455e-05
  1461       1   0.00000000e+00   5.50169063e-05
  1461       2   0.00000000e+00   2.23444083e-05
  1462       1   0.00000000e+00   5.99856853e-05
  1462       2   0.00000000e+00   1.74848768e-05
  1463       1   0.00000000e+00   5.19879355e-05
  1463       2   0.00000000e+00   1.38635549e-05
  1464       1   0.00000000e+00   4.23060073e-05
  1464       2   0.00000000e+00   5.95839749e-06
  1465       1   0.00000000e+00   2.63186951e-05
  1466       1   0.00000000e+00   1.37710177e-05
  1466       2   0.00000000e+00   1.26180116e-05
  1467       1   0.00000000e+00   1.83303022e-05
  1467       2   0.00000000e+00   1.02287740e-05
  1468       1   0.00000000e+00   2.96286252e-05
  1468       2   0.00000000e+00   1.64545959e-05
  1469       1   0.00000000e+00   3.90038367e-05
  1469       2   0.00000000e+00   1.20157150e-05
  1470       1   0.00000000e+00   3.49127307e-05
  1470       2   0.00000000e+00   1.15221307e-05
  1471       1   0.00000000e+00   3.13773485e-05
  1472       1   0.00000000e+00   2.37078904e-05
  1472       2   0.00000000e+00   2.66907564e-05
  1473       1   0.00000000e+00   1.24291264e-05
  1473       2   0.00000000e+00   1.77928906e-05
  1474       1   0.00000000e+00   3.96004774e-05
  1474       2   0.00000000e+00   1.48116236e-05
  1475       1   0.00000000e+00   4.85373736e-05
  1475       2   0.00000000e+00   1.66983589e-05
  1476       1   0.00000000e+00   5.34090550e-05
  1476       2   0.00000000e+00   1.20376947e-05
  1477       1   0.00000000e+00   4.81819348e-05
  1477       2   0.00000000e+00   1.07307472e-05
  1478       1   0.00000000e+00   4.39092656e-05
  1479       1   0.00000000e+00   1.44051406e-05
  1479       2   0.00000000e+00   2.99046610e-05
  1480       1   0.00000000e+00   5.92351372e-06
  1480       2   0.00000000e+00   1.33608870e-05
  1481       1   0.00000000e+00   3.18583584e-05
  1481       2   0.00000000e+00   1.41834885e-05
  1482       1   0.00000000e+00   4.15829283e-05
  1482       2   0.00000000e+00   1.71619455e-05
  1483       1   0.00000000e+00   4.67652534e-05
  1483       2   0.00000000e+00   1.25798149e-05
  1484       1   0.00000000e+00   4.05335591e-05
  1484       2   0.00000000e+00   1.07172289e-05
  1485       1   0.00000000e+00   3.30001305e-05
  1486       1   0.00000000e+00   2.45818448e-05
  1486       2   0.00000000e+00   2.60202306e-05
  1487       1   0.00000000e+00   1.64217306e-05
  1487       2   0.00000000e+00   1.77695121e-05
  1488       1   0.00000000e+00   4.15392577e-05
  1488       2   0.00000000e+00   1.73436977e-05
  1489       1   0.00000000e+00   5.11524864e-05
  1489       2   0.00000000e+00   1.71929587e-05
  1490       1   0.00000000e+00   5.29115069e-05
  1490       2   0.00000000e+00   1.28544458e-05
  1491       1   0.00000000e+00   4.22955868e-05
  1491       2   0.00000000e+00   1.23246183e-05
  1492       1   0.00000000e+00   3.34297940e-05
  1493       1   0.00000000e+00   2.64383474e-05
  1493       2   0.00000000e+00   2.57931232e-05
  1494       1   0.00000000e+00   1.91435628e-05
  1494       2   0.00000000e+00   1.90156179e-05
  1495       1   0.00000000e+00   4.56564013e-05
  1495       2   0.00000000e+00   1.83532263e-05
  1496       1   0.00000000e+00   5.31864646e-05
  1496       2   0.00000000e+00   1.98214681e-05
  1497       1   0.00000000e+00   5.51720689e-05
  1497       2   0.00000000e+00   1.33804475e-05
  1498       1   0.00000000e+00   4.61478795e-05
  1498       2   0.00000000e+00   9.76052142e-06
  1499       1   0.00000000e+00   3.47075295e-05
  1500       1   0.00000000e+00   2.22049699e-05
  1500       2   0.00000000e+00   2.40517850e-05
  1501       1   0.00000000e+00   1.91923949e-05
  1501       2   0.00000000e+00   1.52003322e-05
  1502       1   0.00000000e+00   4.00086411e-05
  1502       2   0.00000000e+00   1.94740497e-05
  1503       1   0.00000000e+00   4.98480112e-05
  1503       2   0.00000000e+00   1.84835121e-05
  1504       1   0.00000000e+00   5.09278403e-05
  1504       2   0.00000000e+00   1.34307554e-05
  1505       1   0.00000000e+00   4.25085999e-05
  1505       2   0.00000000e+00   9.85242049e-06
  1506       1   0.00000000e+00   3.20456956e-05
  1507       1   0.00000000e+00   2.05299100e-05
  1507       2   0.00000000e+00   2.15917019e-05
  1508       1   0.00000000e+00   1.70203531e-05
  1508       2   0.00000000e+00   1.54536151e-05
  1509       1   0.00000000e+00   3.86219366e-05
  1509       2   0.00000000e+00   1.66767329e-05
  1510       1   0.00000000e+00   4.73903335e-05
  1510       2   0.00000000e+00   1.60351876e-05
  1511       1   0.00000000e+00   4.78830926e-05
  1511       2   0.00000000e+00   1.21365193e-05
  1512       1   0.00000000e+00   3.88355130e-05
  1512       2   0.00000000e+00   1.01878656e-05
  1513       1   0.00000000e+00   2.96849157e-05
  1514       1   0.00000000e+00   2.20182375e-05
  1514       2   0.00000000e+00   2.15671054e-05
  1515       1   0.00000000e+00   1.73569217e-05
  1515       2   0.00000000e+00   1.59417359e-05
  1516       1   0.00000000e+00   3.84161043e-05
  1516       2   0.00000000e+00   1.74660115e-05
  1517       1   0.00000000e+00   4.79625306e-05
  1517       2   0.00000000e+00   1.61634003e-05
  1518       1   0.00000000e+00   4.98415975e-05
  1518       2   0.00000000e+00   1.13322091e-05
  1519       1   0.00000000e+00   4.03403535e-05
  1519       2   0.00000000e+00   1.03419758e-05
  1520       1   0.00000000e+00   3.10814330e-05
  1521       1   0.00000000e+00   2.57456145e-05
  1521       2   0.00000000e+00   2.51429276e-05
  1522       1   0.00000000e+00   1.80509368e-05
  1522       2   0.00000000e+00   1.74702651e-05
  1523       1   0.00000000e+00   4.23516004e-05
  1523       2   0.00000000e+00   1.72616329e-05
  1524       1   0.00000000e+00   4.98166976e-05
  1524       2   0.00000000e+00   1.85477616e-05
  1525       1   0.00000000e+00   5.27151647e-05
  1525       2   0.00000000e+00   1.21868619e-05
  1526       1   0.00000000e+00   4.16229052e-05
  1526       2   0.00000000e+00   1.16325546e-05
  1527       1   0.00000000e+00   3.45698534e-05
  1528       1   0.00000000e+00   7.24030781e-06
  1528       2   0.00000000e+00   1.59136462e-05
  1529       1   0.00000000e+00   6.19550884e-06
  1529       2   0.00000000e+00   1.19473348e-05
  1530       1   0.00000000e+00   2.69591931e-05
  1530       2   0.00000000e+00   1.02939629e-05
  1531       1   0.00000000e+00   3.39647138e-05
  1531       2   0.00000000e+00   1.19429794e-05
  1532       1   0.00000000e+00   3.42286447e-05
  1532       2   0.00000000e+00   1.08383176e-05
  1533       1   0.00000000e+00   2.79150254e-05
  1533       2   0.00000000e+00   9.11715573e-06
  1534       1   0.00000000e+00   2.25398817e-05
  1535       1   0.00000000e+00   1.28442908e-05
  1535       2   0.00000000e+00   1.40599128e-05
  1536       1   0.00000000e+00   1.00293922e-05
  1536       2   0.00000000e+00   1.11592337e-05
  1537       1   0.00000000e+00   2.57483436e-05
  1537       2   0.00000000e+00   1.06305907e-05
  1538       1   0.00000000e+00   2.96514747e-05
  1538       2   0.00000000e+00   1.19528057e-05
  1539       1   0.00000000e+00   3.20864721e-05
  1539       2   0.00000000e+00   6.94764121e-06
  1540       1   0.00000000e+00   2.65299122e-05
  1540       2   0.00000000e+00   5.47107394e-06
  1541       1   0.00000000e+00   2.05425786e-05
  1542       1   0.00000000e+00   1.01958801e-05
  1542       2   0.00000000e+00   1.31291015e-05
  1543       1   0.00000000e+00   9.03596049e-06
  1543       2   0.00000000e+00   7.54530887e-06
  1544       1   0.00000000e+00   2.01888402e-05
  1544       2   0.00000000e+00   1.01324167e-05
  1545       1   0.00000000e+00   2.52071199e-05
  1545       2   0.00000000e+00   1.03181273e-05
  1546       1   0.00000000e+00   2.71366714e-05
  1546       2   0.00000000e+00   6.85626598e-06
  1547       1   0.00000000e+00   2.28095370e-05
  1547       2   0.00000000e+00   5.51389114e-06
  1548       1   0.00000000e+00   1.84707875e-05
  1549       1   0.00000000e+00   7.83086531e-06
  1549       2   0.00000000e+00   1.10545139e-05
  1550       1   0.00000000e+00   6.35952837e-06
  1550       2   0.00000000e+00   7.06104593e-06
  1551       1   0.00000000e+00   1.68873399e-05
  1551       2   0.00000000e+00   7.84589513e-06
  1552       1   0.00000000e+00   2.15856116e-05
  1552       2   0.00000000e+00   7.37172874e-06
  1553       1   0.00000000e+00   2.23937873e-05
  1554       1   0.00000000e+00   2.98375544e-05
  1554       2   0.00000000e+00   3.03054468e-05
  1555       1   0.00000000e+00   1.03634991e-05
  1555       2   0.00000000e+00   1.79174849e-05
  1556       1   0.00000000e+00   3.58870147e-05
  1556       2   0.00000000e+00   1.28459720e-05
  1557       1   0.00000000e+00   4.05969366e-05
  1557       2   0.00000000e+00   1.54564505e-05
  1558       1   0.00000000e+00   4.00914691e-05
  1558       2   0.00000000e+00   1.26239528e-05
  1559       1   0.00000000e+00   3.65361716e-05
  1559       2   0.00000000e+00   6.10130690e-06
  1560       1   0.00000000e+00   2.44755144e-05
  1561       1   0.00000000e+00   2.81301563e-05
  1561       2   0.00000000e+00   2.30001032e-05
  1562       1   0.00000000e+00   1.96150065e-05
  1562       2   0.00000000e+00   1.80309446e-05
  1563       1   0.00000000e+00   4.25011844e-05
  1563       2   0.00000000e+00   1.64215061e-05
  1564       1   0.00000000e+00   4.78640561e-05
  1564       2   0.00000000e+00   1.70471443e-05
  1565       1   0.00000000e+00   4.77547204e-05
  1565       2   0.00000000e+00   1.16140706e-05
  1566       1   0.00000000e+00   3.74894968e-05
  1566       2   0.00000000e+00   9.29755243e-06
  1567       1   0.00000000e+00   2.75445309e-05
  1568       1   0.00000000e+00   1.66945679e-05
  1568       2   0.00000000e+00   1.69959219e-05
  1569       1   0.00000000e+00   1.37028993e-05
  1569       2   0.00000000e+00   1.42475425e-05
  1570       1   0.00000000e+00   3.23897573e-05
  1570       2   0.00000000e+00   1.45034381e-05
  1571       1   0.00000000e+00   3.94966943e-05
  1571       2   0.00000000e+00   1.37570538e-05
  1572       1   0.00000000e+00   3.90531170e-05
  1572       2   0.00000000e+00   1.06074143e-05
  1573       1   0.00000000e+00   3.32227444e-05
  1573       2   0.00000000e+00   6.70682925e-06
  1574       1   0.00000000e+00   2.34914080e-05
  1575       1   0.00000000e+00   2.14991500e-05
  1575       2   0.00000000e+00   1.95266478e-05
  1576       1   0.00000000e+00   1.51243174e-05
  1576       2   0.00000000e+00   1.46642675e-05
  1577       1   0.00000000e+00   3.68833407e-05
  1577       2   0.00000000e+00   1.24147546e-05
  1578       1   0.00000000e+00   4.09496353e-05
  1578       2   0.00000000e+00   1.57097902e-05
  1579       1   0.00000000e+00   4.22562539e-05
  1579       2   0.00000000e+00   1.13564456e-05
  1580       1   0.00000000e+00   3.49836267e-05
  1580       2   0.00000000e+00   8.57676118e-06
  1581       1   0.00000000e+00   2.76535797e-05
  1582       1   0.00000000e+00   7.84122767e-06
  1582       2   0.00000000e+00   1.33277878e-05
  1583       1   0.00000000e+00   7.65149235e-06
  1583       2   0.00000000e+00   9.97586869e-06
  1584       1   0.00000000e+00   2.40713951e-05
  1584       2   0.00000000e+00   9.75850978e-06
  1585       1   0.00000000e+00   2.98780006e-05
  1585       2   0.00000000e+00   1.05697968e-05
  1586       1   0.00000000e+00   2.87311318e-05
  1586       2   0.00000000e+00   1.02907313e-05
  1587       1   0.00000000e+00   2.81889080e-05
  1588       1   0.00000000e+00   2.00099488e-05
  1588       2   0.00000000e+00   2.46228253e-05
  1589       1   0.00000000e+00   1.36092447e-05
  1589       2   0.00000000e+00   1.11324034e-05
  1590       1   0.00000000e+00   2.84281517e-05
  1590       2   0.00000000e+00   1.71962226e-05
  1591       1   0.00000000e+00   3.80922651e-05
  1591       2   0.00000000e+00   1.42572092e-05
  1592       1   0.00000000e+00   3.60685987e-05
  1592       2   0.00000000e+00   1.16578748e-05
  1593       1   0.00000000e+00   3.19048993e-05
  1594       1   0.00000000e+00   2.18598532e-05
  1594       2   0.00000000e+00   2.47386678e-05
  1595       1   0.00000000e+00   1.52777751e-05
  1595       2   0.00000000e+00   1.55169492e-05
  1596       1   0.00000000e+00   3.83221326e-05
  1596       2   0.00000000e+00   1.61916050e-05
  1597       1   0.00000000e+00   4.79909084e-05
  1597       2   0.00000000e+00   1.60149436e-05
  1598       1   0.00000000e+00   4.86664804e-05
  1598       2   0.00000000e+00   1.33168497e-05
  1599       1   0.00000000e+00   4.20869190e-05
  1599       2   0.00000000e+00   1.00809638e-05
  1600       1   0.00000000e+00   3.23960907e-05
  1600       2   0.00000000e+00   6.00047715e-06
  1601       1   0.00000000e+00   2.23275874e-05
  1602       1   0.00000000e+00   2.47183713e-06
  1602       2   0.00000000e+00   6.37672710e-06
  1603       1   0.00000000e+00   6.07475459e-06
  1603       2   0.00000000e+00   6.98229530e-06
  1604       1   0.00000000e+00   1.55094967e-05
  1604       2   0.00000000e+00   8.55272689e-06
  1605       1   0.00000000e+00   2.24486528e-05
  1605       2   0.00000000e+00   5.76158466e-06
  1606       1   0.00000000e+00   2.02190702e-05
  1606       2   0.00000000e+00   6.62497153e-06
  1607       1   0.00000000e+00   1.81714361e-05
  1608       1   0.00000000e+00   2.01707539e-05
  1608       2   0.00000000e+00   1.91837742e-05
  1609       1   0.00000000e+00   1.45191863e-05
  1609       2   0.00000000e+00   1.04518241e-05
  1610       1   0.00000000e+00   3.09562794e-05
  1610       2   0.00000000e+00   1.18533567e-05
  1611       1   0.00000000e+00   3.51137808e-05
  1611       2   0.00000000e+00   1.44659226e-05
  1612       1   0.00000000e+00   3.63710856e-05
  1612       2   0.00000000e+00   1.03368487e-05
  1613       1   0.00000000e+00   3.11138882e-05
  1613       2   0.00000000e+00   6.82703681e-06
  1614       1   0.00000000e+00   2.47481384e-05
  1615       1   0.00000000e+00   4.50576963e-06
  1615       2   0.00000000e+00   1.11521157e-05
  1616       1   0.00000000e+00   5.06940660e-06
  1616       2   0.00000000e+00   7.10335328e-06
  1617       1   0.00000000e+00   1.67580815e-05
  1617       2   0.00000000e+00   8.65244705e-06
  1618       1   0.00000000e+00   2.44936780e-05
  1618       2   0.00000000e+00   6.82875570e-06
  1619       1   0.00000000e+00   2.38961120e-05
  1619       2   0.00000000e+00   7.07956784e-06
  1620       1   0.00000000e+00   1.85359213e-05
  1620       2   0.00000000e+00   7.14115335e-06
  1621       1   0.00000000e+00   1.59646943e-05
  1622       1   0.00000000e+00   6.42434308e-06
  1622       2   0.00000000e+00   8.45544254e-06
  1623       1   0.00000000e+00   5.28935273e-06
  1623       2   0.00000000e+00   7.11219195e-06
  1624       1   0.00000000e+00   1.57133846e-05
  1624       2   0.00000000e+00   6.69533210e-06
  1625       1   0.00000000e+00   1.88717662e-05
  1625       2   0.00000000e+00   7.41789463e-06
  1626       1   0.00000000e+00   2.05062443e-05
  1627       1   0.00000000e+00   2.47330331e-05
  1627       2   0.00000000e+00   2.55997933e-05
  1628       1   0.00000000e+00   1.11116816e-05
  1628       2   0.00000000e+00   1.40007570e-05
  1629       1   0.00000000e+00   3.05431378e-05
  1629       2   0.00000000e+00   1.28965352e-05
  1630       1   0.00000000e+00   3.82068574e-05
  1630       2   0.00000000e+00   1.22614500e-05
  1631       1   0.00000000e+00   4.08126729e-05
  1631       2   0.00000000e+00   8.83978322e-06
  1632       1   0.00000000e+00   3.65630061e-05
  1632       2   0.00000000e+00   7.37228296e-06
  1633       1   0.00000000e+00   2.81561357e-05
  1633       2   0.00000000e+00   6.60271031e-06
  1634       1   0.00000000e+00   2.03400471e-05
  1635       1   0.00000000e+00   1.56457226e-05
  1635       2   0.00000000e+00   1.42331022e-05
  1636       1   0.00000000e+00   1.26364743e-05
  1636       2   0.00000000e+00   1.20034901e-05
  1637       1   0.00000000e+00   2.74707493e-05
  1637       2   0.00000000e+00   1.21997401e-05
  1638       1   0.00000000e+00   3.30166687e-05
  1638       2   0.00000000e+00   1.13713351e-05
  1639       1   0.00000000e+00   3.43140186e-05
  1639       2   0.00000000e+00   7.45643506e-06
  1640       1   0.00000000e+00   2.90070334e-05
  1640       2   0.00000000e+00   5.53543478e-06
  1641       1   0.00000000e+00   1.74974205e-05
  1641       2   0.00000000e+00   6.44133506e-06
  1642       1   0.00000000e+00   1.11357346e-05
  1643       1   0.00000000e+00   3.57271552e-06
  1644       1   0.00000000e+00   1.88551855e-05
  1645       1   0.00000000e+00   2.28869717e-05
  1645       2   0.00000000e+00   8.65188791e-06
  1646       1   0.00000000e+00   2.90140039e-05
  1646       2   0.00000000e+00   9.14416794e-06
  1647       1   0.00000000e+00   2.95856478e-05
  1647       2   0.00000000e+00   8.33704841e-06
  1648       1   0.00000000e+00   2.65854775e-05
  1648       2   0.00000000e+00   6.06838413e-06
  1649       1   0.00000000e+00   2.12995738e-05
  1650       1   0.00000000e+00   1.56773268e-05
  1650       2   0.00000000e+00   1.73129844e-05
  1651       1   0.00000000e+00   1.00214985e-05
  1651       2   0.00000000e+00   1.08528937e-05
  1652       1   0.00000000e+00   2.50647859e-05
  1652       2   0.00000000e+00   1.16873234e-05
  1653       1   0.00000000e+00   3.25649514e-05
  1653       2   0.00000000e+00   1.05697373e-05
  1654       1   0.00000000e+00   3.28108126e-05
  1654       2   0.00000000e+00   9.05959484e-06
  1655       1   0.00000000e+00   2.76866855e-05
  1655       2   0.00000000e+00   7.53873688e-06
  1656       1   0.00000000e+00   2.39501004e-05
  1657       1   0.00000000e+00   3.25169017e-06
  1657       2   0.00000000e+00   1.08086672e-05
  1658       1   0.00000000e+00   4.24272061e-06
  1658       2   0.00000000e+00   5.93815269e-06
  1659       1   0.00000000e+00   1.53089896e-05
  1659       2   0.00000000e+00   7.56319983e-06
  1660       1   0.00000000e+00   2.08288214e-05
  1660       2   0.00000000e+00   7.66778275e-06
  1661       1   0.00000000e+00   2.26925228e-05
  1661       2   0.00000000e+00   5.84714751e-06
  1662       1   0.00000000e+00   2.00600019e-05
  1663       1   0.00000000e+00   2.73578027e-05
  1663       2   0.00000000e+00   2.55441403e-05
  1664       1   0.00000000e+00   1.59046547e-05
  1664       2   0.00000000e+00   1.42351267e-05
  1665       1   0.00000000e+00   3.57070523e-05
  1665       2   0.00000000e+00   1.51145983e-05
  1666       1   0.00000000e+00   4.30967873e-05
  1666       2   0.00000000e+00   1.54306833e-05
  1667       1   0.00000000e+00   4.40095915e-05
  1667       2   0.00000000e+00   1.17168832e-05
  1668       1   0.00000000e+00   3.91288557e-05
  1668       2   0.00000000e+00   7.27454374e-06
  1669       1   0.00000000e+00   2.91281769e-05
  1670       1   0.00000000e+00   2.38296797e-05
  1670       2   0.00000000e+00   2.39519973e-05
  1671       1   0.00000000e+00   1.80120326e-05
  1671       2   0.00000000e+00   1.49494953e-05
  1672       1   0.00000000e+00   3.90262400e-05
  1672       2   0.00000000e+00   1.70517713e-05
  1673       1   0.00000000e+00   4.85749947e-05
  1673       2   0.00000000e+00   1.59783138e-05
  1674       1   0.00000000e+00   4.73523134e-05
  1674       2   0.00000000e+00   1.38979260e-05
  1675       1   0.00000000e+00   4.12781182e-05
  1675       2   0.00000000e+00   8.85193271e-06
  1676       1   0.00000000e+00   2.93939825e-05
  1676       2   0.00000000e+00   5.88968823e-06
  1677       1   0.00000000e+00   2.12935848e-05
  1678       1   0.00000000e+00   1.71632620e-05
  1678       2   0.00000000e+00   4.98670090e-06
  1679       1   0.00000000e+00   9.81026617e-06
  1680       1   0.00000000e+00   1.59113415e-05
  1681       1   0.00000000e+00   4.22682449e-05
  1681       2   0.00000000e+00   1.11663020e-05
  1682       1   0.00000000e+00   3.33166393e-05
  1682       2   0.00000000e+00   1.42380539e-05
  1683       1   0.00000000e+00   3.99403784e-05
  1683       2   0.00000000e+00   1.54491499e-05
  1684       1   0.00000000e+00   4.30317998e-05
  1684       2   0.00000000e+00   9.88509843e-06
  1685       1   0.00000000e+00   3.60845228e-05
  1685       2   0.00000000e+00   7.73872296e-06
  1686       1   0.00000000e+00   2.59885512e-05
  1687       1   0.00000000e+00   3.13018757e-05
  1687       2   0.00000000e+00   2.63193957e-05
  1688       1   0.00000000e+00   2.16129334e-05
  1688       2   0.00000000e+00   1.83087410e-05
  1689       1   0.00000000e+00   4.20460337e-05
  1689       2   0.00000000e+00   2.09307821e-05
  1690       1   0.00000000e+00   5.26090132e-05
  1690       2   0.00000000e+00   1.70614481e-05
  1691       1   0.00000000e+00   5.12142805e-05
  1691       2   0.00000000e+00   1.30908950e-05
  1692       1   0.00000000e+00   4.33428897e-05
  1692       2   0.00000000e+00   8.22698012e-06
  1693       1   0.00000000e+00   3.00081705e-05
  1694       1   0.00000000e+00   2.82605253e-05
  1694       2   0.00000000e+00   2.43888293e-05
  1695       1   0.00000000e+00   2.41427540e-05
  1695       2   0.00000000e+00   1.69683942e-05
  1696       1   0.00000000e+00   4.57442101e-05
  1696       2   0.00000000e+00   2.06152198e-05
  1697       1   0.00000000e+00   5.65587935e-05
  1697       2   0.00000000e+00   1.81266982e-05
  1698       1   0.00000000e+00   5.45202027e-05
  1698       2   0.00000000e+00   1.50875902e-05
  1699       1   0.00000000e+00   4.52966315e-05
  1699       2   0.00000000e+00   1.07074582e-05
  1700       1   0.00000000e+00   3.47509733e-05
  1701       1   0.00000000e+00   1.43706003e-05
  1701       2   0.00000000e+00   1.92533973e-05
  1702       1   0.00000000e+00   9.82656731e-06
  1702       2   0.00000000e+00   1.61080582e-05
  1703       1   0.00000000e+00   3.27361285e-05
  1703       2   0.00000000e+00   1.36745414e-05
  1704       1   0.00000000e+00   3.94121702e-05
  1704       2   0.00000000e+00   1.42274883e-05
  1705       1   0.00000000e+00   3.95186534e-05
  1705       2   0.00000000e+00   1.10054568e-05
  1706       1   0.00000000e+00   3.43227517e-05
  1706       2   0.00000000e+00   6.71746619e-06
  1707       1   0.00000000e+00   2.35956631e-05
  1708       1   0.00000000e+00   2.94727939e-05
  1708       2   0.00000000e+00   2.37075585e-05
  1709       1   0.00000000e+00   2.26822103e-05
  1709       2   0.00000000e+00   1.63103215e-05
  1710       1   0.00000000e+00   4.25126012e-05
  1710       2   0.00000000e+00   1.92433415e-05
  1711       1   0.00000000e+00   5.23042649e-05
  1711       2   0.00000000e+00   1.70775425e-05
  1712       1   0.00000000e+00   5.33029500e-05
  1712       2   0.00000000e+00   1.19143179e-05
  1713       1   0.00000000e+00   4.24668563e-05
  1713       2   0.00000000e+00   1.07988361e-05
  1714       1   0.00000000e+00   3.37588613e-05
  1715       1   0.00000000e+00   1.30229181e-05
  1715       2   0.00000000e+00   1.85209438e-05
  1716       1   0.00000000e+00   1.23355857e-05
  1716       2   0.00000000e+00   1.22100892e-05
  1717       1   0.00000000e+00   3.07718983e-05
  1717       2   0.00000000e+00   1.47320456e-05
  1718       1   0.00000000e+00   4.11106228e-05
  1718       2   0.00000000e+00   1.30037275e-05
  1719       1   0.00000000e+00   4.00858932e-05
  1719       2   0.00000000e+00   1.24588742e-05
  1720       1   0.00000000e+00   3.51710057e-05
  1720       2   0.00000000e+00   8.55037154e-06
  1721       1   0.00000000e+00   2.58362456e-05
  1722       1   0.00000000e+00   2.81156109e-05
  1722       2   0.00000000e+00   2.37341094e-05
  1723       1   0.00000000e+00   2.05840168e-05
  1723       2   0.00000000e+00   1.79339961e-05
  1724       1   0.00000000e+00   4.55506499e-05
  1724       2   0.00000000e+00   1.69006672e-05
  1725       1   0.00000000e+00   5.51227562e-05
  1725       2   0.00000000e+00   1.64628269e-05
  1726       1   0.00000000e+00   5.34363935e-05
  1726       2   0.00000000e+00   1.49039362e-05
  1727       1   0.00000000e+00   4.65636398e-05
  1727       2   0.00000000e+00   9.98987236e-06
  1728       1   0.00000000e+00   3.41755551e-05
  1728       2   0.00000000e+00   6.12397726e-06
  1729       1   0.00000000e+00   2.02645022e-05
  1730       1   0.00000000e+00   1.38136816e-05
  1730       2   0.00000000e+00   9.89822806e-06
  1731       1   0.00000000e+00   1.40051718e-05
  1731       2   0.00000000e+00   1.27759690e-05
  1732       1   0.00000000e+00   2.97099072e-05
  1732       2   0.00000000e+00   1.16934966e-05
  1733       1   0.00000000e+00   3.48226339e-05
  1733       2   0.00000000e+00   1.13239572e-05
  1734       1   0.00000000e+00   3.45489498e-05
  1734       2   0.00000000e+00   8.47073255e-06
  1735       1   0.00000000e+00   2.86221137e-05
  1735       2   0.00000000e+00   6.21379093e-06
  1736       1   0.00000000e+00   2.14042628e-05
  1737       1   0.00000000e+00   1.36055622e-05
  1737       2   0.00000000e+00   1.46649285e-05
  1738       1   0.00000000e+00   1.23941753e-05
  1738       2   0.00000000e+00   8.98416271e-06
  1739       1   0.00000000e+00   2.61580247e-05
  1739       2   0.00000000e+00   1.13370608e-05
  1740       1   0.00000000e+00   3.20448406e-05
  1740       2   0.00000000e+00   1.17412145e-05
  1741       1   0.00000000e+00   3.26759255e-05
  1741       2   0.00000000e+00   9.22618893e-06
  1742       1   0.00000000e+00   2.92187708e-05
  1742       2   0.00000000e+00   5.70667516e-06
  1743       1   0.00000000e+00   2.30128675e-05
  1744       1   0.00000000e+00   9.32669194e-06
  1744       2   0.00000000e+00   1.38839347e-05
  1745       1   0.00000000e+00   6.44144515e-06
  1745       2   0.00000000e+00   9.59653138e-06
  1746       1   0.00000000e+00   2.35648857e-05
  1746       2   0.00000000e+00   7.56221091e-06
  1747       1   0.00000000e+00   2.85337024e-05
  1747       2   0.00000000e+00   9.64978927e-06
  1748       1   0.00000000e+00   2.90320677e-05
  1748       2   0.00000000e+00   8.93226225e-06
  1749       1   0.00000000e+00   2.55648134e-05
  1749       2   0.00000000e+00   6.74416196e-06
  1750       1   0.00000000e+00   1.97644762e-05
  1751       1   0.00000000e+00   2.13324518e-05
  1751       2   0.00000000e+00   1.89731508e-05
  1752       1   0.00000000e+00   1.41596344e-05
  1752       2   0.00000000e+00   1.34191577e-05
  1753       1   0.00000000e+00   3.17858487e-05
  1753       2   0.00000000e+00   1.34317974e-05
  1754       1   0.00000000e+00   4.03708896e-05
  1754       2   0.00000000e+00   1.13516745e-05
  1755       1   0.00000000e+00   3.75669303e-05
  1755       2   0.00000000e+00   1.14754525e-05
  1756       1   0.00000000e+00   3.44728730e-05
  1756       2   0.00000000e+00   5.81609924e-06
  1757       1   0.00000000e+00   2.39971344e-05
  1758       1   0.00000000e+00   2.54916896e-05
  1758       2   0.00000000e+00   2.24934591e-05
  1759       1   0.00000000e+00   1.69806651e-05
  1759       2   0.00000000e+00   1.61293033e-05
  1760       1   0.00000000e+00   3.84478879e-05
  1760       2   0.00000000e+00   1.51748813e-05
  1761       1   0.00000000e+00   4.43078813e-05
  1761       2   0.00000000e+00   1.61457988e-05
  1762       1   0.00000000e+00   4.41060443e-05
  1762       2   0.00000000e+00   1.21485739e-05
  1763       1   0.00000000e+00   3.64266426e-05
  1763       2   0.00000000e+00   8.48483987e-06
  1764       1   0.00000000e+00   2.72977026e-05
  1765       1   0.00000000e+00   1.22829016e-05
  1765       2   0.00000000e+00   1.50282374e-05
  1766       1   0.00000000e+00   1.06854859e-05
  1766       2   0.00000000e+00   1.20628133e-05
  1767       1   0.00000000e+00   2.96521377e-05
  1767       2   0.00000000e+00   1.05088809e-05
  1768       1   0.00000000e+00   3.32938505e-05
  1768       2   0.00000000e+00   1.30733758e-05
  1769       1   0.00000000e+00   3.32405395e-05
  1769       2   0.00000000e+00   9.97526656e-06
  1770       1   0.00000000e+00   2.83217196e-05
  1770       2   0.00000000e+00   5.91389692e-06
  1771       1   0.00000000e+00   1.93192265e-05
  1772       1   0.00000000e+00   1.91292270e-05
  1772       2   0.00000000e+00   1.55727702e-05
  1773       1   0.00000000e+00   1.60244318e-05
  1773       2   0.00000000e+00   1.21418102e-05
  1774       1   0.00000000e+00   2.92309691e-05
  1774       2   0.00000000e+00   1.49681159e-05
  1775       1   0.00000000e+00   3.63972968e-05
  1775       2   0.00000000e+00   1.21453873e-05
  1776       1   0.00000000e+00   3.61166585e-05
  1776       2   0.00000000e+00   8.29375378e-06
  1777       1   0.00000000e+00   2.98285227e-05
  1777       2   0.00000000e+00   5.68402993e-06
  1778       1   0.00000000e+00   2.13814438e-05
  1779       1   0.00000000e+00   1.61841519e-05
  1779       2   0.00000000e+00   1.59904680e-05
  1780       1   0.00000000e+00   1.33315888e-05
  1780       2   0.00000000e+00   1.05250637e-05
  1781       1   0.00000000e+00   2.82574644e-05
  1781       2   0.00000000e+00   1.22270852e-05
  1782       1   0.00000000e+00   3.48764297e-05
  1782       2   0.00000000e+00   1.17623944e-05
  1783       1   0.00000000e+00   3.35276739e-05
  1783       2   0.00000000e+00   1.05111566e-05
  1784       1   0.00000000e+00   3.02414147e-05
  1784       2   0.00000000e+00   5.61931558e-06
  1785       1   0.00000000e+00   2.23463530e-05
  1786       1   0.00000000e+00   1.20282506e-05
  1786       2   0.00000000e+00   1.38994541e-05
  1787       1   0.00000000e+00   1.08946396e-05
  1787       2   0.00000000e+00   9.14467067e-06
  1788       1   0.00000000e+00   2.08067706e-05
  1788       2   0.00000000e+00   1.29868250e-05
  1789       1   0.00000000e+00   2.74457254e-05
  1789       2   0.00000000e+00   9.50123105e-06
  1790       1   0.00000000e+00   2.60911626e-05
  1790       2   0.00000000e+00   6.82094374e-06
  1791       1   0.00000000e+00   2.03904744e-05
  1792       1   0.00000000e+00   2.76464549e-05
  1792       2   0.00000000e+00   2.38127272e-05
  1793       1   0.00000000e+00   1.54836198e-05
  1793       2   0.00000000e+00   1.65412066e-05
  1794       1   0.00000000e+00   3.69121436e-05
  1794       2   0.00000000e+00   1.45302818e-05
  1795       1   0.00000000e+00   4.37669809e-05
  1795       2   0.00000000e+00   1.42487394e-05
  1796       1   0.00000000e+00   4.17324023e-05
  1796       2   0.00000000e+00   1.21723849e-05
  1797       1   0.00000000e+00   3.54217452e-05
  1797       2   0.00000000e+00   7.46429367e-06
  1798       1   0.00000000e+00   2.69352821e-05
  1799       1   0.00000000e+00   5.05908576e-06
  1799       2   0.00000000e+00   1.11964361e-05
  1800       1   0.00000000e+00   7.83638576e-06
  1800       2   0.00000000e+00   7.16547966e-06
  1801       1   0.00000000e+00   1.91889965e-05
  1801       2   0.00000000e+00   1.04173553e-05
  1802       1   0.00000000e+00   2.68075201e-05
  1802       2   0.00000000e+00   8.83030880e-06
  1803       1   0.00000000e+00   2.62462090e-05
  1803       2   0.00000000e+00   8.39028291e-06
  1804       1   0.00000000e+00   2.26261582e-05
  1804       2   0.00000000e+00   6.03488302e-06
  1805       1   0.00000000e+00   1.69497171e-05
  1806       1   0.00000000e+00   1.65962015e-05
  1806       2   0.00000000e+00   1.44339318e-05
  1807       1   0.00000000e+00   1.15637696e-05
  1807       2   0.00000000e+00   1.12696906e-05
  1808       1   0.00000000e+00   2.39153585e-05
  1808       2   0.00000000e+00   1.20435891e-05
  1809       1   0.00000000e+00   3.14880955e-05
  1809       2   0.00000000e+00   8.27746029e-06
  1810       1   0.00000000e+00   2.98036301e-05
  1810       2   0.00000000e+00   7.29519678e-06
  1811       1   0.00000000e+00   2.53305852e-05
  1812       1   0.00000000e+00   2.72236193e-05
  1812       2   0.00000000e+00   2.68786186e-05
  1813       1   0.00000000e+00   1.78020189e-05
  1813       2   0.00000000e+00   1.44249166e-05
  1814       1   0.00000000e+00   3.76948013e-05
  1814       2   0.00000000e+00   1.72769922e-05
  1815       1   0.00000000e+00   4.62133697e-05
  1815       2   0.00000000e+00   1.68763025e-05
  1816       1   0.00000000e+00   4.68108006e-05
  1816       2   0.00000000e+00   1.25921982e-05
  1817       1   0.00000000e+00   3.90578196e-05
  1817       2   0.00000000e+00   8.99991620e-06
  1818       1   0.00000000e+00   2.87824968e-05
  1819       1   0.00000000e+00   2.01261893e-05
  1819       2   0.00000000e+00   1.99631873e-05
  1820       1   0.00000000e+00   1.54726007e-05
  1820       2   0.00000000e+00   1.56797355e-05
  1821       1   0.00000000e+00   3.83566823e-05
  1821       2   0.00000000e+00   1.40903953e-05
  1822       1   0.00000000e+00   4.54311280e-05
  1822       2   0.00000000e+00   1.50852027e-05
  1823       1   0.00000000e+00   4.52757016e-05
  1823       2   0.00000000e+00   1.23025754e-05
  1824       1   0.00000000e+00   3.72172442e-05
  1824       2   0.00000000e+00   9.63401103e-06
  1825       1   0.00000000e+00   2.74140592e-05
  1826       1   0.00000000e+00   2.50331249e-05
  1826       2   0.00000000e+00   2.19385749e-05
  1827       1   0.00000000e+00   1.86153449e-05
  1827       2   0.00000000e+00   1.73083032e-05
  1828       1   0.00000000e+00   3.89223189e-05
  1828       2   0.00000000e+00   1.85147256e-05
  1829       1   0.00000000e+00   4.78043483e-05
  1829       2   0.00000000e+00   1.59769735e-05
  1830       1   0.00000000e+00   4.74782104e-05
  1830       2   0.00000000e+00   1.13512712e-05
  1831       1   0.00000000e+00   3.88765310e-05
  1831       2   0.00000000e+00   8.19905855e-06
  1832       1   0.00000000e+00   2.81875050e-05
  1833       1   0.00000000e+00   2.02847263e-05
  1833       2   0.00000000e+00   1.99802276e-05
  1834       1   0.00000000e+00   1.83073965e-05
  1834       2   0.00000000e+00   1.31584641e-05
  1835       1   0.00000000e+00   3.71939547e-05
  1835       2   0.00000000e+00   1.61970808e-05
  1836       1   0.00000000e+00   4.56143548e-05
  1836       2   0.00000000e+00   1.58647371e-05
  1837       1   0.00000000e+00   4.47694390e-05
  1837       2   0.00000000e+00   1.33073397e-05
  1838       1   0.00000000e+00   3.98695098e-05
  1838       2   0.00000000e+00   7.66121072e-06
  1839       1   0.00000000e+00   3.00373656e-05
  1840       1   0.00000000e+00   1.54256563e-05
  1840       2   0.00000000e+00   1.87565070e-05
  1841       1   0.00000000e+00   1.36514732e-05
  1841       2   0.00000000e+00   1.24438806e-05
  1842       1   0.00000000e+00   3.23588685e-05
  1842       2   0.00000000e+00   1.42895071e-05
  1843       1   0.00000000e+00   4.07445637e-05
  1843       2   0.00000000e+00   1.38285776e-05
  1844       1   0.00000000e+00   4.12427873e-05
  1844       2   0.00000000e+00   1.12855793e-05
  1845       1   0.00000000e+00   3.61247269e-05
  1845       2   0.00000000e+00   7.97573645e-06
  1846       1   0.00000000e+00   2.68976335e-05
  1847       1   0.00000000e+00   2.98263982e-05
  1847       2   0.00000000e+00   2.61597505e-05
  1848       1   0.00000000e+00   2.16167687e-05
  1848       2   0.00000000e+00   1.75140534e-05
  1849       1   0.00000000e+00   4.48688905e-05
  1849       2   0.00000000e+00   1.92819427e-05
  1850       1   0.00000000e+00   5.63403354e-05
  1850       2   0.00000000e+00   1.69850505e-05
  1851       1   0.00000000e+00   5.44226262e-05
  1851       2   0.00000000e+00   1.48074248e-05
  1852       1   0.00000000e+00   4.48652369e-05
  1852       2   0.00000000e+00   1.11471001e-05
  1853       1   0.00000000e+00   3.46251795e-05
  1854       1   0.00000000e+00   1.54293745e-05
  1854       2   0.00000000e+00   1.98422059e-05
  1855       1   0.00000000e+00   1.27197667e-05
  1855       2   0.00000000e+00   1.42571849e-05
  1856       1   0.00000000e+00   3.32448002e-05
  1856       2   0.00000000e+00   1.52699697e-05
  1857       1   0.00000000e+00   4.18471109e-05
  1857       2   0.00000000e+00   1.49385548e-05
  1858       1   0.00000000e+00   4.20574968e-05
  1858       2   0.00000000e+00   1.21286018e-05
  1859       1   0.00000000e+00   3.53872086e-05
  1859       2   0.00000000e+00   8.78180448e-06
  1860       1   0.00000000e+00   2.69710337e-05
  1861       1   0.00000000e+00   1.58995528e-05
  1861       2   0.00000000e+00   1.71810094e-05
  1862       1   0.00000000e+00   1.35016504e-05
  1862       2   0.00000000e+00   1.29902333e-05
  1863       1   0.00000000e+00   3.42202837e-05
  1863       2   0.00000000e+00   1.20376486e-05
  1864       1   0.00000000e+00   4.14216840e-05
  1864       2   0.00000000e+00   1.32733660e-05
  1865       1   0.00000000e+00   4.14692809e-05
  1865       2   0.00000000e+00   1.17861898e-05
  1866       1   0.00000000e+00   3.56479032e-05
  1866       2   0.00000000e+00   8.91917900e-06
  1867       1   0.00000000e+00   2.70116260e-05
  1868       1   0.00000000e+00   2.61016637e-05
  1868       2   0.00000000e+00   2.34195926e-05
  1869       1   0.00000000e+00   1.96285636e-05
  1869       2   0.00000000e+00   1.66071231e-05
  1870       1   0.00000000e+00   4.11301854e-05
  1870       2   0.00000000e+00   1.82687328e-05
  1871       1   0.00000000e+00   5.03239414e-05
  1871       2   0.00000000e+00   1.70598128e-05
  1872       1   0.00000000e+00   5.12511119e-05
  1872       2   0.00000000e+00   1.22387831e-05
  1873       1   0.00000000e+00   4.27529157e-05
  1873       2   0.00000000e+00   9.33858442e-06
  1874       1   0.00000000e+00   3.21481759e-05
  1875       1   0.00000000e+00   2.41534926e-05
  1875       2   0.00000000e+00   2.45865938e-05
  1876       1   0.00000000e+00   1.88448668e-05
  1876       2   0.00000000e+00   1.60630283e-05
  1877       1   0.00000000e+00   4.21997060e-05
  1877       2   0.00000000e+00   1.77875118e-05
  1878       1   0.00000000e+00   5.21158422e-05
  1878       2   0.00000000e+00   1.75301877e-05
  1879       1   0.00000000e+00   5.10686672e-05
  1879       2   0.00000000e+00   1.53110648e-05
  1880       1   0.00000000e+00   4.54920076e-05
  1880       2   0.00000000e+00   9.11073649e-06
  1881       1   0.00000000e+00   3.37489248e-05
  1882       1   0.00000000e+00   2.35294812e-05
  1882       2   0.00000000e+00   2.42716251e-05
  1883       1   0.00000000e+00   1.87709548e-05
  1883       2   0.00000000e+00   1.72239021e-05
  1884       1   0.00000000e+00   4.45334989e-05
  1884       2   0.00000000e+00   1.72395327e-05
  1885       1   0.00000000e+00   5.32074228e-05
  1885       2   0.00000000e+00   1.83739544e-05
  1886       1   0.00000000e+00   5.34285384e-05
  1886       2   0.00000000e+00   1.48024014e-05
  1887       1   0.00000000e+00   4.54721619e-05
  1887       2   0.00000000e+00   1.05895175e-05
  1888       1   0.00000000e+00   3.29608606e-05
  1888       2   0.00000000e+00   6.33145190e-06
  1889       1   0.00000000e+00   1.94676445e-05
  1890       1   0.00000000e+00   9.06052300e-06
  1890       2   0.00000000e+00   6.59125598e-06
  1891       1   0.00000000e+00   9.83449882e-06
  1891       2   0.00000000e+00   1.18389716e-05
  1892       1   0.00000000e+00   2.52254501e-05
  1892       2   0.00000000e+00   8.43227869e-06
  1893       1   0.00000000e+00   3.14663135e-05
  1893       2   0.00000000e+00   7.47955608e-06
  1894       1   0.00000000e+00   3.24821260e-05
  1894       2   0.00000000e+00   6.41237552e-06
  1895       1   0.00000000e+00   2.54800457e-05
  1895       2   0.00000000e+00   8.25749968e-06
  1896       1   0.00000000e+00   1.95815790e-05
  1897       1   0.00000000e+00   3.09152912e-05
  1897       2   0.00000000e+00   2.34776239e-05
  1898       1   0.00000000e+00   2.30641986e-05
  1898       2   0.00000000e+00   1.59318911e-05
  1899       1   0.00000000e+00   4.17724713e-05
  1899       2   0.00000000e+00   1.90104834e-05
  1900       1   0.00000000e+00   5.16530165e-05
  1900       2   0.00000000e+00   1.66019249e-05
  1901       1   0.00000000e+00   5.35768452e-05
  1901       2   0.00000000e+00   1.14686014e-05
  1902       1   0.00000000e+00   4.52852516e-05
  1902       2   0.00000000e+00   9.63952282e-06
  1903       1   0.00000000e+00   3.49227609e-05
  1903       2   0.00000000e+00   5.70873477e-06
  1904       1   0.00000000e+00   2.09184750e-05
  1905       1   0.00000000e+00   2.22140971e-05
  1905       2   0.00000000e+00   1.59040357e-05
  1906       1   0.00000000e+00   2.06419146e-05
  1906       2   0.00000000e+00   1.36719990e-05
  1907       1   0.00000000e+00   3.61485680e-05
  1907       2   0.00000000e+00   1.62011637e-05
  1908       1   0.00000000e+00   4.27309470e-05
  1908       2   0.00000000e+00   1.44409466e-05
  1909       1   0.00000000e+00   4.05969319e-05
  1909       2   0.00000000e+00   1.12057087e-05
  1910       1   0.00000000e+00   3.39804796e-05
  1910       2   0.00000000e+00   6.60728099e-06
  1911       1   0.00000000e+00   2.50414194e-05
  1912       1   0.00000000e+00   5.59728209e-06
  1912       2   0.00000000e+00   1.04290150e-05
  1913       1   0.00000000e+00   7.59207204e-06
  1913       2   0.00000000e+00   8.13654707e-06
  1914       1   0.00000000e+00   2.10333013e-05
  1914       2   0.00000000e+00   8.86465669e-06
  1915       1   0.00000000e+00   2.60904997e-05
  1915       2   0.00000000e+00   9.34042203e-06
  1916       1   0.00000000e+00   2.51103036e-05
  1916       2   0.00000000e+00   8.28439882e-06
  1917       1   0.00000000e+00   2.02576463e-05
  1917       2   0.00000000e+00   5.86599767e-06
  1918       1   0.00000000e+00   1.39846024e-05
  1919       1   0.00000000e+00   1.46048290e-05
  1919       2   0.00000000e+00   1.09293461e-05
  1920       1   0.00000000e+00   1.23247748e-05
  1920       2   0.00000000e+00   9.63796711e-06
  1921       1   0.00000000e+00   2.29790927e-05
  1921       2   0.00000000e+00   1.09146834e-05
  1922       1   0.00000000e+00   2.97621784e-05
  1922       2   0.00000000e+00   8.06946873e-06
  1923       1   0.00000000e+00   2.91909063e-05
  1923       2   0.00000000e+00   6.32098154e-06
  1924       1   0.00000000e+00   2.20962854e-05
  1924       2   0.00000000e+00   6.47359291e-06
  1925       1   0.00000000e+00   1.69986982e-05
  1926       1   0.00000000e+00   9.72061164e-06
  1926       2   0.00000000e+00   1.02119895e-05
  1927       1   0.00000000e+00   9.49369687e-06
  1927       2   0.00000000e+00   7.23297461e-06
  1928       1   0.00000000e+00   1.96392329e-05
  1928       2   0.00000000e+00   8.90757962e-06
  1929       1   0.00000000e+00   2.36568323e-05
  1929       2   0.00000000e+00   9.07943578e-06
  1930       1   0.00000000e+00   2.34971956e-05
  1930       2   0.00000000e+00   7.04504294e-06
  1931       1   0.00000000e+00   1.96009873e-05
  1932       1   0.00000000e+00   2.67844112e-05
  1932       2   0.00000000e+00   2.33088366e-05
  1933       1   0.00000000e+00   1.42553161e-05
  1933       2   0.00000000e+00   1.67619894e-05
  1934       1   0.00000000e+00   3.62863356e-05
  1934       2   0.00000000e+00   1.31558334e-05
  1935       1   0.00000000e+00   4.13021898e-05
  1935       2   0.00000000e+00   1.42851177e-05
  1936       1   0.00000000e+00   4.35574754e-05
  1936       2   0.00000000e+00   9.14925620e-06
  1937       1   0.00000000e+00   3.66390350e-05
  1937       2   0.00000000e+00   7.64904516e-06
  1938       1   0.00000000e+00   2.75565239e-05
  1939       1   0.00000000e+00   2.81843168e-05
  1939       2   0.00000000e+00   2.60267439e-05
  1940       1   0.00000000e+00   1.99449775e-05
  1940       2   0.00000000e+00   1.67798453e-05
  1941       1   0.00000000e+00   4.26974680e-05
  1941       2   0.00000000e+00   1.84542925e-05
  1942       1   0.00000000e+00   5.14994938e-05
  1942       2   0.00000000e+00   1.82812573e-05
  1943       1   0.00000000e+00   5.14383682e-05
  1943       2   0.00000000e+00   1.40586954e-05
  1944       1   0.00000000e+00   4.41546019e-05
  1944       2   0.00000000e+00   8.88942243e-06
  1945       1   0.00000000e+00   3.23314878e-05
  1946       1   0.00000000e+00   2.17488187e-05
  1946       2   0.00000000e+00   2.25031361e-05
  1947       1   0.00000000e+00   1.84950814e-05
  1947       2   0.00000000e+00   1.53753695e-05
  1948       1   0.00000000e+00   4.16103863e-05
  1948       2   0.00000000e+00   1.66544693e-05
  1949       1   0.00000000e+00   5.03274036e-05
  1949       2   0.00000000e+00   1.73722431e-05
  1950       1   0.00000000e+00   5.02586341e-05
  1950       2   0.00000000e+00   1.42759920e-05
  1951       1   0.00000000e+00   4.25054880e-05
  1951       2   0.00000000e+00   1.03333946e-05
  1952       1   0.00000000e+00   3.27264165e-05
  1953       1   0.00000000e+00   1.85611744e-05
  1953       2   0.00000000e+00   2.05587726e-05
  1954       1   0.00000000e+00   1.76487462e-05
  1954       2   0.00000000e+00   1.40870713e-05
  1955       1   0.00000000e+00   3.75664039e-05
  1955       2   0.00000000e+00   1.78221103e-05
  1956       1   0.00000000e+00   4.92126040e-05
  1956       2   0.00000000e+00   1.49386654e-05
  1957       1   0.00000000e+00   4.55767210e-05
  1957       2   0.00000000e+00   1.47029263e-05
  1958       1   0.00000000e+00   3.94212385e-05
  1958       2   0.00000000e+00   8.63542410e-06
  1959       1   0.00000000e+00   2.73989434e-05
  1960       1   0.00000000e+00   2.59689889e-05
  1960       2   0.00000000e+00   2.19977200e-05
  1961       1   0.00000000e+00   2.14470896e-05
  1961       2   0.00000000e+00   1.64300549e-05
  1962       1   0.00000000e+00   4.26521305e-05
  1962       2   0.00000000e+00   1.81994378e-05
  1963       1   0.00000000e+00   5.00651404e-05
  1963       2   0.00000000e+00   1.82248142e-05
  1964       1   0.00000000e+00   5.11711200e-05
  1964       2   0.00000000e+00   1.23499172e-05
  1965       1   0.00000000e+00   4.25837437e-05
  1965       2   0.00000000e+00   8.68077307e-06
  1966       1   0.00000000e+00   3.08325064e-05
  1967       1   0.00000000e+00   2.27512057e-05
  1967       2   0.00000000e+00   2.22186248e-05
  1968       1   0.00000000e+00   1.90266995e-05
  1968       2   0.00000000e+00   1.56024848e-05
  1969       1   0.00000000e+00   3.99201657e-05
  1969       2   0.00000000e+00   1.79324653e-05
  1970       1   0.00000000e+00   5.00084016e-05
  1970       2   0.00000000e+00   1.60186020e-05
  1971       1   0.00000000e+00   4.77272402e-05
  1971       2   0.00000000e+00   1.43468878e-05
  1972       1   0.00000000e+00   4.04181584e-05
  1972       2   0.00000000e+00   9.58477523e-06
  1973       1   0.00000000e+00   2.93255078e-05
  1974       1   0.00000000e+00   2.38903939e-05
  1974       2   0.00000000e+00   2.17560078e-05
  1975       1   0.00000000e+00   1.85518582e-05
  1975       2   0.00000000e+00   1.74637929e-05
  1976       1   0.00000000e+00   4.24692003e-05
  1976       2   0.00000000e+00   1.65299925e-05
  1977       1   0.00000000e+00   5.00260544e-05
  1977       2   0.00000000e+00   1.68698741e-05
  1978       1   0.00000000e+00   4.97177080e-05
  1978       2   0.00000000e+00   1.29552631e-05
  1979       1   0.00000000e+00   4.14135032e-05
  1979       2   0.00000000e+00   9.22207063e-06
  1980       1   0.00000000e+00   3.00199094e-05
  1981       1   0.00000000e+00   2.57542995e-05
  1981       2   0.00000000e+00   2.36688288e-05
  1982       1   0.00000000e+00   2.01521484e-05
  1982       2   0.00000000e+00   1.69609627e-05
  1983       1   0.00000000e+00   4.14362870e-05
  1983       2   0.00000000e+00   1.94638091e-05
  1984       1   0.00000000e+00   5.11126730e-05
  1984       2   0.00000000e+00   1.75593302e-05
  1985       1   0.00000000e+00   5.00464382e-05
  1985       2   0.00000000e+00   1.38007490e-05
  1986       1   0.00000000e+00   4.30771267e-05
  1986       2   0.00000000e+00   8.19625759e-06
  1987       1   0.00000000e+00   3.06899642e-05
  1988       1   0.00000000e+00   2.27310850e-05
  1988       2   0.00000000e+00   2.19666433e-05
  1989       1   0.00000000e+00   2.07157148e-05
  1989       2   0.00000000e+00   1.45301087e-05
  1990       1   0.00000000e+00   4.04006970e-05
  1990       2   0.00000000e+00   1.85859030e-05
  1991       1   0.00000000e+00   5.06593518e-05
  1991       2   0.00000000e+00   1.66855685e-05
  1992       1   0.00000000e+00   4.95726729e-05
  1992       2   0.00000000e+00   1.37892322e-05
  1993       1   0.00000000e+00   4.14489485e-05
  1993       2   0.00000000e+00   9.84836919e-06
  1994       1   0.00000000e+00   3.10645302e-05
  1995       1   0.00000000e+00   1.95913540e-05
  1995       2   0.00000000e+00   2.00707488e-05
  1996       1   0.00000000e+00   1.81313350e-05
  1996       2   0.00000000e+00   1.47694641e-05
  1997       1   0.00000000e+00   3.93449535e-05
  1997       2   0.00000000e+00   1.69167476e-05
  1998       1   0.00000000e+00   4.90245903e-05
  1998       2   0.00000000e+00   1.59215267e-05
  1999       1   0.00000000e+00   4.75303595e-05
  1999       2   0.00000000e+00   1.37835567e-05
  2000       1   0.00000000e+00   4.05405587e-05
  2000       2   0.00000000e+00   8.98102721e-06