time_s,ux_m,uy_m
0.000000000000000000e+00,0.000000000000000000e+00,0.000000000000000000e+00
1.000000000000000021e-02,-6.712656109999999359e-08,-6.470844490000000574e-11
2.000000000000000042e-02,-2.877392769999999790e-07,-9.950123799999999107e-10
2.999999999999999889e-02,-6.001585749999999614e-07,-2.427039129999999977e-09
4.000000000000000083e-02,-8.548055100000000338e-07,-4.217676550000000408e-09
5.000000000000000278e-02,-1.005124059999999947e-06,-7.596208479999999612e-09
5.999999999999999778e-02,-1.153964049999999913e-06,-1.233554139999999981e-08
7.000000000000000666e-02,-1.373944199999999916e-06,-1.852465380000000093e-08
8.000000000000000167e-02,-1.585068199999999921e-06,-2.687277640000000002e-08
8.999999999999999667e-02,-1.722285739999999951e-06,-3.765521540000000119e-08
1.000000000000000056e-01,-1.844160420000000059e-06,-5.138558259999999700e-08
1.100000000000000006e-01,-2.005869269999999841e-06,-6.886827860000000443e-08
1.199999999999999956e-01,-2.174709970000000073e-06,-9.094753119999999765e-08
1.300000000000000044e-01,-2.299252949999999953e-06,-1.183883199999999972e-07
1.400000000000000133e-01,-2.397344180000000074e-06,-1.522070399999999939e-07
1.499999999999999944e-01,-2.517866079999999842e-06,-1.934735539999999993e-07
1.600000000000000033e-01,-2.648827170000000040e-06,-2.431934030000000053e-07
1.700000000000000122e-01,-2.752033260000000027e-06,-3.024903230000000111e-07
1.799999999999999933e-01,-2.832483109999999915e-06,-3.724601980000000181e-07
1.900000000000000022e-01,-2.918665250000000050e-06,-4.541889419999999929e-07
2.000000000000000111e-01,-3.014856410000000198e-06,-5.488700629999999811e-07
2.099999999999999922e-01,-3.095882619999999927e-06,-6.576638220000000214e-07
2.200000000000000011e-01,-3.155446549999999981e-06,-7.817860870000000079e-07
2.300000000000000100e-01,-3.214864820000000203e-06,-9.224050519999999571e-07
2.399999999999999911e-01,-3.279335000000000003e-06,-1.080538770000000104e-06
2.500000000000000000e-01,-3.335326729999999833e-06,-1.257445969999999913e-06
2.600000000000000089e-01,-3.375449300000000015e-06,-1.454314589999999978e-06
2.700000000000000178e-01,-3.409202219999999908e-06,-1.672257630000000105e-06
2.800000000000000266e-01,-3.445816139999999790e-06,-1.912538480000000149e-06
2.899999999999999800e-01,-3.476868070000000124e-06,-2.176146889999999850e-06
2.999999999999999889e-01,-3.495322469999999789e-06,-2.464126410000000136e-06
3.099999999999999978e-01,-3.506726000000000110e-06,-2.777571569999999881e-06
3.200000000000000067e-01,-3.516840900000000073e-06,-3.117416729999999916e-06
3.300000000000000155e-01,-3.523438900000000090e-06,-3.484682750000000175e-06
3.400000000000000244e-01,-3.520470879999999828e-06,-3.880292149999999620e-06
3.499999999999999778e-01,-3.509438849999999916e-06,-4.304887010000000169e-06
3.599999999999999867e-01,-3.495782629999999938e-06,-4.759239699999999698e-06
3.699999999999999956e-01,-3.478366330000000066e-06,-5.244120760000000246e-06
3.800000000000000044e-01,-3.453527480000000211e-06,-5.760070030000000044e-06
3.900000000000000133e-01,-3.421313869999999879e-06,-6.307762040000000350e-06
4.000000000000000222e-01,-3.384602420000000056e-06,-6.887788069999999647e-06
4.099999999999999756e-01,-3.344388010000000033e-06,-7.500567530000000400e-06
4.199999999999999845e-01,-3.297980219999999841e-06,-8.146556139999999781e-06
4.299999999999999933e-01,-3.244678780000000142e-06,-8.826238820000000088e-06
4.400000000000000022e-01,-3.186616030000000034e-06,-9.540025480000000242e-06
4.500000000000000111e-01,-3.124357029999999874e-06,-1.028818259999999959e-05
4.600000000000000200e-01,-3.056869850000000014e-06,-1.107112360000000067e-05
4.699999999999999734e-01,-2.983208819999999892e-06,-1.188917549999999924e-05
4.799999999999999822e-01,-2.904299170000000040e-06,-1.274252649999999954e-05
4.899999999999999911e-01,-2.821755630000000013e-06,-1.363152170000000021e-05
5.000000000000000000e-01,-2.734400260000000123e-06,-1.455626290000000039e-05
5.100000000000000089e-01,-2.640835630000000058e-06,-1.551674010000000107e-05
5.200000000000000178e-01,-2.541664810000000200e-06,-1.651330259999999835e-05
5.300000000000000266e-01,-2.438322340000000163e-06,-1.754638199999999934e-05
5.400000000000000355e-01,-2.331117749999999811e-06,-1.861579270000000160e-05
5.500000000000000444e-01,-2.218755770000000111e-06,-1.971947410000000032e-05
5.600000000000000533e-01,-2.101167940000000059e-06,-2.085865919999999840e-05
5.699999999999999512e-01,-1.979304239999999971e-06,-2.203657710000000042e-05
5.799999999999999600e-01,-1.853101730000000019e-06,-2.325174749999999959e-05
5.899999999999999689e-01,-1.722008130000000045e-06,-2.450337549999999953e-05
5.999999999999999778e-01,-1.586066630000000018e-06,-2.579259509999999892e-05
6.099999999999999867e-01,-1.445865110000000065e-06,-2.711914329999999835e-05
6.199999999999999956e-01,-1.301636419999999932e-06,-2.848280000000000112e-05
6.300000000000000044e-01,-1.152909209999999958e-06,-2.988381770000000118e-05
6.400000000000000133e-01,-9.996110569999999057e-07,-3.132205669999999702e-05
6.500000000000000222e-01,-8.421904700000000103e-07,-3.279741629999999731e-05
6.600000000000000311e-01,-6.808069649999999685e-07,-3.431027659999999978e-05
6.700000000000000400e-01,-5.153345389999999972e-07,-3.586062789999999847e-05
6.800000000000000488e-01,-3.456225720000000065e-07,-3.744824380000000221e-05
6.899999999999999467e-01,-1.718839319999999973e-07,-3.907323129999999678e-05
6.999999999999999556e-01,5.577807540000000409e-09,-4.073568200000000108e-05
7.099999999999999645e-01,1.868770589999999888e-07,-4.243558109999999699e-05
7.199999999999999734e-01,3.720141140000000018e-07,-4.417260159999999687e-05
7.299999999999999822e-01,5.608997700000000126e-07,-4.594639080000000329e-05
7.399999999999999911e-01,7.534849250000000194e-07,-4.775664889999999853e-05
7.500000000000000000e-01,9.496771659999999547e-07,-4.960298339999999917e-05
7.600000000000000089e-01,1.149476119999999948e-06,-5.148487809999999703e-05
7.700000000000000178e-01,1.352823830000000036e-06,-5.340190059999999736e-05
7.800000000000000266e-01,1.559710450000000079e-06,-5.535335399999999844e-05
7.900000000000000355e-01,1.769989719999999973e-06,-5.733808140000000024e-05
8.000000000000000444e-01,1.983381519999999812e-06,-5.935517669999999942e-05
8.100000000000000533e-01,2.199895119999999978e-06,-6.140408650000000362e-05
8.199999999999999512e-01,2.419658179999999806e-06,-6.348464629999999928e-05
8.299999999999999600e-01,2.642625760000000177e-06,-6.559530789999999548e-05
8.399999999999999689e-01,2.868588980000000204e-06,-6.773529390000000044e-05
8.499999999999999778e-01,3.097378439999999912e-06,-6.990470310000000155e-05
8.599999999999999867e-01,3.329257520000000104e-06,-7.210025219999999669e-05
8.699999999999999956e-01,3.563979139999999813e-06,-7.432094549999999629e-05
8.800000000000000044e-01,3.801041850000000095e-06,-7.656882869999999560e-05
8.900000000000000133e-01,4.040598789999999962e-06,-7.884240739999999470e-05
9.000000000000000222e-01,4.283011740000000140e-06,-8.113945870000000438e-05
9.100000000000000311e-01,4.528273360000000260e-06,-8.345920419999999622e-05
9.200000000000000400e-01,4.775809659999999972e-06,-8.580033320000000603e-05
9.300000000000000488e-01,5.025445159999999693e-06,-8.816132080000000672e-05
9.399999999999999467e-01,5.277587480000000413e-06,-9.054100129999999682e-05
9.499999999999999556e-01,5.532197970000000206e-06,-9.293799779999999480e-05
9.599999999999999645e-01,5.788882460000000075e-06,-9.535070979999999915e-05
9.699999999999999734e-01,6.047509660000000010e-06,-9.777778480000000674e-05
9.799999999999999822e-01,6.308234709999999927e-06,-1.002176159999999979e-04
9.899999999999999911e-01,6.571133059999999717e-06,-1.026685970000000000e-04
1.000000000000000000e+00,6.835881239999999771e-06,-1.051292580000000017e-04
1.010000000000000009e+00,7.102267060000000111e-06,-1.075979130000000042e-04
1.020000000000000018e+00,7.370443910000000023e-06,-1.100727900000000002e-04
1.030000000000000027e+00,7.640395399999999981e-06,-1.125516719999999985e-04
1.040000000000000036e+00,7.911888489999999971e-06,-1.150329200000000025e-04
1.050000000000000044e+00,8.184800280000000138e-06,-1.175151479999999936e-04
1.060000000000000053e+00,8.459186880000000097e-06,-1.199973009999999999e-04
1.070000000000000062e+00,8.735042860000000268e-06,-1.224789410000000096e-04
1.080000000000000071e+00,9.012141219999999679e-06,-1.249589860000000093e-04
1.090000000000000080e+00,9.290282870000000557e-06,-1.274362720000000017e-04
1.100000000000000089e+00,9.569561759999999174e-06,-1.299092550000000034e-04
1.110000000000000098e+00,9.850156980000000374e-06,-1.323729199999999957e-04
1.120000000000000107e+00,1.013182220000000019e-05,-1.348236199999999958e-04
1.129999999999999893e+00,1.041417260000000073e-05,-1.372671480000000038e-04
1.139999999999999902e+00,1.069733639999999996e-05,-1.397032319999999951e-04
1.149999999999999911e+00,1.098130620000000068e-05,-1.421236940000000131e-04
1.159999999999999920e+00,1.126589920000000048e-05,-1.445276660000000023e-04
1.169999999999999929e+00,1.155100929999999946e-05,-1.469131119999999939e-04
1.179999999999999938e+00,1.183657330000000044e-05,-1.492767959999999892e-04
1.189999999999999947e+00,1.212256580000000023e-05,-1.516194679999999999e-04
1.199999999999999956e+00,1.240888910000000059e-05,-1.539398520000000018e-04
1.209999999999999964e+00,1.269547230000000057e-05,-1.562366840000000041e-04
1.219999999999999973e+00,1.298234340000000008e-05,-1.585094709999999981e-04
1.229999999999999982e+00,1.326946680000000045e-05,-1.607548350000000104e-04
1.239999999999999991e+00,1.355653149999999921e-05,-1.629692900000000112e-04
1.250000000000000000e+00,1.384322910000000082e-05,-1.651522020000000131e-04
1.260000000000000009e+00,1.412972050000000068e-05,-1.673032439999999946e-04
1.270000000000000018e+00,1.441619089999999974e-05,-1.694206940000000060e-04
1.280000000000000027e+00,1.470239650000000048e-05,-1.715029600000000118e-04
1.290000000000000036e+00,1.498819829999999926e-05,-1.735481320000000004e-04
1.300000000000000044e+00,1.527343310000000038e-05,-1.755533650000000098e-04
1.310000000000000053e+00,1.555803890000000088e-05,-1.775173069999999944e-04
1.320000000000000062e+00,1.584213049999999874e-05,-1.794389969999999994e-04
1.330000000000000071e+00,1.612555230000000043e-05,-1.813170439999999993e-04
1.340000000000000080e+00,1.640813559999999835e-05,-1.831507969999999932e-04
1.350000000000000089e+00,1.668977519999999883e-05,-1.849399539999999954e-04
1.360000000000000098e+00,1.697044269999999880e-05,-1.866843499999999874e-04
1.370000000000000107e+00,1.725016790000000048e-05,-1.883827260000000127e-04
1.379999999999999893e+00,1.752869280000000140e-05,-1.900342110000000008e-04
1.389999999999999902e+00,1.780592210000000018e-05,-1.916378410000000091e-04
1.399999999999999911e+00,1.808195949999999989e-05,-1.931921990000000074e-04
1.409999999999999920e+00,1.835682270000000161e-05,-1.946955790000000092e-04
1.419999999999999929e+00,1.863020010000000158e-05,-1.961472189999999966e-04
1.429999999999999938e+00,1.890185610000000066e-05,-1.975489999999999885e-04
1.439999999999999947e+00,1.917195189999999915e-05,-1.988994310000000067e-04
1.449999999999999956e+00,1.944048860000000147e-05,-2.001959590000000069e-04
1.459999999999999964e+00,1.970722379999999906e-05,-2.014379639999999997e-04
1.469999999999999973e+00,1.997184349999999977e-05,-2.026222489999999934e-04
1.479999999999999982e+00,2.023450500000000118e-05,-2.037468820000000100e-04
1.489999999999999991e+00,2.049550099999999993e-05,-2.048111630000000005e-04
1.500000000000000000e+00,2.075457089999999851e-05,-2.058135970000000026e-04
1.510000000000000009e+00,2.101139099999999881e-05,-2.067537429999999896e-04
1.520000000000000018e+00,2.126505660000000002e-05,-2.076187360000000034e-04
1.530000000000000027e+00,2.151617500000000072e-05,-2.083976189999999971e-04
1.540000000000000036e+00,2.176593969999999901e-05,-2.091007200000000101e-04
1.550000000000000044e+00,2.201413689999999945e-05,-2.097325299999999867e-04
1.560000000000000053e+00,2.225949689999999942e-05,-2.102896209999999906e-04
1.570000000000000062e+00,2.250139870000000019e-05,-2.107729509999999886e-04
1.580000000000000071e+00,2.274100990000000038e-05,-2.111839230000000123e-04
1.590000000000000080e+00,2.297879349999999983e-05,-2.115212179999999926e-04
1.600000000000000089e+00,2.321352640000000150e-05,-2.117802180000000049e-04
1.610000000000000098e+00,2.344486049999999837e-05,-2.119576819999999891e-04
1.620000000000000107e+00,2.367348629999999944e-05,-2.120538889999999958e-04
1.629999999999999893e+00,2.389891250000000003e-05,-2.120836380000000075e-04
1.639999999999999902e+00,2.412135169999999969e-05,-2.120566810000000068e-04
1.649999999999999911e+00,2.434098780000000018e-05,-2.119614550000000104e-04
1.659999999999999920e+00,2.455801149999999912e-05,-2.117965619999999936e-04
1.669999999999999929e+00,2.477230559999999996e-05,-2.115658519999999952e-04
1.679999999999999938e+00,2.498290399999999854e-05,-2.112661390000000066e-04
1.689999999999999947e+00,2.519016030000000023e-05,-2.108976260000000027e-04
1.699999999999999956e+00,2.539447639999999965e-05,-2.104603999999999882e-04
1.709999999999999964e+00,2.559544020000000160e-05,-2.099542169999999894e-04
1.719999999999999973e+00,2.579240380000000167e-05,-2.093845349999999897e-04
1.729999999999999982e+00,2.598546239999999962e-05,-2.087567220000000068e-04
1.739999999999999991e+00,2.617557049999999987e-05,-2.080704789999999885e-04
1.750000000000000000e+00,2.636285419999999865e-05,-2.073237130000000041e-04
1.760000000000000009e+00,2.654625309999999997e-05,-2.065140789999999910e-04
1.770000000000000018e+00,2.672552620000000120e-05,-2.056394000000000017e-04
1.780000000000000027e+00,2.690143419999999918e-05,-2.046978310000000087e-04
1.790000000000000036e+00,2.707402389999999934e-05,-2.036877310000000097e-04
1.800000000000000044e+00,2.724264299999999998e-05,-2.026096539999999865e-04
1.810000000000000053e+00,2.740699010000000128e-05,-2.014639630000000065e-04
1.820000000000000062e+00,2.756753100000000140e-05,-2.002503280000000061e-04
1.830000000000000071e+00,2.772470749999999954e-05,-1.989667430000000047e-04
1.840000000000000080e+00,2.787802450000000009e-05,-1.976100969999999922e-04
1.850000000000000089e+00,2.802694679999999963e-05,-1.961802699999999871e-04
1.860000000000000098e+00,2.817163399999999943e-05,-1.946761240000000103e-04
1.870000000000000107e+00,2.831251979999999853e-05,-1.930970350000000071e-04
1.879999999999999893e+00,2.844966909999999984e-05,-1.914437659999999918e-04
1.889999999999999902e+00,2.858261569999999866e-05,-1.897160220000000046e-04
1.899999999999999911e+00,2.871129509999999861e-05,-1.879133430000000133e-04
1.909999999999999920e+00,2.883597640000000050e-05,-1.860349440000000105e-04
1.919999999999999929e+00,2.895666520000000091e-05,-1.840802130000000021e-04
1.929999999999999938e+00,2.907327400000000051e-05,-1.820487009999999933e-04
1.939999999999999947e+00,2.918554750000000028e-05,-1.799397860000000030e-04
1.949999999999999956e+00,2.929349949999999860e-05,-1.777527140000000083e-04
1.959999999999999964e+00,2.939742180000000111e-05,-1.754864439999999945e-04
1.969999999999999973e+00,2.949716139999999915e-05,-1.731407130000000097e-04
1.979999999999999982e+00,2.959250720000000071e-05,-1.707170359999999904e-04
1.989999999999999991e+00,2.968354120000000001e-05,-1.682178430000000119e-04
2.000000000000000000e+00,2.977032659999999931e-05,-1.656451409999999962e-04
2.009999999999999787e+00,2.978575309999999834e-05,-1.630009179999999957e-04
2.020000000000000018e+00,2.964350539999999844e-05,-1.602865380000000083e-04
2.029999999999999805e+00,2.940517930000000169e-05,-1.575024620000000080e-04
2.040000000000000036e+00,2.922024879999999934e-05,-1.546494649999999879e-04
2.049999999999999822e+00,2.913502130000000033e-05,-1.517270869999999972e-04
2.060000000000000053e+00,2.904667939999999989e-05,-1.487357290000000058e-04
2.069999999999999840e+00,2.888278180000000158e-05,-1.456765909999999890e-04
2.080000000000000071e+00,2.872319240000000093e-05,-1.425490439999999937e-04
2.089999999999999858e+00,2.863296840000000069e-05,-1.393523110000000076e-04
2.100000000000000089e+00,2.855337439999999869e-05,-1.360847739999999906e-04
2.109999999999999876e+00,2.842923730000000154e-05,-1.327445790000000056e-04
2.120000000000000107e+00,2.829354059999999844e-05,-1.293308799999999905e-04
2.129999999999999893e+00,2.819760400000000014e-05,-1.258434679999999946e-04
2.140000000000000124e+00,2.812338500000000145e-05,-1.222823489999999937e-04
2.149999999999999911e+00,2.802191109999999850e-05,-1.186478000000000061e-04
2.160000000000000142e+00,2.790529850000000121e-05,-1.149408120000000019e-04
2.169999999999999929e+00,2.781192189999999903e-05,-1.111620110000000007e-04
2.180000000000000160e+00,2.773663099999999949e-05,-1.073114829999999976e-04
2.189999999999999947e+00,2.765073979999999892e-05,-1.033888089999999998e-04
2.200000000000000178e+00,2.755006389999999894e-05,-9.939401240000000340e-05
2.209999999999999964e+00,2.745992169999999981e-05,-9.532744299999999565e-05
2.220000000000000195e+00,2.738657120000000022e-05,-9.118852780000000289e-05
2.229999999999999982e+00,2.730855180000000022e-05,-8.697740210000000219e-05
2.240000000000000213e+00,2.722075330000000161e-05,-8.269447939999999470e-05
2.250000000000000000e+00,2.713673479999999976e-05,-7.833823550000000200e-05
2.259999999999999787e+00,2.706377540000000137e-05,-7.390737050000000593e-05
2.270000000000000018e+00,2.699237319999999861e-05,-6.940245700000000073e-05
2.279999999999999805e+00,2.691342759999999901e-05,-6.482358749999999627e-05
2.290000000000000036e+00,2.683532189999999893e-05,-6.017084100000000214e-05
2.299999999999999822e+00,2.676500419999999953e-05,-5.544662429999999914e-05
2.310000000000000053e+00,2.669709910000000113e-05,-5.065305920000000235e-05
2.319999999999999840e+00,2.662592830000000006e-05,-4.579120230000000328e-05
2.330000000000000071e+00,2.655357299999999880e-05,-4.086321410000000196e-05
2.339999999999999858e+00,2.648594400000000033e-05,-3.587041869999999845e-05
2.350000000000000089e+00,2.642172070000000077e-05,-3.081350750000000290e-05
2.359999999999999876e+00,2.635564890000000133e-05,-2.569388000000000005e-05
2.370000000000000107e+00,2.628871899999999986e-05,-2.051282940000000027e-05
2.379999999999999893e+00,2.622404460000000168e-05,-1.526599010000000012e-05
2.390000000000000124e+00,2.616189779999999898e-05,-9.949991830000000671e-06
2.399999999999999911e+00,2.610010950000000036e-05,-4.571088890000000306e-06
2.410000000000000142e+00,2.603770860000000130e-05,8.676025840000000164e-07
2.419999999999999929e+00,2.597691729999999992e-05,6.367149140000000370e-06
2.430000000000000160e+00,2.591808699999999951e-05,1.192579950000000054e-05
2.439999999999999947e+00,2.585958290000000078e-05,1.754247419999999891e-05
2.450000000000000178e+00,2.580090860000000045e-05,2.321629030000000078e-05
2.459999999999999964e+00,2.574287339999999970e-05,2.894566239999999882e-05
2.470000000000000195e+00,2.568660970000000157e-05,3.473031460000000316e-05
2.479999999999999982e+00,2.563148379999999983e-05,4.057001330000000329e-05
2.490000000000000213e+00,2.557634560000000048e-05,4.646376370000000061e-05
2.500000000000000000e+00,2.552162549999999948e-05,5.241084100000000190e-05
2.509999999999999787e+00,2.546794830000000001e-05,5.841011720000000143e-05
2.520000000000000018e+00,2.541531410000000033e-05,6.445999080000000168e-05
2.529999999999999805e+00,2.536313670000000088e-05,7.055912800000000340e-05
2.540000000000000036e+00,2.531115289999999899e-05,7.670641560000000542e-05
2.549999999999999822e+00,2.526002460000000070e-05,8.290109819999999584e-05
2.560000000000000053e+00,2.520968809999999898e-05,8.914551189999999671e-05
2.569999999999999840e+00,2.515978700000000035e-05,9.544193500000000086e-05
2.580000000000000071e+00,2.511040789999999961e-05,1.017875160000000046e-04
2.589999999999999858e+00,2.506176169999999905e-05,1.081801399999999939e-04
2.600000000000000089e+00,2.501394449999999955e-05,1.146197999999999965e-04
2.609999999999999876e+00,2.496621099999999833e-05,1.210995380000000056e-04
2.620000000000000107e+00,2.491865959999999995e-05,1.276136500000000043e-04
2.629999999999999893e+00,2.487213159999999970e-05,1.341661590000000042e-04
2.640000000000000124e+00,2.482659329999999944e-05,1.407578589999999906e-04
2.649999999999999911e+00,2.478148339999999974e-05,1.473860610000000016e-04
2.660000000000000142e+00,2.473647159999999972e-05,1.540508029999999938e-04
2.669999999999999929e+00,2.469202410000000068e-05,1.607515670000000041e-04
2.680000000000000160e+00,2.464853930000000110e-05,1.674870020000000098e-04
2.689999999999999947e+00,2.460538149999999931e-05,1.742578350000000063e-04
2.700000000000000178e+00,2.456234980000000052e-05,1.810645310000000058e-04
2.709999999999999964e+00,2.451979359999999908e-05,1.879039290000000079e-04
2.720000000000000195e+00,2.447794009999999923e-05,1.947729129999999954e-04
2.729999999999999982e+00,2.443666579999999978e-05,2.016694050000000045e-04
2.740000000000000213e+00,2.439563429999999847e-05,2.085909389999999954e-04
2.750000000000000000e+00,2.435507540000000137e-05,2.155357340000000103e-04
2.759999999999999787e+00,2.431519030000000138e-05,2.225024090000000108e-04
2.770000000000000018e+00,2.427574919999999926e-05,2.294892740000000007e-04
2.779999999999999805e+00,2.423643670000000030e-05,2.364921110000000020e-04
2.790000000000000036e+00,2.419745650000000101e-05,2.435069540000000057e-04
2.799999999999999822e+00,2.415918710000000008e-05,2.505341760000000121e-04
2.810000000000000053e+00,2.412161560000000026e-05,2.575734589999999907e-04
2.819999999999999840e+00,2.408431869999999960e-05,2.646227469999999984e-04
2.830000000000000071e+00,2.404718359999999887e-05,2.716810540000000177e-04
2.839999999999999858e+00,2.401057919999999922e-05,2.787470050000000134e-04
2.850000000000000089e+00,2.397460200000000130e-05,2.858184459999999730e-04
2.859999999999999876e+00,2.393902199999999917e-05,2.928934080000000122e-04
2.870000000000000107e+00,2.390361559999999998e-05,2.999707830000000047e-04
2.879999999999999893e+00,2.386861390000000050e-05,3.070493310000000265e-04
2.890000000000000124e+00,2.383412859999999893e-05,3.141268619999999919e-04
2.899999999999999911e+00,2.379994720000000073e-05,3.212016940000000085e-04
2.910000000000000142e+00,2.376605139999999838e-05,3.282717309999999946e-04
2.919999999999999929e+00,2.373262350000000139e-05,3.353343780000000193e-04
2.930000000000000160e+00,2.369973939999999921e-05,3.423881149999999764e-04
2.939999999999999947e+00,2.366716989999999898e-05,3.494318689999999792e-04
2.950000000000000178e+00,2.363480570000000105e-05,3.564640850000000069e-04
2.959999999999999964e+00,2.360283539999999923e-05,3.634829580000000079e-04
2.970000000000000195e+00,2.357137549999999897e-05,3.704869760000000065e-04
2.979999999999999982e+00,2.354030909999999845e-05,3.774743119999999846e-04
2.990000000000000213e+00,2.350940700000000142e-05,3.844414860000000241e-04
3.000000000000000000e+00,2.347882310000000078e-05,3.913906059999999959e-04
3.009999999999999787e+00,2.344895089999999964e-05,3.983233800000000142e-04
3.020000000000000018e+00,2.341960510000000049e-05,4.052323220000000133e-04
3.029999999999999805e+00,2.339038159999999987e-05,4.121141730000000051e-04
3.040000000000000036e+00,2.336129709999999949e-05,4.189689359999999776e-04
3.049999999999999822e+00,2.333269759999999915e-05,4.257935660000000092e-04
3.060000000000000053e+00,2.330461009999999940e-05,4.325863050000000229e-04
3.069999999999999840e+00,2.327673709999999974e-05,4.393458309999999888e-04
3.080000000000000071e+00,2.324908579999999920e-05,4.460702399999999794e-04
3.089999999999999858e+00,2.322186340000000060e-05,4.527580299999999793e-04
3.100000000000000089e+00,2.319509599999999995e-05,4.594078059999999789e-04
3.109999999999999876e+00,2.316865119999999978e-05,4.660181220000000099e-04
3.120000000000000107e+00,2.314240330000000024e-05,4.725876800000000004e-04
3.129999999999999893e+00,2.311642229999999945e-05,4.791149010000000257e-04
3.140000000000000124e+00,2.309084069999999990e-05,4.855977920000000263e-04
3.149999999999999911e+00,2.306565720000000068e-05,4.920345809999999813e-04
3.160000000000000142e+00,2.304082559999999939e-05,4.984236240000000087e-04
3.169999999999999929e+00,2.301627690000000067e-05,5.047632169999999785e-04
3.180000000000000160e+00,2.299204200000000100e-05,5.110518139999999966e-04
3.189999999999999947e+00,2.296820490000000016e-05,5.172879399999999938e-04
3.200000000000000178e+00,2.294478480000000003e-05,5.234651220000000309e-04
3.209999999999999964e+00,2.292182300000000092e-05,5.295794480000000186e-04
3.220000000000000195e+00,2.289916659999999919e-05,5.356357610000000123e-04
3.229999999999999982e+00,2.287675819999999922e-05,5.416341650000000302e-04
3.240000000000000213e+00,2.285468510000000049e-05,5.475718240000000204e-04
3.250000000000000000e+00,2.283295849999999956e-05,5.534491110000000101e-04
3.259999999999999787e+00,2.281154829999999949e-05,5.592652389999999999e-04
3.270000000000000018e+00,2.279036069999999968e-05,5.650184600000000357e-04
3.279999999999999805e+00,2.276947529999999919e-05,5.707075339999999764e-04
3.290000000000000036e+00,2.274898699999999965e-05,5.763358550000000297e-04
3.299999999999999822e+00,2.272891209999999961e-05,5.819076559999999780e-04
3.310000000000000053e+00,2.270922399999999831e-05,5.874187830000000485e-04
3.319999999999999840e+00,2.268979290000000009e-05,5.928662689999999536e-04
3.330000000000000071e+00,2.267070499999999998e-05,5.982515699999999470e-04
3.339999999999999858e+00,2.265201179999999889e-05,6.035719500000000107e-04
3.350000000000000089e+00,2.263358359999999940e-05,6.088251100000000070e-04
3.359999999999999876e+00,2.261541999999999836e-05,6.140112150000000355e-04
3.370000000000000107e+00,2.259755579999999834e-05,6.191292510000000280e-04
3.379999999999999893e+00,2.258002200000000083e-05,6.241783410000000193e-04
3.390000000000000124e+00,2.256277769999999851e-05,6.291583980000000319e-04
3.399999999999999911e+00,2.254581379999999859e-05,6.340689629999999482e-04
3.410000000000000142e+00,2.252923260000000159e-05,6.389091979999999725e-04
3.419999999999999929e+00,2.251295909999999887e-05,6.436797049999999762e-04
3.430000000000000160e+00,2.249688059999999963e-05,6.483806250000000463e-04
3.439999999999999947e+00,2.248108800000000115e-05,6.530095149999999701e-04
3.450000000000000178e+00,2.246570440000000146e-05,6.575646579999999946e-04
3.459999999999999964e+00,2.245070280000000004e-05,6.620453410000000415e-04
3.470000000000000195e+00,2.243594030000000070e-05,6.664502699999999688e-04
3.479999999999999982e+00,2.242140019999999836e-05,6.707784120000000010e-04
3.490000000000000213e+00,2.240721439999999925e-05,6.750291390000000454e-04
3.500000000000000000e+00,2.239339770000000116e-05,6.792018680000000462e-04
3.509999999999999787e+00,2.237985920000000003e-05,6.832962319999999522e-04
3.520000000000000018e+00,2.236661379999999868e-05,6.873120119999999878e-04
3.529999999999999805e+00,2.235369229999999870e-05,6.912490260000000129e-04
3.540000000000000036e+00,2.234101550000000080e-05,6.951062359999999468e-04
3.549999999999999822e+00,2.232859100000000036e-05,6.988827339999999482e-04
3.560000000000000053e+00,2.231649609999999953e-05,7.025791059999999524e-04
3.569999999999999840e+00,2.230477740000000049e-05,7.061956880000000263e-04
3.580000000000000071e+00,2.229336699999999875e-05,7.097325279999999780e-04
3.589999999999999858e+00,2.228218000000000017e-05,7.131900129999999959e-04
3.600000000000000089e+00,2.227129199999999947e-05,7.165683770000000124e-04
3.609999999999999876e+00,2.226074669999999889e-05,7.198679059999999689e-04
3.620000000000000107e+00,2.225049439999999984e-05,7.230890359999999663e-04
3.629999999999999893e+00,2.224049250000000109e-05,7.262322480000000342e-04
3.640000000000000124e+00,2.223075960000000151e-05,7.292980980000000110e-04
3.649999999999999911e+00,2.222133200000000106e-05,7.322872669999999943e-04
3.660000000000000142e+00,2.221220790000000083e-05,7.352005479999999598e-04
3.669999999999999929e+00,2.220333290000000000e-05,7.380387059999999949e-04
3.680000000000000160e+00,2.219468220000000010e-05,7.408025369999999546e-04
3.689999999999999947e+00,2.218628909999999951e-05,7.434928769999999678e-04
3.700000000000000178e+00,2.217821379999999892e-05,7.461056179999999696e-04
3.709999999999999964e+00,2.217032740000000044e-05,7.486390219999999656e-04
3.720000000000000195e+00,2.216260349999999978e-05,7.510996799999999658e-04
3.729999999999999982e+00,2.215515569999999904e-05,7.534898119999999897e-04
3.740000000000000213e+00,2.214803770000000119e-05,7.558086630000000186e-04
3.750000000000000000e+00,2.214119880000000145e-05,7.580582939999999485e-04
3.759999999999999787e+00,2.213454889999999866e-05,7.602398179999999943e-04
3.770000000000000018e+00,2.212815340000000053e-05,7.623523480000000139e-04
3.779999999999999805e+00,2.212202279999999897e-05,7.643959640000000128e-04
3.790000000000000036e+00,2.211616040000000046e-05,7.663697169999999885e-04
3.799999999999999822e+00,2.211042099999999835e-05,7.682727559999999803e-04
3.810000000000000053e+00,2.210480140000000137e-05,7.701090479999999662e-04
3.819999999999999840e+00,2.209947350000000162e-05,7.718810859999999593e-04
3.830000000000000071e+00,2.209444119999999842e-05,7.735890660000000439e-04
3.839999999999999858e+00,2.208959769999999909e-05,7.752347589999999738e-04
3.850000000000000089e+00,2.208491929999999937e-05,7.768176910000000168e-04
3.859999999999999876e+00,2.208043149999999903e-05,7.783374960000000089e-04
3.870000000000000107e+00,2.207615739999999928e-05,7.797974910000000318e-04
3.879999999999999893e+00,2.207205850000000148e-05,7.811994580000000124e-04
3.890000000000000124e+00,2.206810759999999844e-05,7.825435859999999542e-04
3.899999999999999911e+00,2.206438199999999911e-05,7.838311870000000360e-04
3.910000000000000142e+00,2.206085719999999973e-05,7.850633250000000176e-04
3.919999999999999929e+00,2.205747769999999845e-05,7.862407749999999465e-04
3.930000000000000160e+00,2.205425039999999955e-05,7.873645990000000244e-04
3.939999999999999947e+00,2.205120070000000116e-05,7.884357810000000057e-04
3.950000000000000178e+00,2.204833399999999997e-05,7.894552259999999605e-04
3.959999999999999964e+00,2.204561780000000051e-05,7.904239090000000044e-04
3.970000000000000195e+00,2.204302960000000119e-05,7.913427919999999798e-04
3.979999999999999982e+00,2.204060159999999939e-05,7.922128200000000137e-04
3.990000000000000213e+00,2.203833390000000013e-05,7.930349410000000045e-04
4.000000000000000000e+00,2.203620469999999972e-05,7.938100739999999662e-04
4.009999999999999787e+00,2.203420489999999860e-05,7.945391009999999525e-04
4.019999999999999574e+00,2.203233560000000119e-05,7.952228889999999684e-04
4.030000000000000249e+00,2.203061329999999915e-05,7.958622730000000384e-04
4.040000000000000036e+00,2.202902250000000022e-05,7.964580829999999903e-04
4.049999999999999822e+00,2.202754760000000031e-05,7.970111570000000534e-04
4.059999999999999609e+00,2.202619629999999983e-05,7.975223239999999509e-04
4.070000000000000284e+00,2.202496940000000169e-05,7.979924540000000012e-04
4.080000000000000071e+00,2.202386399999999917e-05,7.984224249999999487e-04
4.089999999999999858e+00,2.202286840000000108e-05,7.988131449999999597e-04
4.099999999999999645e+00,2.202197879999999956e-05,7.991655539999999646e-04
4.110000000000000320e+00,2.202120249999999865e-05,7.994806140000000226e-04
4.120000000000000107e+00,2.202053289999999898e-05,7.997593060000000083e-04
4.129999999999999893e+00,2.201996139999999898e-05,8.000026469999999782e-04
4.139999999999999680e+00,2.201948560000000011e-05,8.002116480000000124e-04
4.150000000000000355e+00,2.201910569999999888e-05,8.003873550000000512e-04
4.160000000000000142e+00,2.201882129999999891e-05,8.005308440000000235e-04
4.169999999999999929e+00,2.201862350000000052e-05,8.006431810000000067e-04
4.179999999999999716e+00,2.201850619999999896e-05,8.007254500000000061e-04
4.190000000000000391e+00,2.201847040000000038e-05,8.007787560000000516e-04
4.200000000000000178e+00,2.201851389999999936e-05,8.008041890000000161e-04
4.209999999999999964e+00,2.201863299999999983e-05,8.008028739999999580e-04
4.219999999999999751e+00,2.201882080000000091e-05,8.007759460000000041e-04
4.230000000000000426e+00,2.201907399999999951e-05,8.007245240000000200e-04
4.240000000000000213e+00,2.201939270000000066e-05,8.006497440000000200e-04
4.250000000000000000e+00,2.201978239999999933e-05,8.005527049999999496e-04
4.259999999999999787e+00,2.202023580000000164e-05,8.004345140000000474e-04
4.269999999999999574e+00,2.202073170000000014e-05,8.002963119999999828e-04
4.280000000000000249e+00,2.202126499999999964e-05,8.001391859999999658e-04
4.290000000000000036e+00,2.202184860000000076e-05,7.999642160000000179e-04
4.299999999999999822e+00,2.202248790000000021e-05,7.997724769999999634e-04
4.309999999999999609e+00,2.202316639999999957e-05,7.995649879999999592e-04
4.320000000000000284e+00,2.202387220000000096e-05,7.993427939999999494e-04
4.330000000000000071e+00,2.202461309999999967e-05,7.991068280000000008e-04
4.339999999999999858e+00,2.202539420000000105e-05,7.988580920000000127e-04
4.349999999999999645e+00,2.202620570000000090e-05,7.985974869999999627e-04
4.360000000000000320e+00,2.202703829999999978e-05,7.983258839999999483e-04
4.370000000000000107e+00,2.202789260000000073e-05,7.980441680000000112e-04
4.379999999999999893e+00,2.202877409999999870e-05,7.977531280000000344e-04
4.389999999999999680e+00,2.202970070000000145e-05,7.974536360000000030e-04
4.400000000000000355e+00,2.203065610000000025e-05,7.971464679999999605e-04
4.410000000000000142e+00,2.203159730000000090e-05,7.968323439999999572e-04
4.419999999999999929e+00,2.203252509999999953e-05,7.965119719999999830e-04
4.429999999999999716e+00,2.203347739999999853e-05,7.961860030000000388e-04
4.440000000000000391e+00,2.203446899999999905e-05,7.958550650000000004e-04
4.450000000000000178e+00,2.203546170000000059e-05,7.955197829999999725e-04
4.459999999999999964e+00,2.203643650000000116e-05,7.951807380000000189e-04
4.469999999999999751e+00,2.203742410000000072e-05,7.948384710000000377e-04
4.480000000000000426e+00,2.203843850000000094e-05,7.944935010000000151e-04
4.490000000000000213e+00,2.203946280000000023e-05,7.941462940000000408e-04
4.500000000000000000e+00,2.204047009999999968e-05,7.937973550000000482e-04
4.509999999999999787e+00,2.204145979999999966e-05,7.934471949999999472e-04
4.519999999999999574e+00,2.204246299999999991e-05,7.930962510000000515e-04
4.530000000000000249e+00,2.204348229999999884e-05,7.927449540000000485e-04
4.540000000000000036e+00,2.204449049999999944e-05,7.923937249999999906e-04
4.549999999999999822e+00,2.204547880000000027e-05,7.920429870000000308e-04
4.559999999999999609e+00,2.204646449999999929e-05,7.916931379999999881e-04
4.570000000000000284e+00,2.204746050000000053e-05,7.913445700000000310e-04
4.580000000000000071e+00,2.204845370000000008e-05,7.909977020000000031e-04
4.589999999999999858e+00,2.204942930000000016e-05,7.906529390000000207e-04
4.599999999999999645e+00,2.205039250000000100e-05,7.903106329999999785e-04
4.610000000000000320e+00,2.205135460000000081e-05,7.899711740000000528e-04
4.620000000000000107e+00,2.205231070000000088e-05,7.896349519999999863e-04
4.629999999999999893e+00,2.205324759999999906e-05,7.893023120000000267e-04
4.639999999999999680e+00,2.205417069999999886e-05,7.889736130000000406e-04
4.650000000000000355e+00,2.205509069999999884e-05,7.886492030000000469e-04
4.660000000000000142e+00,2.205607040000000151e-05,7.883306229999999595e-04
4.669999999999999929e+00,2.205704800000000038e-05,7.880189240000000242e-04
4.679999999999999716e+00,2.205793460000000033e-05,7.877135489999999730e-04
4.690000000000000391e+00,2.205873950000000080e-05,7.874142869999999983e-04
4.700000000000000178e+00,2.205952800000000107e-05,7.871215829999999485e-04
4.709999999999999964e+00,2.206037219999999968e-05,7.868356729999999646e-04
4.719999999999999751e+00,2.206119359999999860e-05,7.865565539999999503e-04
4.730000000000000426e+00,2.206193419999999918e-05,7.862845800000000090e-04
4.740000000000000213e+00,2.206265569999999951e-05,7.860199339999999514e-04
4.750000000000000000e+00,2.206339499999999918e-05,7.857627869999999617e-04
4.759999999999999787e+00,2.206412099999999847e-05,7.855133739999999682e-04
4.769999999999999574e+00,2.206480150000000000e-05,7.852719129999999673e-04
4.780000000000000249e+00,2.206544250000000011e-05,7.850384910000000448e-04
4.790000000000000036e+00,2.206608500000000102e-05,7.848131919999999737e-04
4.799999999999999822e+00,2.206672270000000144e-05,7.845962170000000350e-04
4.809999999999999609e+00,2.206731769999999902e-05,7.843875350000000272e-04
4.820000000000000284e+00,2.206788210000000164e-05,7.841872759999999731e-04
4.830000000000000071e+00,2.206843309999999885e-05,7.839955029999999461e-04
4.839999999999999858e+00,2.206897220000000160e-05,7.838122099999999702e-04
4.849999999999999645e+00,2.206948470000000018e-05,7.836375380000000241e-04
4.860000000000000320e+00,2.206996020000000092e-05,7.834715120000000079e-04
4.870000000000000107e+00,2.207041590000000014e-05,7.833141989999999793e-04
4.879999999999999893e+00,2.207085510000000091e-05,7.831657039999999521e-04
4.889999999999999680e+00,2.207127350000000077e-05,7.830260260000000390e-04
4.900000000000000355e+00,2.207166799999999991e-05,7.828951999999999916e-04
4.910000000000000142e+00,2.207203630000000141e-05,7.827732470000000513e-04
4.919999999999999929e+00,2.207238540000000103e-05,7.826601799999999493e-04
4.929999999999999716e+00,2.207271139999999944e-05,7.825560049999999868e-04
4.940000000000000391e+00,2.207301310000000076e-05,7.824607149999999751e-04
4.950000000000000178e+00,2.207329380000000129e-05,7.823743360000000270e-04
4.959999999999999964e+00,2.207354950000000007e-05,7.822967680000000000e-04
4.969999999999999751e+00,2.207378380000000169e-05,7.822280409999999911e-04
4.980000000000000426e+00,2.207399550000000010e-05,7.821681309999999878e-04
4.990000000000000213e+00,2.207418129999999900e-05,7.821169579999999845e-04
5.000000000000000000e+00,2.207434659999999850e-05,7.820745390000000217e-04
5.009999999999999787e+00,2.207449229999999975e-05,7.820407590000000167e-04
5.019999999999999574e+00,2.207461500000000142e-05,7.820155869999999851e-04
5.030000000000000249e+00,2.207471450000000025e-05,7.819989339999999572e-04
5.040000000000000036e+00,2.207479230000000041e-05,7.819907180000000438e-04
5.049999999999999822e+00,2.207484940000000129e-05,7.819908360000000060e-04
5.059999999999999609e+00,2.207488320000000108e-05,7.819992190000000110e-04
5.070000000000000284e+00,2.207489380000000141e-05,7.820158270000000019e-04
5.080000000000000071e+00,2.207488579999999950e-05,7.820404409999999864e-04
5.089999999999999858e+00,2.207486100000000101e-05,7.820730140000000438e-04
5.099999999999999645e+00,2.207481450000000047e-05,7.821134240000000111e-04
5.110000000000000320e+00,2.207474329999999969e-05,7.821615089999999935e-04
5.120000000000000107e+00,2.207465369999999993e-05,7.822171760000000374e-04
5.129999999999999893e+00,2.207454929999999900e-05,7.822802920000000238e-04
5.139999999999999680e+00,2.207442470000000017e-05,7.823507169999999698e-04
5.150000000000000355e+00,2.207428069999999959e-05,7.824282440000000522e-04
5.160000000000000142e+00,2.207411860000000153e-05,7.825127859999999680e-04
5.169999999999999929e+00,2.207393219999999960e-05,7.826042229999999799e-04
5.179999999999999716e+00,2.207372639999999930e-05,7.827024259999999529e-04
5.190000000000000391e+00,2.207350890000000102e-05,7.828072570000000046e-04
5.200000000000000178e+00,2.207327470000000104e-05,7.829185329999999990e-04
5.209999999999999964e+00,2.207302060000000129e-05,7.830361639999999703e-04
5.219999999999999751e+00,2.207275079999999922e-05,7.831599459999999749e-04
5.230000000000000426e+00,2.207246849999999966e-05,7.832897039999999530e-04
5.240000000000000213e+00,2.207217179999999870e-05,7.834253089999999864e-04
5.250000000000000000e+00,2.207185700000000025e-05,7.835665979999999675e-04
5.259999999999999787e+00,2.207152419999999920e-05,7.837134270000000380e-04
5.269999999999999574e+00,2.207118049999999969e-05,7.838656349999999738e-04
5.280000000000000249e+00,2.207082659999999959e-05,7.840230550000000086e-04
5.290000000000000036e+00,2.207045709999999882e-05,7.841855290000000148e-04
5.299999999999999822e+00,2.207007200000000075e-05,7.843528880000000172e-04
5.309999999999999609e+00,2.206967629999999895e-05,7.845249900000000410e-04
5.320000000000000284e+00,2.206926940000000057e-05,7.847016590000000305e-04
5.330000000000000071e+00,2.206884989999999969e-05,7.848827440000000471e-04
5.339999999999999858e+00,2.206841810000000119e-05,7.850681010000000156e-04
5.349999999999999645e+00,2.206797449999999970e-05,7.852575460000000207e-04
5.360000000000000320e+00,2.206752119999999903e-05,7.854509550000000158e-04
5.370000000000000107e+00,2.206705939999999844e-05,7.856481719999999737e-04
5.379999999999999893e+00,2.206658559999999836e-05,7.858490199999999511e-04
5.389999999999999680e+00,2.206610180000000097e-05,7.860533660000000459e-04
5.400000000000000355e+00,2.206560990000000003e-05,7.862610659999999660e-04
5.410000000000000142e+00,2.206510869999999967e-05,7.864719550000000454e-04
5.419999999999999929e+00,2.206459890000000114e-05,7.866858949999999684e-04
5.429999999999999716e+00,2.206408170000000033e-05,7.869027590000000254e-04
5.440000000000000391e+00,2.206353600000000159e-05,7.871223490000000319e-04
5.450000000000000178e+00,2.206298960000000159e-05,7.873445579999999817e-04
5.459999999999999964e+00,2.206245469999999968e-05,7.875692410000000206e-04
5.469999999999999751e+00,2.206189979999999975e-05,7.877962180000000003e-04
5.480000000000000426e+00,2.206132679999999897e-05,7.880253659999999789e-04
5.490000000000000213e+00,2.206075859999999866e-05,7.882565350000000134e-04
5.500000000000000000e+00,2.206020780000000133e-05,7.884896219999999734e-04
5.509999999999999787e+00,2.205964469999999961e-05,7.887244780000000205e-04
5.519999999999999574e+00,2.205905329999999985e-05,7.889609569999999792e-04
5.530000000000000249e+00,2.205846449999999850e-05,7.891989290000000438e-04
5.540000000000000036e+00,2.205788820000000142e-05,7.894382490000000346e-04
5.549999999999999822e+00,2.205730670000000072e-05,7.896788200000000139e-04
5.559999999999999609e+00,2.205670849999999831e-05,7.899204980000000152e-04
5.570000000000000284e+00,2.205610339999999840e-05,7.901631560000000037e-04
5.580000000000000071e+00,2.205550909999999870e-05,7.904067010000000258e-04
5.589999999999999858e+00,2.205491499999999888e-05,7.906509769999999458e-04
5.599999999999999645e+00,2.205430650000000104e-05,7.908958749999999826e-04
5.610000000000000320e+00,2.205369580000000114e-05,7.911412949999999935e-04
5.620000000000000107e+00,2.205308820000000106e-05,7.913870930000000119e-04
5.629999999999999893e+00,2.205248299999999951e-05,7.916331829999999478e-04
5.639999999999999680e+00,2.205187349999999889e-05,7.918794530000000317e-04
5.650000000000000355e+00,2.205125610000000137e-05,7.921257680000000443e-04
5.660000000000000142e+00,2.205064290000000130e-05,7.923720529999999599e-04
5.669999999999999929e+00,2.205003400000000031e-05,7.926182029999999813e-04
5.679999999999999716e+00,2.204942069999999861e-05,7.928641060000000138e-04
5.690000000000000391e+00,2.204880520000000163e-05,7.931096709999999874e-04
5.700000000000000178e+00,2.204819119999999866e-05,7.933548080000000450e-04
5.709999999999999964e+00,2.204758049999999876e-05,7.935994089999999675e-04
5.719999999999999751e+00,2.204696959999999899e-05,7.938434070000000226e-04
5.730000000000000426e+00,2.204635769999999982e-05,7.940867269999999679e-04
5.740000000000000213e+00,2.204574719999999980e-05,7.943292439999999777e-04
5.750000000000000000e+00,2.204514010000000111e-05,7.945709140000000109e-04
5.759999999999999787e+00,2.204453520000000107e-05,7.948116430000000095e-04
5.769999999999999574e+00,2.204392930000000165e-05,7.950513400000000118e-04
5.780000000000000249e+00,2.204332440000000162e-05,7.952899450000000406e-04
5.790000000000000036e+00,2.204272550000000133e-05,7.955273869999999461e-04
5.799999999999999822e+00,2.204212829999999831e-05,7.957635940000000159e-04
5.809999999999999609e+00,2.204153190000000158e-05,7.959984999999999717e-04
5.820000000000000284e+00,2.204093860000000128e-05,7.962320530000000212e-04
5.830000000000000071e+00,2.204034829999999915e-05,7.964641659999999700e-04
5.839999999999999858e+00,2.203976149999999998e-05,7.966947959999999898e-04
5.849999999999999645e+00,2.203917849999999850e-05,7.969238899999999673e-04
5.860000000000000320e+00,2.203859680000000131e-05,7.971513699999999971e-04
5.870000000000000107e+00,2.203801950000000144e-05,7.973772059999999825e-04
5.879999999999999893e+00,2.203744699999999866e-05,7.976013500000000067e-04
5.889999999999999680e+00,2.203687699999999945e-05,7.978237360000000082e-04
5.900000000000000355e+00,2.203631020000000167e-05,7.980443290000000184e-04
5.910000000000000142e+00,2.203574900000000050e-05,7.982630969999999484e-04
5.919999999999999929e+00,2.203519129999999889e-05,7.984799800000000379e-04
5.929999999999999716e+00,2.203463739999999836e-05,7.986949459999999812e-04
5.940000000000000391e+00,2.203408789999999854e-05,7.989079650000000064e-04
5.950000000000000178e+00,2.203354230000000144e-05,7.991189770000000281e-04
5.959999999999999964e+00,2.203300150000000142e-05,7.993279699999999858e-04
5.969999999999999751e+00,2.203246690000000102e-05,7.995349249999999554e-04
5.980000000000000426e+00,2.203193480000000079e-05,7.997397759999999838e-04
5.990000000000000213e+00,2.203140730000000116e-05,7.999425189999999786e-04
6.000000000000000000e+00,2.203088609999999940e-05,8.001431409999999918e-04
6.009999999999999787e+00,2.203036880000000034e-05,8.003415840000000381e-04
6.019999999999999574e+00,2.202985589999999861e-05,8.005378559999999774e-04
6.030000000000000249e+00,2.202934939999999977e-05,8.007319340000000098e-04
6.040000000000000036e+00,2.202884700000000014e-05,8.009237839999999459e-04
6.049999999999999822e+00,2.202834940000000097e-05,8.011134060000000027e-04
6.059999999999999609e+00,2.202785719999999852e-05,8.013007800000000432e-04
6.070000000000000284e+00,2.202736999999999981e-05,8.014858749999999744e-04
6.080000000000000071e+00,2.202688840000000109e-05,8.016686940000000011e-04
6.089999999999999858e+00,2.202641279999999872e-05,8.018492310000000390e-04
6.099999999999999645e+00,2.202594069999999930e-05,8.020274579999999830e-04
6.110000000000000320e+00,2.202547410000000162e-05,8.022033830000000181e-04
6.120000000000000107e+00,2.202501429999999982e-05,8.023769979999999594e-04
6.129999999999999893e+00,2.202455909999999860e-05,8.025482810000000031e-04
6.139999999999999680e+00,2.202410839999999973e-05,8.027172439999999930e-04
6.150000000000000355e+00,2.202366410000000037e-05,8.028838900000000254e-04
6.160000000000000142e+00,2.202322449999999984e-05,8.030481949999999794e-04
6.169999999999999929e+00,2.202279060000000092e-05,8.032101750000000080e-04
6.179999999999999716e+00,2.202236280000000000e-05,8.033698359999999787e-04
6.190000000000000391e+00,2.202193910000000167e-05,8.035271559999999794e-04
6.200000000000000178e+00,2.202152069999999842e-05,8.036821600000000187e-04
6.209999999999999964e+00,2.202110950000000096e-05,8.038348529999999681e-04
6.219999999999999751e+00,2.202070239999999931e-05,8.039852229999999841e-04
6.230000000000000426e+00,2.202030019999999977e-05,8.041332959999999627e-04
6.240000000000000213e+00,2.201990410000000161e-05,8.042790769999999924e-04
6.250000000000000000e+00,2.201951300000000040e-05,8.044225579999999967e-04
6.259999999999999787e+00,2.201912740000000094e-05,8.045637669999999722e-04
6.269999999999999574e+00,2.201874800000000110e-05,8.047027169999999754e-04
6.280000000000000249e+00,2.201837210000000082e-05,8.048394010000000341e-04
6.290000000000000036e+00,2.201800180000000053e-05,8.049738470000000366e-04
6.299999999999999822e+00,2.201763820000000125e-05,8.051060680000000393e-04
6.309999999999999609e+00,2.201727890000000106e-05,8.052360640000000421e-04
6.320000000000000284e+00,2.201692389999999994e-05,8.053638680000000218e-04
6.330000000000000071e+00,2.201657529999999832e-05,8.054894950000000267e-04
6.339999999999999858e+00,2.201623110000000080e-05,8.056129429999999564e-04
6.349999999999999645e+00,2.201589230000000001e-05,8.057342469999999963e-04
6.360000000000000320e+00,2.201555880000000107e-05,8.058534259999999621e-04
6.370000000000000107e+00,2.201522920000000146e-05,8.059704839999999463e-04
6.379999999999999893e+00,2.201490459999999881e-05,8.060854550000000297e-04
6.389999999999999680e+00,2.201458650000000068e-05,8.061983590000000241e-04
6.400000000000000355e+00,2.201427189999999873e-05,8.063091980000000299e-04
6.410000000000000142e+00,2.201396179999999913e-05,8.064180109999999997e-04
6.419999999999999929e+00,2.201365740000000114e-05,8.065248199999999540e-04
6.429999999999999716e+00,2.201335700000000073e-05,8.066296279999999892e-04
6.440000000000000391e+00,2.201306129999999915e-05,8.067324750000000539e-04
6.450000000000000178e+00,2.201277120000000095e-05,8.068333850000000522e-04
6.459999999999999964e+00,2.201248430000000080e-05,8.069323629999999642e-04
6.469999999999999751e+00,2.201220200000000125e-05,8.070294469999999632e-04
6.480000000000000426e+00,2.201192509999999841e-05,8.071246589999999613e-04
6.490000000000000213e+00,2.201165149999999865e-05,8.072180120000000151e-04
6.500000000000000000e+00,2.201138200000000148e-05,8.073095429999999767e-04
6.509999999999999787e+00,2.201111819999999915e-05,8.073992759999999670e-04
6.519999999999999574e+00,2.201085750000000003e-05,8.074872199999999500e-04
6.530000000000000249e+00,2.201060079999999847e-05,8.075734119999999948e-04
6.540000000000000036e+00,2.201034910000000065e-05,8.076578809999999855e-04
6.549999999999999822e+00,2.201010069999999913e-05,8.077406340000000025e-04
6.559999999999999609e+00,2.200985620000000032e-05,8.078217109999999944e-04
6.570000000000000284e+00,2.200961669999999847e-05,8.079011389999999617e-04
6.580000000000000071e+00,2.200937959999999855e-05,8.079789259999999810e-04
6.589999999999999858e+00,2.200914649999999960e-05,8.080551120000000007e-04
6.599999999999999645e+00,2.200891840000000099e-05,8.081297250000000175e-04
6.610000000000000320e+00,2.200869319999999892e-05,8.082027710000000073e-04
6.620000000000000107e+00,2.200847090000000017e-05,8.082742960000000032e-04
6.629999999999999893e+00,2.200825339999999851e-05,8.083443220000000257e-04
6.639999999999999680e+00,2.200803860000000029e-05,8.084128580000000388e-04
6.650000000000000355e+00,2.200782739999999988e-05,8.084799410000000032e-04
6.660000000000000142e+00,2.200762009999999880e-05,8.085456030000000077e-04
6.669999999999999929e+00,2.200741499999999976e-05,8.086098500000000284e-04
6.679999999999999716e+00,2.200721329999999866e-05,8.086727230000000100e-04
6.690000000000000391e+00,2.200701629999999979e-05,8.087342520000000493e-04
6.700000000000000178e+00,2.200682100000000158e-05,8.087944350000000459e-04
6.709999999999999964e+00,2.200662840000000003e-05,8.088533200000000249e-04
6.719999999999999751e+00,2.200643979999999944e-05,8.089109319999999949e-04
6.730000000000000426e+00,2.200625389999999890e-05,8.089672740000000521e-04
6.740000000000000213e+00,2.200607080000000005e-05,8.090223920000000129e-04
6.750000000000000000e+00,2.200589129999999902e-05,8.090763109999999942e-04
6.759999999999999787e+00,2.200571300000000064e-05,8.091290329999999880e-04
6.769999999999999574e+00,2.200553790000000032e-05,8.091806010000000392e-04
6.780000000000000249e+00,2.200536680000000095e-05,8.092310400000000481e-04
6.790000000000000036e+00,2.200519719999999898e-05,8.092803609999999707e-04
6.799999999999999822e+00,2.200502950000000094e-05,8.093286019999999803e-04
6.809999999999999609e+00,2.200486589999999871e-05,8.093757780000000171e-04
6.820000000000000284e+00,2.200470360000000077e-05,8.094219000000000370e-04
6.830000000000000071e+00,2.200454359999999974e-05,8.094670119999999728e-04
6.839999999999999858e+00,2.200438649999999864e-05,8.095111319999999692e-04
6.849999999999999645e+00,2.200423130000000148e-05,8.095542679999999944e-04
6.860000000000000320e+00,2.200407820000000134e-05,8.095964590000000009e-04
6.870000000000000107e+00,2.200392820000000101e-05,8.096377270000000093e-04
6.879999999999999893e+00,2.200377889999999856e-05,8.096780730000000155e-04
6.889999999999999680e+00,2.200363229999999955e-05,8.097175349999999761e-04
6.900000000000000355e+00,2.200348889999999860e-05,8.097561370000000121e-04
6.910000000000000142e+00,2.200334590000000079e-05,8.097938939999999551e-04
6.919999999999999929e+00,2.200320449999999863e-05,8.098308229999999540e-04
6.929999999999999716e+00,2.200306659999999942e-05,8.098669579999999814e-04
6.940000000000000391e+00,2.200292949999999972e-05,8.099023010000000293e-04
6.950000000000000178e+00,2.200279390000000080e-05,8.099368730000000138e-04
6.959999999999999964e+00,2.200266059999999880e-05,8.099707149999999878e-04
6.969999999999999751e+00,2.200252849999999945e-05,8.100038169999999914e-04
6.980000000000000426e+00,2.200239810000000076e-05,8.100362199999999692e-04
6.990000000000000213e+00,2.200227010000000062e-05,8.100679429999999535e-04
7.000000000000000000e+00,2.200214250000000023e-05,8.100989720000000005e-04
7.009999999999999787e+00,2.200201629999999899e-05,8.101293669999999787e-04
7.019999999999999574e+00,2.200189269999999956e-05,8.101591309999999846e-04
7.030000000000000249e+00,2.200176989999999964e-05,8.101882580000000422e-04
7.040000000000000036e+00,2.200164789999999924e-05,8.102168040000000361e-04
7.049999999999999822e+00,2.200152839999999901e-05,8.102447629999999902e-04
7.059999999999999609e+00,2.200140909999999866e-05,8.102721449999999732e-04
7.070000000000000284e+00,2.200129140000000073e-05,8.102989799999999734e-04
7.080000000000000071e+00,2.200117579999999982e-05,8.103252789999999470e-04
7.089999999999999858e+00,2.200105999999999904e-05,8.103510429999999983e-04
7.099999999999999645e+00,2.200094520000000104e-05,8.103763180000000520e-04
7.110000000000000320e+00,2.200083340000000121e-05,8.104011109999999718e-04
7.120000000000000107e+00,2.200072110000000000e-05,8.104254150000000023e-04
7.129999999999999893e+00,2.200060960000000169e-05,8.104492669999999958e-04
7.139999999999999680e+00,2.200050000000000052e-05,8.104726599999999802e-04
7.150000000000000355e+00,2.200039079999999912e-05,8.104956199999999601e-04
7.160000000000000142e+00,2.200028240000000062e-05,8.105181649999999719e-04
7.169999999999999929e+00,2.200017609999999914e-05,8.105403039999999797e-04
7.179999999999999716e+00,2.200006940000000130e-05,8.105620439999999555e-04
7.190000000000000391e+00,2.199996360000000122e-05,8.105833989999999519e-04
7.200000000000000178e+00,2.199985960000000004e-05,8.106043929999999812e-04
7.209999999999999964e+00,2.199975559999999886e-05,8.106250179999999672e-04
7.219999999999999751e+00,2.199965200000000083e-05,8.106452940000000466e-04
7.230000000000000426e+00,2.199955080000000134e-05,8.106652630000000517e-04
7.240000000000000213e+00,2.199944890000000058e-05,8.106848830000000419e-04
7.250000000000000000e+00,2.199934719999999970e-05,8.107041959999999577e-04
7.259999999999999787e+00,2.199924730000000112e-05,8.107232139999999681e-04
7.269999999999999574e+00,2.199914779999999890e-05,8.107419129999999521e-04
7.280000000000000249e+00,2.199904839999999832e-05,8.107603529999999952e-04
7.290000000000000036e+00,2.199895029999999864e-05,8.107785230000000331e-04
7.299999999999999822e+00,2.199885159999999932e-05,8.107964110000000051e-04
7.309999999999999609e+00,2.199875400000000103e-05,8.108140549999999763e-04
7.320000000000000284e+00,2.199865799999999838e-05,8.108314590000000391e-04
7.330000000000000071e+00,2.199856150000000112e-05,8.108486179999999967e-04
7.339999999999999858e+00,2.199846489999999883e-05,8.108655630000000504e-04
7.349999999999999645e+00,2.199837009999999884e-05,8.108822909999999955e-04
7.360000000000000320e+00,2.199827489999999909e-05,8.108987969999999603e-04
7.370000000000000107e+00,2.199818029999999898e-05,8.109151069999999493e-04
7.379999999999999893e+00,2.199808670000000165e-05,8.109312199999999665e-04
7.389999999999999680e+00,2.199799239999999966e-05,8.109471380000000040e-04
7.400000000000000355e+00,2.199789859999999906e-05,8.109628750000000058e-04
7.410000000000000142e+00,2.199780669999999900e-05,8.109784400000000443e-04
7.419999999999999929e+00,2.199771350000000143e-05,8.109938359999999992e-04
7.429999999999999716e+00,2.199762059999999859e-05,8.110090649999999709e-04
7.440000000000000391e+00,2.199752919999999992e-05,8.110241459999999918e-04
7.450000000000000178e+00,2.199743740000000149e-05,8.110390739999999736e-04
7.459999999999999964e+00,2.199734539999999980e-05,8.110538599999999806e-04
7.469999999999999751e+00,2.199725469999999901e-05,8.110685189999999531e-04
7.480000000000000426e+00,2.199716350000000022e-05,8.110830269999999868e-04
7.490000000000000213e+00,2.199707279999999943e-05,8.110974230000000344e-04
7.500000000000000000e+00,2.199698279999999991e-05,8.111117049999999953e-04
7.509999999999999787e+00,2.199689229999999900e-05,8.111258449999999816e-04
7.519999999999999574e+00,2.199680189999999973e-05,8.111398900000000222e-04
7.530000000000000249e+00,2.199671340000000099e-05,8.111538290000000527e-04
7.540000000000000036e+00,2.199662380000000123e-05,8.111676490000000166e-04
7.549999999999999822e+00,2.199653379999999832e-05,8.111813829999999989e-04
7.559999999999999609e+00,2.199644500000000146e-05,8.111950250000000235e-04
7.570000000000000284e+00,2.199635609999999958e-05,8.112085600000000420e-04
7.580000000000000071e+00,2.199626729999999933e-05,8.112220170000000469e-04
7.589999999999999858e+00,2.199617929999999859e-05,8.112354000000000223e-04
7.599999999999999645e+00,2.199609009999999859e-05,8.112486940000000280e-04
7.610000000000000320e+00,2.199600159999999985e-05,8.112619249999999602e-04
7.620000000000000107e+00,2.199591459999999851e-05,8.112750640000000431e-04
7.629999999999999893e+00,2.199582629999999965e-05,8.112881180000000320e-04
7.639999999999999680e+00,2.199573780000000091e-05,8.113011049999999634e-04
7.650000000000000355e+00,2.199565070000000132e-05,8.113140370000000061e-04
7.660000000000000142e+00,2.199556250000000071e-05,8.113269279999999958e-04
7.669999999999999929e+00,2.199547500000000136e-05,8.113397419999999680e-04
7.679999999999999716e+00,2.199538839999999978e-05,8.113525010000000514e-04
7.690000000000000391e+00,2.199530090000000043e-05,8.113651909999999769e-04
7.700000000000000178e+00,2.199521320000000121e-05,8.113778240000000218e-04
7.709999999999999964e+00,2.199512699999999938e-05,8.113904140000000216e-04
7.719999999999999751e+00,2.199504009999999967e-05,8.114029399999999519e-04
7.730000000000000426e+00,2.199495300000000008e-05,8.114154159999999736e-04
7.740000000000000213e+00,2.199486659999999838e-05,8.114278479999999542e-04
7.750000000000000000e+00,2.199477989999999855e-05,8.114402230000000542e-04
7.759999999999999787e+00,2.199469310000000047e-05,8.114525599999999807e-04
7.769999999999999574e+00,2.199460770000000154e-05,8.114648630000000432e-04
7.780000000000000249e+00,2.199452120000000159e-05,8.114771050000000241e-04
7.790000000000000036e+00,2.199443479999999988e-05,8.114893120000000364e-04
7.799999999999999822e+00,2.199434960000000083e-05,8.115014859999999637e-04
7.809999999999999609e+00,2.199426359999999888e-05,8.115136089999999865e-04
7.820000000000000284e+00,2.199417749999999869e-05,8.115257010000000246e-04
7.830000000000000071e+00,2.199409280000000103e-05,8.115377540000000018e-04
7.839999999999999858e+00,2.199400679999999908e-05,8.115497559999999659e-04
7.849999999999999645e+00,2.199392129999999852e-05,8.115617199999999734e-04
7.860000000000000320e+00,2.199383689999999899e-05,8.115736529999999964e-04
7.870000000000000107e+00,2.199375169999999994e-05,8.115855419999999784e-04
7.879999999999999893e+00,2.199366639999999926e-05,8.115973989999999798e-04
7.889999999999999680e+00,2.199358250000000111e-05,8.116092240000000006e-04
7.900000000000000355e+00,2.199349760000000019e-05,8.116210029999999884e-04
7.910000000000000142e+00,2.199341289999999914e-05,8.116327499999999957e-04
7.919999999999999929e+00,2.199332909999999924e-05,8.116444660000000184e-04
7.929999999999999716e+00,2.199324460000000146e-05,8.116561389999999961e-04
7.940000000000000391e+00,2.199316010000000029e-05,8.116677819999999852e-04
7.950000000000000178e+00,2.199307720000000154e-05,8.116793969999999778e-04
7.959999999999999964e+00,2.199299310000000013e-05,8.116909619999999534e-04
7.969999999999999751e+00,2.199290899999999872e-05,8.117025000000000368e-04
7.980000000000000426e+00,2.199282609999999997e-05,8.117140090000000193e-04
7.990000000000000213e+00,2.199274289999999970e-05,8.117254669999999887e-04
8.000000000000000000e+00,2.199265940000000132e-05,8.117368979999999576e-04
8.009999999999999787e+00,2.199257689999999893e-05,8.117483050000000224e-04
8.019999999999999574e+00,2.199249360000000042e-05,8.117596599999999697e-04
8.029999999999999361e+00,2.199241099999999980e-05,8.117709689999999924e-04
8.039999999999999147e+00,2.199232899999999880e-05,8.117822659999999546e-04
8.050000000000000711e+00,2.199224610000000005e-05,8.117935120000000122e-04
8.060000000000000497e+00,2.199216329999999954e-05,8.118047279999999729e-04
8.070000000000000284e+00,2.199208239999999958e-05,8.118159240000000134e-04
8.080000000000000071e+00,2.199200050000000022e-05,8.118270539999999924e-04
8.089999999999999858e+00,2.199191820000000110e-05,8.118381529999999869e-04
8.099999999999999645e+00,2.199183679999999974e-05,8.118492100000000407e-04
8.109999999999999432e+00,2.199175539999999839e-05,8.118602240000000496e-04
8.119999999999999218e+00,2.199167429999999854e-05,8.118712059999999694e-04
8.130000000000000782e+00,2.199159409999999984e-05,8.118821570000000131e-04
8.140000000000000568e+00,2.199151249999999861e-05,8.118930519999999554e-04
8.150000000000000355e+00,2.199143150000000039e-05,8.119039160000000215e-04
8.160000000000000142e+00,2.199135210000000121e-05,8.119147470000000026e-04
8.169999999999999929e+00,2.199127169999999924e-05,8.119255190000000027e-04
8.179999999999999716e+00,2.199119099999999915e-05,8.119362630000000062e-04
8.189999999999999503e+00,2.199111210000000136e-05,8.119469609999999766e-04
8.199999999999999289e+00,2.199103249999999891e-05,8.119576080000000425e-04
8.210000000000000853e+00,2.199095289999999984e-05,8.119682139999999469e-04
8.220000000000000639e+00,2.199087410000000030e-05,8.119787750000000311e-04
8.230000000000000426e+00,2.199079490000000099e-05,8.119892879999999818e-04
8.240000000000000213e+00,2.199071599999999981e-05,8.119997540000000119e-04
8.250000000000000000e+00,2.199063850000000116e-05,8.120101779999999931e-04
8.259999999999999787e+00,2.199055979999999986e-05,8.120205489999999691e-04
8.269999999999999574e+00,2.199048140000000006e-05,8.120308700000000365e-04
8.279999999999999361e+00,2.199040430000000118e-05,8.120411530000000390e-04
8.289999999999999147e+00,2.199032659999999926e-05,8.120513759999999559e-04
8.300000000000000711e+00,2.199024879999999911e-05,8.120615580000000366e-04
8.310000000000000497e+00,2.199017240000000149e-05,8.120716969999999639e-04
8.320000000000000284e+00,2.199009529999999921e-05,8.120817609999999740e-04
8.330000000000000071e+00,2.199001820000000032e-05,8.120917900000000156e-04
8.339999999999999858e+00,2.198994230000000071e-05,8.121017750000000162e-04
8.349999999999999645e+00,2.198986609999999958e-05,8.121116820000000031e-04
8.359999999999999432e+00,2.198979009999999832e-05,8.121215490000000415e-04
8.369999999999999218e+00,2.198971529999999973e-05,8.121313730000000349e-04
8.380000000000000782e+00,2.198963940000000012e-05,8.121411319999999627e-04
8.390000000000000568e+00,2.198956410000000013e-05,8.121508449999999659e-04
8.400000000000000355e+00,2.198949019999999930e-05,8.121604940000000080e-04
8.410000000000000142e+00,2.198941540000000071e-05,8.121700799999999765e-04
8.419999999999999929e+00,2.198934039999999885e-05,8.121796259999999965e-04
8.429999999999999716e+00,2.198926739999999916e-05,8.121891090000000514e-04
8.439999999999999503e+00,2.198919340000000009e-05,8.121985370000000008e-04
8.449999999999999289e+00,2.198911960000000089e-05,8.122079140000000455e-04
8.460000000000000853e+00,2.198904689999999932e-05,8.122172290000000128e-04
8.470000000000000639e+00,2.198897369999999976e-05,8.122264790000000229e-04
8.480000000000000426e+00,2.198890070000000007e-05,8.122356770000000240e-04
8.490000000000000213e+00,2.198882940000000105e-05,8.122448190000000319e-04
8.500000000000000000e+00,2.198875689999999937e-05,8.122538949999999784e-04
8.509999999999999787e+00,2.198868469999999919e-05,8.122629069999999637e-04
8.519999999999999574e+00,2.198861379999999993e-05,8.122718660000000524e-04
8.529999999999999361e+00,2.198854239999999927e-05,8.122807649999999472e-04
8.539999999999999147e+00,2.198847119999999849e-05,8.122895999999999892e-04
8.550000000000000711e+00,2.198840149999999849e-05,8.122983889999999983e-04
8.560000000000000497e+00,2.198833070000000086e-05,8.123071009999999897e-04
8.570000000000000284e+00,2.198826020000000135e-05,8.123157559999999921e-04
8.580000000000000071e+00,2.198819139999999911e-05,8.123243599999999814e-04
8.589999999999999858e+00,2.198812220000000050e-05,8.123328849999999612e-04
8.599999999999999645e+00,2.198805279999999863e-05,8.123413590000000363e-04
8.609999999999999432e+00,2.198798459999999941e-05,8.123497799999999979e-04
8.619999999999999218e+00,2.198791589999999881e-05,8.123581129999999859e-04
8.630000000000000782e+00,2.198784780000000123e-05,8.123663919999999728e-04
8.640000000000000568e+00,2.198778080000000128e-05,8.123746199999999466e-04
8.650000000000000355e+00,2.198771310000000007e-05,8.123827759999999914e-04
8.660000000000000142e+00,2.198764570000000037e-05,8.123908760000000430e-04
8.669999999999999929e+00,2.198758009999999958e-05,8.123989100000000331e-04
8.679999999999999716e+00,2.198751320000000127e-05,8.124068729999999816e-04
8.689999999999999503e+00,2.198744640000000120e-05,8.124147709999999731e-04
8.699999999999999289e+00,2.198738120000000016e-05,8.124226159999999594e-04
8.710000000000000853e+00,2.198731590000000088e-05,8.124303880000000207e-04
8.720000000000000639e+00,2.198725069999999984e-05,8.124381029999999844e-04
8.730000000000000426e+00,2.198718679999999971e-05,8.124457619999999550e-04
8.740000000000000213e+00,2.198712199999999843e-05,8.124533360000000485e-04
8.750000000000000000e+00,2.198705780000000017e-05,8.124608570000000285e-04
8.759999999999999787e+00,2.198699489999999943e-05,8.124683200000000233e-04
8.769999999999999574e+00,2.198693159999999893e-05,8.124757069999999966e-04
8.779999999999999361e+00,2.198686840000000007e-05,8.124830349999999889e-04
8.789999999999999147e+00,2.198680680000000023e-05,8.124903079999999840e-04
8.800000000000000711e+00,2.198674420000000100e-05,8.124975080000000540e-04
8.810000000000000497e+00,2.198668200000000153e-05,8.125046389999999660e-04
8.820000000000000284e+00,2.198662129999999945e-05,8.125117120000000014e-04
8.830000000000000071e+00,2.198655989999999950e-05,8.125187280000000477e-04
8.839999999999999858e+00,2.198649909999999917e-05,8.125256639999999799e-04
8.849999999999999645e+00,2.198643970000000139e-05,8.125325460000000196e-04
8.859999999999999432e+00,2.198637899999999931e-05,8.125393800000000341e-04
8.869999999999999218e+00,2.198631910000000013e-05,8.125461340000000431e-04
8.880000000000000782e+00,2.198626079999999998e-05,8.125528259999999746e-04
8.890000000000000568e+00,2.198620199999999845e-05,8.125594550000000494e-04
8.900000000000000355e+00,2.198614300000000042e-05,8.125660060000000021e-04
8.910000000000000142e+00,2.198608529999999990e-05,8.125725199999999943e-04
8.919999999999999929e+00,2.198602739999999951e-05,8.125789680000000334e-04
8.929999999999999716e+00,2.198597000000000051e-05,8.125853389999999465e-04
8.939999999999999503e+00,2.198591340000000103e-05,8.125916730000000074e-04
8.949999999999999289e+00,2.198585630000000015e-05,8.125979219999999743e-04
8.960000000000000853e+00,2.198579970000000066e-05,8.126041129999999561e-04
8.970000000000000639e+00,2.198574479999999845e-05,8.126102619999999973e-04
8.980000000000000426e+00,2.198568890000000023e-05,8.126163290000000409e-04
8.990000000000000213e+00,2.198563310000000026e-05,8.126223399999999829e-04
9.000000000000000000e+00,2.198557889999999931e-05,8.126282980000000284e-04
9.009999999999999787e+00,2.198552429999999861e-05,8.126341840000000363e-04
9.019999999999999574e+00,2.198546970000000129e-05,8.126400260000000032e-04
9.029999999999999361e+00,2.198541689999999950e-05,8.126458109999999809e-04
9.039999999999999147e+00,2.198536319999999994e-05,8.126515119999999691e-04
9.050000000000000711e+00,2.198530979999999851e-05,8.126571750000000007e-04
9.060000000000000497e+00,2.198525790000000125e-05,8.126627820000000392e-04
9.070000000000000284e+00,2.198520560000000084e-05,8.126683119999999518e-04
9.080000000000000071e+00,2.198515350000000031e-05,8.126738010000000281e-04
9.089999999999999858e+00,2.198510279999999894e-05,8.126792330000000069e-04
9.099999999999999645e+00,2.198505110000000155e-05,8.126846060000000047e-04
9.109999999999999432e+00,2.198500020000000030e-05,8.126899140000000453e-04
9.119999999999999218e+00,2.198495059999999994e-05,8.126951570000000204e-04
9.130000000000000782e+00,2.198490029999999832e-05,8.127003549999999585e-04
9.140000000000000568e+00,2.198485019999999997e-05,8.127055019999999920e-04
9.150000000000000355e+00,2.198480190000000052e-05,8.127106139999999484e-04
9.160000000000000142e+00,2.198475289999999980e-05,8.127156450000000117e-04
9.169999999999999929e+00,2.198470400000000072e-05,8.127206149999999935e-04
9.179999999999999716e+00,2.198465630000000091e-05,8.127255430000000346e-04
9.189999999999999503e+00,2.198460869999999934e-05,8.127304000000000342e-04
9.199999999999999289e+00,2.198456130000000104e-05,8.127352189999999688e-04
9.210000000000000853e+00,2.198451509999999862e-05,8.127399879999999948e-04
9.220000000000000639e+00,2.198446779999999856e-05,8.127446970000000437e-04
9.230000000000000426e+00,2.198442139999999965e-05,8.127493579999999591e-04
9.240000000000000213e+00,2.198437659999999977e-05,8.127539760000000463e-04
9.250000000000000000e+00,2.198433109999999862e-05,8.127585319999999476e-04
9.259999999999999787e+00,2.198428540000000098e-05,8.127630390000000447e-04
9.269999999999999574e+00,2.198424129999999898e-05,8.127675119999999524e-04
9.279999999999999361e+00,2.198419680000000061e-05,8.127719130000000394e-04
9.289999999999999147e+00,2.198415280000000024e-05,8.127762699999999769e-04
9.300000000000000711e+00,2.198410970000000102e-05,8.127805839999999778e-04
9.310000000000000497e+00,2.198406619999999866e-05,8.127848509999999497e-04
9.320000000000000284e+00,2.198402329999999931e-05,8.127890539999999605e-04
9.330000000000000071e+00,2.198398199999999900e-05,8.127932130000000387e-04
9.339999999999999858e+00,2.198393929999999954e-05,8.127973440000000119e-04
9.349999999999999645e+00,2.198389719999999971e-05,8.128014160000000040e-04
9.359999999999999432e+00,2.198385689999999879e-05,8.128054470000000515e-04
9.369999999999999218e+00,2.198381589999999998e-05,8.128094299999999656e-04
9.380000000000000782e+00,2.198377490000000118e-05,8.128133579999999910e-04
9.390000000000000568e+00,2.198373550000000141e-05,8.128172580000000199e-04
9.400000000000000355e+00,2.198369540000000036e-05,8.128211080000000317e-04
9.410000000000000142e+00,2.198365589999999896e-05,8.128249050000000385e-04
9.419999999999999929e+00,2.198361729999999869e-05,8.128286740000000487e-04
9.429999999999999716e+00,2.198357849999999856e-05,8.128323849999999655e-04
9.439999999999999503e+00,2.198353990000000168e-05,8.128360550000000460e-04
9.449999999999999289e+00,2.198350279999999882e-05,8.128396990000000136e-04
9.460000000000000853e+00,2.198346480000000158e-05,8.128432820000000081e-04
9.470000000000000639e+00,2.198342720000000071e-05,8.128468320000000261e-04
9.480000000000000426e+00,2.198339099999999899e-05,8.128503469999999670e-04
9.490000000000000213e+00,2.198335449999999915e-05,8.128538060000000233e-04
9.500000000000000000e+00,2.198331799999999931e-05,8.128572329999999907e-04
9.509999999999999787e+00,2.198328309999999849e-05,8.128606299999999694e-04
9.519999999999999574e+00,2.198324729999999992e-05,8.128639719999999512e-04
9.529999999999999361e+00,2.198321190000000110e-05,8.128672840000000527e-04
9.539999999999999147e+00,2.198317790000000143e-05,8.128705639999999569e-04
9.550000000000000711e+00,2.198314340000000037e-05,8.128737899999999685e-04
9.560000000000000497e+00,2.198310900000000095e-05,8.128769990000000480e-04
9.570000000000000284e+00,2.198307620000000055e-05,8.128801649999999740e-04
9.580000000000000071e+00,2.198304260000000064e-05,8.128832670000000473e-04
9.589999999999999858e+00,2.198300909999999897e-05,8.128863640000000322e-04
9.599999999999999645e+00,2.198297699999999985e-05,8.128894169999999761e-04
9.609999999999999432e+00,2.198294479999999908e-05,8.128924200000000114e-04
9.619999999999999218e+00,2.198291259999999832e-05,8.128954070000000021e-04
9.630000000000000782e+00,2.198288180000000010e-05,8.128983560000000363e-04
9.640000000000000568e+00,2.198284979999999921e-05,8.129012779999999615e-04
9.650000000000000355e+00,2.198281869999999948e-05,8.129041630000000346e-04
9.660000000000000142e+00,2.198278899999999889e-05,8.129070120000000347e-04
9.669999999999999929e+00,2.198275829999999891e-05,8.129098239999999658e-04
9.679999999999999716e+00,2.198272770000000057e-05,8.129126070000000127e-04
9.689999999999999503e+00,2.198269899999999937e-05,8.129153650000000512e-04
9.699999999999999289e+00,2.198266949999999866e-05,8.129180820000000366e-04
9.710000000000000853e+00,2.198264020000000122e-05,8.129207740000000135e-04
9.720000000000000639e+00,2.198261200000000142e-05,8.129234330000000138e-04
9.730000000000000426e+00,2.198258339999999847e-05,8.129260580000000416e-04
9.740000000000000213e+00,2.198255499999999878e-05,8.129286559999999605e-04
9.750000000000000000e+00,2.198252809999999988e-05,8.129312380000000516e-04
9.759999999999999787e+00,2.198250009999999996e-05,8.129337740000000014e-04
9.769999999999999574e+00,2.198247249999999979e-05,8.129362789999999665e-04
9.779999999999999361e+00,2.198244620000000052e-05,8.129387739999999717e-04
9.789999999999999147e+00,2.198241959999999975e-05,8.129412230000000522e-04
9.800000000000000711e+00,2.198239290000000073e-05,8.129436509999999998e-04
9.810000000000000497e+00,2.198236749999999922e-05,8.129460630000000113e-04
9.820000000000000284e+00,2.198234130000000159e-05,8.129484329999999738e-04
9.830000000000000071e+00,2.198231550000000033e-05,8.129507860000000042e-04
9.839999999999999858e+00,2.198229110000000160e-05,8.129531130000000301e-04
9.849999999999999645e+00,2.198226589999999997e-05,8.129554029999999870e-04
9.859999999999999432e+00,2.198224069999999835e-05,8.129576780000000039e-04
9.869999999999999218e+00,2.198221729999999901e-05,8.129599339999999882e-04
9.880000000000000782e+00,2.198219290000000029e-05,8.129621520000000160e-04
9.890000000000000568e+00,2.198216870000000144e-05,8.129643500000000153e-04
9.900000000000000355e+00,2.198214560000000023e-05,8.129665269999999900e-04
9.910000000000000142e+00,2.198212209999999926e-05,8.129686699999999922e-04
9.919999999999999929e+00,2.198209880000000157e-05,8.129707959999999539e-04
9.929999999999999716e+00,2.198207700000000126e-05,8.129729079999999716e-04
9.939999999999999503e+00,2.198205400000000168e-05,8.129749850000000206e-04
9.949999999999999289e+00,2.198203130000000023e-05,8.129770400000000492e-04
9.960000000000000853e+00,2.198200989999999968e-05,8.129790840000000133e-04
9.970000000000000639e+00,2.198198809999999938e-05,8.129810969999999928e-04
9.980000000000000426e+00,2.198196620000000083e-05,8.129830889999999479e-04
9.990000000000000213e+00,2.198194559999999979e-05,8.129850689999999509e-04
1.000000000000000000e+01,2.198192410000000100e-05,8.129870179999999693e-04
1.000999999999999979e+01,2.198190330000000009e-05,8.129889459999999632e-04
1.001999999999999957e+01,2.198188340000000032e-05,8.129908570000000251e-04
1.002999999999999936e+01,2.198186279999999929e-05,8.129927399999999820e-04
1.003999999999999915e+01,2.198184229999999988e-05,8.129946040000000148e-04
1.005000000000000071e+01,2.198182350000000114e-05,8.129964730000000276e-04
1.006000000000000050e+01,2.198180360000000138e-05,8.129982910000000274e-04
1.007000000000000028e+01,2.198178359999999998e-05,8.130000909999999907e-04
1.008000000000000007e+01,2.198176500000000112e-05,8.130019069999999985e-04
1.008999999999999986e+01,2.198174610000000074e-05,8.130036789999999652e-04
1.009999999999999964e+01,2.198172720000000037e-05,8.130054310000000119e-04
1.010999999999999943e+01,2.198170929999999939e-05,8.130071779999999701e-04
1.011999999999999922e+01,2.198169050000000065e-05,8.130088909999999558e-04
1.013000000000000078e+01,2.198167250000000142e-05,8.130105820000000294e-04
1.014000000000000057e+01,2.198165529999999832e-05,8.130122739999999905e-04
1.015000000000000036e+01,2.198163720000000085e-05,8.130139339999999711e-04
1.016000000000000014e+01,2.198161920000000162e-05,8.130155939999999517e-04
1.016999999999999993e+01,2.198160300000000130e-05,8.130172499999999483e-04
1.017999999999999972e+01,2.198158569999999996e-05,8.130188590000000243e-04
1.018999999999999950e+01,2.198156830000000037e-05,8.130204719999999758e-04
1.019999999999999929e+01,2.198155220000000168e-05,8.130220669999999993e-04
1.021000000000000085e+01,2.198153580000000148e-05,8.130236300000000423e-04
1.022000000000000064e+01,2.198151909999999977e-05,8.130251949999999688e-04
1.023000000000000043e+01,2.198150380000000060e-05,8.130267399999999752e-04
1.024000000000000021e+01,2.198148740000000040e-05,8.130282639999999571e-04
1.025000000000000000e+01,2.198147150000000159e-05,8.130297749999999910e-04
1.025999999999999979e+01,2.198145670000000042e-05,8.130312719999999724e-04
1.026999999999999957e+01,2.198144109999999974e-05,8.130327619999999818e-04
1.027999999999999936e+01,2.198142549999999905e-05,8.130342269999999826e-04
1.028999999999999915e+01,2.198141139999999915e-05,8.130356909999999875e-04
1.030000000000000071e+01,2.198139620000000161e-05,8.130371369999999558e-04
1.031000000000000050e+01,2.198138129999999881e-05,8.130385580000000240e-04
1.032000000000000028e+01,2.198136750000000042e-05,8.130399740000000038e-04
1.033000000000000007e+01,2.198135300000000076e-05,8.130413699999999551e-04
1.033999999999999986e+01,2.198133850000000110e-05,8.130427650000000188e-04
1.034999999999999964e+01,2.198132549999999883e-05,8.130441500000000141e-04
1.035999999999999943e+01,2.198131139999999893e-05,8.130455050000000208e-04
1.036999999999999922e+01,2.198129740000000066e-05,8.130468560000000434e-04
1.038000000000000078e+01,2.198128460000000166e-05,8.130482039999999697e-04
1.039000000000000057e+01,2.198127130000000128e-05,8.130495170000000358e-04
1.040000000000000036e+01,2.198125789999999925e-05,8.130508289999999975e-04
1.041000000000000014e+01,2.198124580000000152e-05,8.130521460000000476e-04
1.041999999999999993e+01,2.198123290000000089e-05,8.130534290000000167e-04
1.042999999999999972e+01,2.198122029999999839e-05,8.130546909999999614e-04
1.043999999999999950e+01,2.198120849999999878e-05,8.130559750000000349e-04
1.044999999999999929e+01,2.198119620000000117e-05,8.130572270000000195e-04
1.046000000000000085e+01,2.198118410000000005e-05,8.130584619999999636e-04
1.047000000000000064e+01,2.198117329999999984e-05,8.130597010000000001e-04
1.048000000000000043e+01,2.198116139999999860e-05,8.130609190000000121e-04
1.049000000000000021e+01,2.198114990000000051e-05,8.130621340000000362e-04
1.050000000000000000e+01,2.198113950000000005e-05,8.130633310000000237e-04
1.050999999999999979e+01,2.198112830000000008e-05,8.130645139999999587e-04
1.051999999999999957e+01,2.198111690000000023e-05,8.130656900000000301e-04
1.052999999999999936e+01,2.198110729999999929e-05,8.130668759999999532e-04
1.053999999999999915e+01,2.198109660000000071e-05,8.130680349999999841e-04
1.055000000000000071e+01,2.198108600000000037e-05,8.130691789999999666e-04
1.056000000000000050e+01,2.198107639999999943e-05,8.130703229999999490e-04
1.057000000000000028e+01,2.198106619999999885e-05,8.130714410000000354e-04
1.058000000000000007e+01,2.198105590000000003e-05,8.130725649999999893e-04
1.058999999999999986e+01,2.198104700000000036e-05,8.130736829999999672e-04
1.059999999999999964e+01,2.198103699999999966e-05,8.130747780000000370e-04
1.060999999999999943e+01,2.198102730000000047e-05,8.130758700000000104e-04
1.061999999999999922e+01,2.198101869999999892e-05,8.130769560000000078e-04
1.063000000000000078e+01,2.198100930000000124e-05,8.130780199999999847e-04
1.064000000000000057e+01,2.198099970000000030e-05,8.130790859999999535e-04
1.065000000000000036e+01,2.198099149999999851e-05,8.130801500000000388e-04
1.066000000000000014e+01,2.198098230000000071e-05,8.130811900000000031e-04
1.066999999999999993e+01,2.198097320000000116e-05,8.130822249999999874e-04
1.067999999999999972e+01,2.198096510000000100e-05,8.130832569999999837e-04
1.068999999999999950e+01,2.198095640000000120e-05,8.130842699999999475e-04
1.069999999999999929e+01,2.198094759999999977e-05,8.130852790000000357e-04
1.071000000000000085e+01,2.198094000000000100e-05,8.130862870000000195e-04
1.072000000000000064e+01,2.198093130000000121e-05,8.130872769999999668e-04
1.073000000000000043e+01,2.198092289999999954e-05,8.130882610000000465e-04
1.074000000000000021e+01,2.198091550000000064e-05,8.130892410000000337e-04
1.075000000000000000e+01,2.198090720000000061e-05,8.130902099999999565e-04
1.075999999999999979e+01,2.198089879999999893e-05,8.130911750000000037e-04
1.076999999999999957e+01,2.198089190000000143e-05,8.130921269999999944e-04
1.077999999999999936e+01,2.198088380000000127e-05,8.130930700000000210e-04
1.078999999999999915e+01,2.198087579999999936e-05,8.130940089999999553e-04
1.080000000000000071e+01,2.198086880000000022e-05,8.130949420000000219e-04
1.081000000000000050e+01,2.198086109999999982e-05,8.130958580000000480e-04
1.082000000000000028e+01,2.198085330000000117e-05,8.130967709999999777e-04
1.083000000000000007e+01,2.198084660000000016e-05,8.130976850000000119e-04
1.083999999999999986e+01,2.198083889999999976e-05,8.130985839999999975e-04
1.084999999999999964e+01,2.198083150000000087e-05,8.130994780000000031e-04
1.085999999999999943e+01,2.198082490000000149e-05,8.131003660000000327e-04
1.086999999999999922e+01,2.198081749999999921e-05,8.131012390000000138e-04
1.088000000000000078e+01,2.198080999999999869e-05,8.131021080000000109e-04
1.089000000000000057e+01,2.198080390000000070e-05,8.131029799999999960e-04
1.090000000000000036e+01,2.198079649999999842e-05,8.131038340000000531e-04
1.091000000000000014e+01,2.198078929999999941e-05,8.131046870000000057e-04
1.091999999999999993e+01,2.198078309999999978e-05,8.131055339999999822e-04
1.092999999999999972e+01,2.198077619999999890e-05,8.131063590000000467e-04
1.093999999999999950e+01,2.198076899999999988e-05,8.131071909999999748e-04
1.094999999999999929e+01,2.198076300000000014e-05,8.131080259999999994e-04
1.096000000000000085e+01,2.198075609999999925e-05,8.131088380000000074e-04
1.097000000000000064e+01,2.198074930000000000e-05,8.131096549999999954e-04
1.098000000000000043e+01,2.198074339999999850e-05,8.131104630000000194e-04
1.099000000000000021e+01,2.198073659999999924e-05,8.131112490000000229e-04
1.100000000000000000e+01,2.198072969999999835e-05,8.131120449999999864e-04
1.100999999999999979e+01,2.198072420000000000e-05,8.131128339999999779e-04
1.101999999999999957e+01,2.198071760000000062e-05,8.131136030000000493e-04
1.102999999999999936e+01,2.198071089999999961e-05,8.131143740000000043e-04
1.103999999999999915e+01,2.198070529999999963e-05,8.131151429999999673e-04
1.105000000000000071e+01,2.198069890000000013e-05,8.131158940000000022e-04
1.106000000000000050e+01,2.198069239999999900e-05,8.131166480000000252e-04
1.107000000000000028e+01,2.198068699999999889e-05,8.131174040000000401e-04
1.108000000000000007e+01,2.198068039999999951e-05,8.131181440000000106e-04
1.108999999999999986e+01,2.198067410000000165e-05,8.131188780000000050e-04
1.109999999999999964e+01,2.198066879999999978e-05,8.131196110000000034e-04
1.110999999999999943e+01,2.198066260000000016e-05,8.131203320000000498e-04
1.111999999999999922e+01,2.198065609999999903e-05,8.131210490000000037e-04
1.113000000000000078e+01,2.198065109999999868e-05,8.131217700000000501e-04
1.114000000000000057e+01,2.198064489999999906e-05,8.131224719999999555e-04
1.115000000000000036e+01,2.198063869999999944e-05,8.131231719999999774e-04
1.116000000000000014e+01,2.198063340000000097e-05,8.131238729999999953e-04
1.116999999999999993e+01,2.198062749999999947e-05,8.131245490000000046e-04
1.117999999999999972e+01,2.198062140000000148e-05,8.131252309999999900e-04
1.118999999999999950e+01,2.198061660000000101e-05,8.131259139999999714e-04
1.119999999999999929e+01,2.198061049999999964e-05,8.131265790000000247e-04
1.121000000000000085e+01,2.198060449999999989e-05,8.131272479999999536e-04
1.122000000000000064e+01,2.198059960000000118e-05,8.131279090000000228e-04
1.123000000000000043e+01,2.198059389999999956e-05,8.131285530000000516e-04
1.124000000000000021e+01,2.198058789999999982e-05,8.131292130000000165e-04
1.125000000000000000e+01,2.198058329999999922e-05,8.131298670000000053e-04
1.125999999999999979e+01,2.198057760000000099e-05,8.131304999999999696e-04
1.126999999999999957e+01,2.198057189999999938e-05,8.131311469999999864e-04
1.127999999999999936e+01,2.198056720000000054e-05,8.131317789999999547e-04
1.128999999999999915e+01,2.198056169999999880e-05,8.131323969999999790e-04
1.130000000000000071e+01,2.198055609999999881e-05,8.131330219999999753e-04
1.131000000000000050e+01,2.198055190000000136e-05,8.131336310000000355e-04
1.132000000000000028e+01,2.198054630000000138e-05,8.131342340000000113e-04
1.133000000000000007e+01,2.198054079999999964e-05,8.131348389999999791e-04
1.133999999999999986e+01,2.198053639999999893e-05,8.131354319999999948e-04
1.134999999999999964e+01,2.198053119999999870e-05,8.131360309999999866e-04
1.135999999999999943e+01,2.198052590000000022e-05,8.131366200000000183e-04
1.136999999999999922e+01,2.198052169999999939e-05,8.131372200000000060e-04
1.138000000000000078e+01,2.198051629999999928e-05,8.131378120000000258e-04
1.139000000000000057e+01,2.198051129999999893e-05,8.131383689999999685e-04
1.140000000000000036e+01,2.198050710000000148e-05,8.131389439999999478e-04
1.141000000000000014e+01,2.198050199999999950e-05,8.131395180000000394e-04
1.141999999999999993e+01,2.198049699999999915e-05,8.131400779999999702e-04
1.142999999999999972e+01,2.198049320000000146e-05,8.131406409999999974e-04
1.143999999999999950e+01,2.198048800000000123e-05,8.131411899999999721e-04
1.144999999999999929e+01,2.198048309999999913e-05,8.131417349999999628e-04
1.146000000000000085e+01,2.198047919999999980e-05,8.131422880000000299e-04
1.147000000000000064e+01,2.198047470000000084e-05,8.131428169999999761e-04
1.148000000000000043e+01,2.198046970000000049e-05,8.131433530000000028e-04
1.149000000000000021e+01,2.198046600000000105e-05,8.131438950000000054e-04
1.150000000000000000e+01,2.198046140000000045e-05,8.131444070000000196e-04
1.150999999999999979e+01,2.198045679999999986e-05,8.131449260000000057e-04
1.151999999999999957e+01,2.198045299999999878e-05,8.131454529999999599e-04
1.152999999999999936e+01,2.198044840000000158e-05,8.131459619999999860e-04
1.153999999999999915e+01,2.198044409999999911e-05,8.131464690000000202e-04
1.155000000000000071e+01,2.198044090000000105e-05,8.131469719999999618e-04
1.156000000000000050e+01,2.198043599999999895e-05,8.131474639999999475e-04
1.157000000000000028e+01,2.198043149999999999e-05,8.131479620000000175e-04
1.158000000000000007e+01,2.198042840000000018e-05,8.131484629999999672e-04
1.158999999999999986e+01,2.198042439999999922e-05,8.131489499999999728e-04
1.159999999999999964e+01,2.198041979999999863e-05,8.131494250000000264e-04
1.160999999999999943e+01,2.198041649999999894e-05,8.131499070000000520e-04
1.161999999999999922e+01,2.198041230000000149e-05,8.131503710000000410e-04
1.163000000000000078e+01,2.198040839999999878e-05,8.131508380000000182e-04
1.164000000000000057e+01,2.198040509999999909e-05,8.131513129999999633e-04
1.165000000000000036e+01,2.198040099999999989e-05,8.131517689999999843e-04
1.166000000000000014e+01,2.198039679999999905e-05,8.131522289999999894e-04
1.166999999999999993e+01,2.198039409999999900e-05,8.131526929999999785e-04
1.167999999999999972e+01,2.198039010000000143e-05,8.131531390000000395e-04
1.168999999999999950e+01,2.198038610000000047e-05,8.131535810000000081e-04
1.169999999999999929e+01,2.198038309999999891e-05,8.131540299999999487e-04
1.171000000000000085e+01,2.198037939999999946e-05,8.131544629999999533e-04
1.172000000000000064e+01,2.198037550000000014e-05,8.131548959999999578e-04
1.173000000000000043e+01,2.198037289999999833e-05,8.131553380000000348e-04
1.174000000000000021e+01,2.198036899999999901e-05,8.131557609999999709e-04
1.175000000000000000e+01,2.198036529999999956e-05,8.131561820000000234e-04
1.175999999999999979e+01,2.198036250000000126e-05,8.131566069999999515e-04
1.176999999999999957e+01,2.198035899999999831e-05,8.131570210000000319e-04
1.177999999999999936e+01,2.198035529999999886e-05,8.131574350000000040e-04
1.178999999999999915e+01,2.198035290000000032e-05,8.131578509999999680e-04
1.180000000000000071e+01,2.198034929999999912e-05,8.131582529999999880e-04
1.181000000000000050e+01,2.198034570000000131e-05,8.131586560000000040e-04
1.182000000000000028e+01,2.198034320000000113e-05,8.131590610000000120e-04
1.183000000000000007e+01,2.198033990000000144e-05,8.131594479999999835e-04
1.183999999999999986e+01,2.198033630000000024e-05,8.131598470000000155e-04
1.184999999999999964e+01,2.198033419999999982e-05,8.131602419999999550e-04
1.185999999999999943e+01,2.198033079999999850e-05,8.131606229999999505e-04
1.186999999999999922e+01,2.198032740000000057e-05,8.131610120000000224e-04
1.188000000000000078e+01,2.198032510000000027e-05,8.131613950000000099e-04
1.189000000000000057e+01,2.198032209999999871e-05,8.131617680000000374e-04
1.190000000000000036e+01,2.198031879999999902e-05,8.131621389999999644e-04
1.191000000000000014e+01,2.198031660000000035e-05,8.131625179999999679e-04
1.191999999999999993e+01,2.198031330000000067e-05,8.131628729999999588e-04
1.192999999999999972e+01,2.198031029999999910e-05,8.131632410000000062e-04
1.193999999999999950e+01,2.198030819999999868e-05,8.131636120000000417e-04
1.194999999999999929e+01,2.198030520000000051e-05,8.131639710000000167e-04
1.196000000000000085e+01,2.198030199999999906e-05,8.131643220000000236e-04
1.197000000000000064e+01,2.198030020000000016e-05,8.131646819999999946e-04
1.198000000000000043e+01,2.198029719999999859e-05,8.131650399999999735e-04
1.199000000000000021e+01,2.198029440000000029e-05,8.131653709999999520e-04
1.200000000000000000e+01,2.198029240000000151e-05,8.131657189999999709e-04
1.200999999999999979e+01,2.198028939999999994e-05,8.131660510000000537e-04
1.201999999999999957e+01,2.198028660000000164e-05,8.131663739999999557e-04
1.202999999999999936e+01,2.198028510000000086e-05,8.131667159999999986e-04
1.203999999999999915e+01,2.198028220000000093e-05,8.131670419999999970e-04
1.205000000000000071e+01,2.198027939999999924e-05,8.131673650000000074e-04
1.206000000000000050e+01,2.198027749999999870e-05,8.131676989999999739e-04
1.207000000000000028e+01,2.198027519999999841e-05,8.131680100000000322e-04
1.208000000000000007e+01,2.198027240000000011e-05,8.131683269999999582e-04
1.208999999999999986e+01,2.198027080000000108e-05,8.131686519999999606e-04
1.209999999999999964e+01,2.198026810000000103e-05,8.131689610000000269e-04
1.210999999999999943e+01,2.198026560000000085e-05,8.131692739999999689e-04
1.211999999999999922e+01,2.198026410000000007e-05,8.131695830000000352e-04
1.213000000000000078e+01,2.198026170000000153e-05,8.131698830000000291e-04
1.214000000000000057e+01,2.198025889999999984e-05,8.131701790000000389e-04
1.215000000000000036e+01,2.198025770000000057e-05,8.131704840000000128e-04
1.216000000000000014e+01,2.198025529999999864e-05,8.131707719999999463e-04
1.216999999999999993e+01,2.198025279999999847e-05,8.131710649999999681e-04
1.217999999999999972e+01,2.198025139999999932e-05,8.131713679999999500e-04
1.218999999999999950e+01,2.198024909999999902e-05,8.131716500000000158e-04
1.219999999999999929e+01,2.198024679999999872e-05,8.131719369999999532e-04
1.221000000000000085e+01,2.198024559999999945e-05,8.131722239999999990e-04
1.222000000000000064e+01,2.198024320000000091e-05,8.131725059999999564e-04
1.223000000000000043e+01,2.198024099999999886e-05,8.131727870000000262e-04
1.224000000000000021e+01,2.198023979999999959e-05,8.131730689999999836e-04
1.225000000000000000e+01,2.198023769999999917e-05,8.131733399999999850e-04
1.225999999999999979e+01,2.198023539999999888e-05,8.131736070000000023e-04
1.226999999999999957e+01,2.198023439999999948e-05,8.131738859999999717e-04
1.227999999999999936e+01,2.198023220000000082e-05,8.131741470000000130e-04
1.228999999999999915e+01,2.198023010000000040e-05,8.131744170000000183e-04
1.230000000000000071e+01,2.198022899999999938e-05,8.131746939999999957e-04
1.231000000000000050e+01,2.198022709999999884e-05,8.131749479999999565e-04
1.232000000000000028e+01,2.198022490000000017e-05,8.131752099999999938e-04
1.233000000000000007e+01,2.198022399999999903e-05,8.131754720000000311e-04
1.233999999999999986e+01,2.198022200000000024e-05,8.131757230000000039e-04
1.234999999999999964e+01,2.198022009999999970e-05,8.131759749999999728e-04
1.235999999999999943e+01,2.198021910000000031e-05,8.131762320000000301e-04
1.236999999999999922e+01,2.198021730000000140e-05,8.131764770000000269e-04
1.238000000000000078e+01,2.198021529999999923e-05,8.131767230000000197e-04
1.239000000000000057e+01,2.198021469999999960e-05,8.131769700000000085e-04
1.240000000000000036e+01,2.198021279999999906e-05,8.131771989999999608e-04
1.241000000000000014e+01,2.198021089999999852e-05,8.131774480000000501e-04
1.241999999999999993e+01,2.198021009999999900e-05,8.131776819999999824e-04
1.242999999999999972e+01,2.198020849999999997e-05,8.131779120000000392e-04
1.243999999999999950e+01,2.198020659999999944e-05,8.131781550000000440e-04
1.244999999999999929e+01,2.198020610000000143e-05,8.131783820000000043e-04
1.246000000000000085e+01,2.198020429999999914e-05,8.131786160000000450e-04
1.247000000000000064e+01,2.198020270000000011e-05,8.131788420000000094e-04
1.248000000000000043e+01,2.198020199999999884e-05,8.131790679999999737e-04
1.249000000000000021e+01,2.198020039999999981e-05,8.131792849999999739e-04
1.250000000000000000e+01,2.198019869999999915e-05,8.131795110000000467e-04
1.250999999999999979e+01,2.198019829999999940e-05,8.131797330000000270e-04
1.251999999999999957e+01,2.198019590000000086e-05,8.131803169999999702e-04
1.252999999999999936e+01,2.198019510000000134e-05,8.131804420000000129e-04
1.253999999999999915e+01,2.198019479999999983e-05,8.131802659999999572e-04
1.255000000000000071e+01,2.198019209999999978e-05,8.131805939999999476e-04
1.256000000000000050e+01,2.198019180000000165e-05,8.131807890000000358e-04
1.257000000000000028e+01,2.198019209999999978e-05,8.131810320000000406e-04
1.258000000000000007e+01,2.198018829999999870e-05,8.131816260000000523e-04
1.258999999999999986e+01,2.198018660000000142e-05,8.131817980000000156e-04
1.259999999999999964e+01,2.198018950000000136e-05,8.131813620000000230e-04
1.260999999999999943e+01,2.198018970000000123e-05,8.131815550000000108e-04
1.261999999999999922e+01,2.198018519999999889e-05,8.131821379999999580e-04
1.263000000000000078e+01,2.198018300000000022e-05,8.131821679999999466e-04
1.264000000000000057e+01,2.198018249999999883e-05,8.131824609999999684e-04
1.265000000000000036e+01,2.198018220000000071e-05,8.131829120000000095e-04
1.266000000000000014e+01,2.198018289999999859e-05,8.131828889999999930e-04
1.266999999999999993e+01,2.198018129999999956e-05,8.131830930000000452e-04
1.267999999999999972e+01,2.198017819999999975e-05,8.131834260000000156e-04
1.268999999999999950e+01,2.198017850000000126e-05,8.131836559999999639e-04
1.269999999999999929e+01,2.198017839999999963e-05,8.131839450000000018e-04
1.271000000000000085e+01,2.198017720000000036e-05,8.131839819999999623e-04
1.272000000000000064e+01,2.198017740000000024e-05,8.131838340000000116e-04
1.273000000000000043e+01,2.198017729999999861e-05,8.131837869999999826e-04
1.274000000000000021e+01,2.198017580000000121e-05,8.131841469999999536e-04
1.275000000000000000e+01,2.198017470000000019e-05,8.131842259999999632e-04
1.275999999999999979e+01,2.198017319999999940e-05,8.131843450000000298e-04
1.276999999999999957e+01,2.198017319999999940e-05,8.131848429999999914e-04
1.277999999999999936e+01,2.198017339999999928e-05,8.131849559999999736e-04
1.278999999999999915e+01,2.198016989999999971e-05,8.131853669999999576e-04
1.280000000000000071e+01,2.198016899999999857e-05,8.131854439999999752e-04
1.281000000000000050e+01,2.198017160000000038e-05,8.131855239999999808e-04
1.282000000000000028e+01,2.198017000000000135e-05,8.131859359999999608e-04
1.283000000000000007e+01,2.198016750000000117e-05,8.131858900000000362e-04
1.283999999999999986e+01,2.198016770000000105e-05,8.131859770000000138e-04
1.284999999999999964e+01,2.198016779999999930e-05,8.131861209999999805e-04
1.285999999999999943e+01,2.198016730000000129e-05,8.131862889999999598e-04
1.286999999999999922e+01,2.198016710000000142e-05,8.131863480000000493e-04
1.288000000000000078e+01,2.198016569999999888e-05,8.131865519999999931e-04
1.289000000000000057e+01,2.198016540000000075e-05,8.131867699999999893e-04
1.290000000000000036e+01,2.198016580000000051e-05,8.131867650000000093e-04
1.291000000000000014e+01,2.198016460000000124e-05,8.131869699999999491e-04
1.291999999999999993e+01,2.198016319999999870e-05,8.131871190000000043e-04
1.292999999999999972e+01,2.198016379999999834e-05,8.131873060000000160e-04
1.293999999999999950e+01,2.198016359999999846e-05,8.131873850000000256e-04
1.294999999999999929e+01,2.198016139999999980e-05,8.131876649999999910e-04
1.296000000000000085e+01,2.198016049999999865e-05,8.131880459999999864e-04
1.297000000000000064e+01,2.198016170000000131e-05,8.131878480000000187e-04
1.298000000000000043e+01,2.198016100000000004e-05,8.131882810000000232e-04
1.299000000000000021e+01,2.198015969999999914e-05,8.131886199999999697e-04
1.300000000000000000e+01,2.198015949999999926e-05,8.131881980000000296e-04
1.300999999999999979e+01,2.198016009999999889e-05,8.131884349999999500e-04
1.301999999999999957e+01,2.198016089999999841e-05,8.131886280000000461e-04
1.302999999999999936e+01,2.198015949999999926e-05,8.131886010000000456e-04
1.303999999999999915e+01,2.198015849999999987e-05,8.131886429999999862e-04
1.305000000000000071e+01,2.198015920000000113e-05,8.131887489999999963e-04
1.306000000000000050e+01,2.198015929999999938e-05,8.131889109999999995e-04
1.307000000000000028e+01,2.198015810000000011e-05,8.131890019999999612e-04
1.308000000000000007e+01,2.198015599999999969e-05,8.131894420000000461e-04
1.308999999999999986e+01,2.198015670000000096e-05,8.131894579999999822e-04
1.309999999999999964e+01,2.198015719999999896e-05,8.131896219999999774e-04
1.310999999999999943e+01,2.198015619999999957e-05,8.131900559999999780e-04
1.311999999999999922e+01,2.198015449999999891e-05,8.131899219999999713e-04
1.313000000000000078e+01,2.198015300000000151e-05,8.131902719999999822e-04
1.314000000000000057e+01,2.198015540000000006e-05,8.131904000000000129e-04
1.315000000000000036e+01,2.198015599999999969e-05,8.131903980000000209e-04
1.316000000000000014e+01,2.198015280000000164e-05,8.131907379999999633e-04
1.316999999999999993e+01,2.198015280000000164e-05,8.131907049999999868e-04
1.317999999999999972e+01,2.198015369999999939e-05,8.131907669999999559e-04
1.318999999999999950e+01,2.198015320000000139e-05,8.131909779999999801e-04
1.319999999999999929e+01,2.198015230000000024e-05,8.131911550000000318e-04
1.321000000000000085e+01,2.198015150000000073e-05,8.131911830000000284e-04
1.322000000000000064e+01,2.198015090000000110e-05,8.131915259999999588e-04
1.323000000000000043e+01,2.198015099999999934e-05,8.131918330000000332e-04
1.324000000000000021e+01,2.198015099999999934e-05,8.131916329999999650e-04
1.325000000000000000e+01,2.198015099999999934e-05,8.131918749999999738e-04
1.325999999999999979e+01,2.198015099999999934e-05,8.131920339999999889e-04
1.326999999999999957e+01,2.198015030000000146e-05,8.131919259999999868e-04
1.327999999999999936e+01,2.198015019999999983e-05,8.131920069999999884e-04
1.328999999999999915e+01,2.198015110000000097e-05,8.131920669999999655e-04
1.330000000000000071e+01,2.198015030000000146e-05,8.131921969999999882e-04
1.331000000000000050e+01,2.198014920000000043e-05,8.131922339999999487e-04
1.332000000000000028e+01,2.198014920000000043e-05,8.131926180000000406e-04
1.333000000000000007e+01,2.198014960000000019e-05,8.131927610000000113e-04
1.333999999999999986e+01,2.198014940000000031e-05,8.131924570000000334e-04
1.334999999999999964e+01,2.198014929999999868e-05,8.131927759999999514e-04
1.335999999999999943e+01,2.198014869999999904e-05,8.131929919999999557e-04
1.336999999999999922e+01,2.198014849999999917e-05,8.131930149999999722e-04
1.338000000000000078e+01,2.198014800000000116e-05,8.131934799999999573e-04
1.339000000000000057e+01,2.198014740000000153e-05,8.131934940000000098e-04
1.340000000000000036e+01,2.198014760000000141e-05,8.131933719999999552e-04
1.341000000000000014e+01,2.198014860000000080e-05,8.131935329999999624e-04
1.341999999999999993e+01,2.198014749999999977e-05,8.131936770000000375e-04
1.342999999999999972e+01,2.198014650000000038e-05,8.131938180000000162e-04
1.343999999999999950e+01,2.198014619999999887e-05,8.131941460000000066e-04
1.344999999999999929e+01,2.198014659999999863e-05,8.131942369999999682e-04
1.346000000000000085e+01,2.198014800000000116e-05,8.131937679999999991e-04
1.347000000000000064e+01,2.198014749999999977e-05,8.131939159999999498e-04
1.348000000000000043e+01,2.198014479999999972e-05,8.131946489999999483e-04
1.349000000000000021e+01,2.198014610000000062e-05,8.131946219999999477e-04
1.350000000000000000e+01,2.198014820000000104e-05,8.131942949999999533e-04
1.350999999999999979e+01,2.198014610000000062e-05,8.131944930000000295e-04
1.351999999999999957e+01,2.198014439999999996e-05,8.131946469999999563e-04
1.352999999999999936e+01,2.198014599999999899e-05,8.131947849999999469e-04
1.353999999999999915e+01,2.198014639999999875e-05,8.131948879999999691e-04
1.355000000000000071e+01,2.198014590000000075e-05,8.131950009999999512e-04
1.356000000000000050e+01,2.198014530000000111e-05,8.131952079999999914e-04
1.357000000000000028e+01,2.198014550000000099e-05,8.131951980000000314e-04
1.358000000000000007e+01,2.198014679999999850e-05,8.131950890000000333e-04
1.358999999999999986e+01,2.198014699999999838e-05,8.131951829999999829e-04
1.359999999999999964e+01,2.198014579999999911e-05,8.131951889999999589e-04
1.360999999999999943e+01,2.198014539999999936e-05,8.131951970000000354e-04
1.361999999999999922e+01,2.198014650000000038e-05,8.131953969999999952e-04
1.363000000000000078e+01,2.198014740000000153e-05,8.131953529999999541e-04
1.364000000000000057e+01,2.198014530000000111e-05,8.131955220000000378e-04
1.365000000000000036e+01,2.198014570000000087e-05,8.131956270000000519e-04
1.366000000000000014e+01,2.198014679999999850e-05,8.131955770000000349e-04
1.366999999999999993e+01,2.198014650000000038e-05,8.131958069999999832e-04
1.367999999999999972e+01,2.198014659999999863e-05,8.131957579999999621e-04
1.368999999999999950e+01,2.198014559999999923e-05,8.131958119999999632e-04
1.369999999999999929e+01,2.198014599999999899e-05,8.131959870000000229e-04
1.371000000000000085e+01,2.198014809999999941e-05,8.131959169999999773e-04
1.372000000000000064e+01,2.198014539999999936e-05,8.131961800000000106e-04
1.373000000000000043e+01,2.198014479999999972e-05,8.131962080000000072e-04
1.374000000000000021e+01,2.198014780000000129e-05,8.131961619999999741e-04
1.375000000000000000e+01,2.198014740000000153e-05,8.131963950000000189e-04
1.375999999999999979e+01,2.198014579999999911e-05,8.131963610000000463e-04
1.376999999999999957e+01,2.198014619999999887e-05,8.131964039999999829e-04
1.377999999999999936e+01,2.198014679999999850e-05,8.131965520000000421e-04
1.378999999999999915e+01,2.198014740000000153e-05,8.131965890000000027e-04
1.380000000000000071e+01,2.198014610000000062e-05,8.131968379999999835e-04
1.381000000000000050e+01,2.198014499999999960e-05,8.131970200000000152e-04
1.382000000000000028e+01,2.198014590000000075e-05,8.131969690000000021e-04
1.383000000000000007e+01,2.198014720000000165e-05,8.131970839999999763e-04
1.383999999999999986e+01,2.198014630000000050e-05,8.131972300000000434e-04
1.384999999999999964e+01,2.198014510000000123e-05,8.131973249999999891e-04
1.385999999999999943e+01,2.198014579999999911e-05,8.131974560000000078e-04
1.386999999999999922e+01,2.198014599999999899e-05,8.131975489999999614e-04
1.388000000000000078e+01,2.198014559999999923e-05,8.131975820000000464e-04
1.389000000000000057e+01,2.198014610000000062e-05,8.131977490000000296e-04
1.390000000000000036e+01,2.198014470000000147e-05,8.131979080000000448e-04
1.391000000000000014e+01,2.198014570000000087e-05,8.131977980000000506e-04
1.391999999999999993e+01,2.198014849999999917e-05,8.131976980000000165e-04
1.392999999999999972e+01,2.198014679999999850e-05,8.131978959999999843e-04
1.393999999999999950e+01,2.198014490000000135e-05,8.131979360000000413e-04
1.394999999999999929e+01,2.198014610000000062e-05,8.131979269999999689e-04
1.396000000000000085e+01,2.198014570000000087e-05,8.131982759999999838e-04
1.397000000000000064e+01,2.198014639999999875e-05,8.131982259999999667e-04
1.398000000000000043e+01,2.198014679999999850e-05,8.131982739999999918e-04
1.399000000000000021e+01,2.198014539999999936e-05,8.131985880000000382e-04
1.400000000000000000e+01,2.198014630000000050e-05,8.131984409999999750e-04
1.400999999999999979e+01,2.198014749999999977e-05,8.131984669999999795e-04
1.401999999999999957e+01,2.198014650000000038e-05,8.131985640000000256e-04
1.402999999999999936e+01,2.198014599999999899e-05,8.131985229999999726e-04
1.403999999999999915e+01,2.198014670000000026e-05,8.131986329999999668e-04
1.405000000000000071e+01,2.198014760000000141e-05,8.131987069999999963e-04
1.406000000000000050e+01,2.198014720000000165e-05,8.131987060000000003e-04
1.407000000000000028e+01,2.198014679999999850e-05,8.131988209999999745e-04
1.408000000000000007e+01,2.198014670000000026e-05,8.131989210000000086e-04
1.408999999999999986e+01,2.198014760000000141e-05,8.131987770000000419e-04
1.409999999999999964e+01,2.198014789999999953e-05,8.131988739999999796e-04
1.410999999999999943e+01,2.198014710000000002e-05,8.131989460000000171e-04
1.411999999999999922e+01,2.198014720000000165e-05,8.131989650000000496e-04
1.413000000000000078e+01,2.198014880000000068e-05,8.131991070000000243e-04
1.414000000000000057e+01,2.198014820000000104e-05,8.131990490000000392e-04
1.415000000000000036e+01,2.198014720000000165e-05,8.131991409999999969e-04
1.416000000000000014e+01,2.198014800000000116e-05,8.131992589999999591e-04
1.416999999999999993e+01,2.198014849999999917e-05,8.131992660000000395e-04
1.417999999999999972e+01,2.198014820000000104e-05,8.131993740000000416e-04
1.418999999999999950e+01,2.198014909999999880e-05,8.131993020000000041e-04
1.419999999999999929e+01,2.198014829999999929e-05,8.131993510000000251e-04
1.421000000000000085e+01,2.198014800000000116e-05,8.131994540000000472e-04
1.422000000000000064e+01,2.198014929999999868e-05,8.131994370000000067e-04
1.423000000000000043e+01,2.198014869999999904e-05,8.131996260000000105e-04
1.424000000000000021e+01,2.198014820000000104e-05,8.131996750000000315e-04
1.425000000000000000e+01,2.198014869999999904e-05,8.131999609999999729e-04
1.425999999999999979e+01,2.198014840000000092e-05,8.132000060000000100e-04
1.426999999999999957e+01,2.198014789999999953e-05,8.131998749999999913e-04
1.427999999999999936e+01,2.198014820000000104e-05,8.131999669999999489e-04
1.428999999999999915e+01,2.198014889999999892e-05,8.131999899999999655e-04
1.430000000000000071e+01,2.198014869999999904e-05,8.132001340000000406e-04
1.431000000000000050e+01,2.198014809999999941e-05,8.132001330000000446e-04
1.432000000000000028e+01,2.198014690000000014e-05,8.132003639999999889e-04
1.433000000000000007e+01,2.198014840000000092e-05,8.132003709999999609e-04
1.433999999999999986e+01,2.198015030000000146e-05,8.132003760000000494e-04
1.434999999999999964e+01,2.198014869999999904e-05,8.132005220000000081e-04
1.435999999999999943e+01,2.198014769999999965e-05,8.132003439999999604e-04
1.436999999999999922e+01,2.198014940000000031e-05,8.132004009999999495e-04
1.438000000000000078e+01,2.198014989999999832e-05,8.132003629999999929e-04
1.439000000000000057e+01,2.198014949999999856e-05,8.132003880000000014e-04
1.440000000000000036e+01,2.198014949999999856e-05,8.132004940000000116e-04
1.441000000000000014e+01,2.198014920000000043e-05,8.132004769999999711e-04
1.441999999999999993e+01,2.198014949999999856e-05,8.132006840000000113e-04
1.442999999999999972e+01,2.198015139999999910e-05,8.132005950000000417e-04
1.443999999999999950e+01,2.198014980000000007e-05,8.132005950000000417e-04
1.444999999999999929e+01,2.198014820000000104e-05,8.132006599999999988e-04
1.446000000000000085e+01,2.198015019999999983e-05,8.132006300000000102e-04
1.447000000000000064e+01,2.198015090000000110e-05,8.132008559999999745e-04
1.448000000000000043e+01,2.198014940000000031e-05,8.132008889999999511e-04
1.449000000000000021e+01,2.198014900000000056e-05,8.132011829999999690e-04
1.450000000000000000e+01,2.198014989999999832e-05,8.132011319999999559e-04
1.450999999999999979e+01,2.198015050000000134e-05,8.132009730000000491e-04
1.451999999999999957e+01,2.198014989999999832e-05,8.132010560000000427e-04
1.452999999999999936e+01,2.198014920000000043e-05,8.132010070000000217e-04
1.453999999999999915e+01,2.198014999999999995e-05,8.132011720000000129e-04
1.455000000000000071e+01,2.198015090000000110e-05,8.132011869999999530e-04
1.456000000000000050e+01,2.198014969999999844e-05,8.132012869999999871e-04
1.457000000000000028e+01,2.198014880000000068e-05,8.132013790000000531e-04
1.458000000000000007e+01,2.198014989999999832e-05,8.132015619999999724e-04
1.458999999999999986e+01,2.198015119999999922e-05,8.132014749999999948e-04
1.459999999999999964e+01,2.198015010000000158e-05,8.132013280000000401e-04
1.460999999999999943e+01,2.198014949999999856e-05,8.132014469999999983e-04
1.461999999999999922e+01,2.198015039999999971e-05,8.132013229999999517e-04
1.463000000000000078e+01,2.198015079999999946e-05,8.132014410000000222e-04
1.464000000000000057e+01,2.198015059999999958e-05,8.132015520000000124e-04
1.465000000000000036e+01,2.198014980000000007e-05,8.132016830000000310e-04
1.466000000000000014e+01,2.198014999999999995e-05,8.132017279999999597e-04
1.466999999999999993e+01,2.198015119999999922e-05,8.132015960000000534e-04
1.467999999999999972e+01,2.198015030000000146e-05,8.132016199999999575e-04
1.468999999999999950e+01,2.198014999999999995e-05,8.132016820000000350e-04
1.469999999999999929e+01,2.198015139999999910e-05,8.132017400000000201e-04
1.471000000000000085e+01,2.198015059999999958e-05,8.132016350000000060e-04
1.472000000000000064e+01,2.198014909999999880e-05,8.132017829999999567e-04
1.473000000000000043e+01,2.198015079999999946e-05,8.132018460000000303e-04
1.474000000000000021e+01,2.198015170000000061e-05,8.132018299999999858e-04
1.475000000000000000e+01,2.198015090000000110e-05,8.132019099999999914e-04
1.475999999999999979e+01,2.198015039999999971e-05,8.132017970000000092e-04
1.476999999999999957e+01,2.198015099999999934e-05,8.132017340000000441e-04
1.477999999999999936e+01,2.198015150000000073e-05,8.132015569999999924e-04
1.478999999999999915e+01,2.198015170000000061e-05,8.132016739999999586e-04
1.480000000000000071e+01,2.198015119999999922e-05,8.132018009999999932e-04
1.481000000000000050e+01,2.198015130000000085e-05,8.132018500000000143e-04
1.482000000000000028e+01,2.198015199999999873e-05,8.132019240000000438e-04
1.483000000000000007e+01,2.198015139999999910e-05,8.132018150000000457e-04
1.483999999999999986e+01,2.198015110000000097e-05,8.132018639999999583e-04
1.484999999999999964e+01,2.198015219999999861e-05,8.132017239999999756e-04
1.485999999999999943e+01,2.198015139999999910e-05,8.132018389999999498e-04
1.486999999999999922e+01,2.198015119999999922e-05,8.132019989999999610e-04
1.488000000000000078e+01,2.198015239999999849e-05,8.132020229999999735e-04
1.489000000000000057e+01,2.198015170000000061e-05,8.132021369999999517e-04
1.490000000000000036e+01,2.198015090000000110e-05,8.132020630000000305e-04
1.491000000000000014e+01,2.198015190000000049e-05,8.132021089999999551e-04
1.491999999999999993e+01,2.198015130000000085e-05,8.132020259999999615e-04
1.492999999999999972e+01,2.198015039999999971e-05,8.132021770000000087e-04
1.493999999999999950e+01,2.198015170000000061e-05,8.132023110000000153e-04
1.494999999999999929e+01,2.198015210000000037e-05,8.132023469999999799e-04
1.496000000000000085e+01,2.198015059999999958e-05,8.132025079999999871e-04
1.497000000000000064e+01,2.198015070000000122e-05,8.132024319999999655e-04
1.498000000000000043e+01,2.198015119999999922e-05,8.132024639999999461e-04
1.499000000000000021e+01,2.198015110000000097e-05,8.132023950000000050e-04
1.500000000000000000e+01,2.198015050000000134e-05,8.132025369999999797e-04
1.500999999999999979e+01,2.198015039999999971e-05,8.132026729999999783e-04
1.501999999999999957e+01,2.198015110000000097e-05,8.132027140000000313e-04
1.502999999999999936e+01,2.198015130000000085e-05,8.132028530000000180e-04
1.503999999999999915e+01,2.198014969999999844e-05,8.132027740000000084e-04
1.505000000000000071e+01,2.198014980000000007e-05,8.132028230000000295e-04
1.506000000000000050e+01,2.198015130000000085e-05,8.132027579999999639e-04
1.507000000000000028e+01,2.198015030000000146e-05,8.132028699999999501e-04
1.508000000000000007e+01,2.198014929999999868e-05,8.132030090000000452e-04
1.508999999999999986e+01,2.198015079999999946e-05,8.132030329999999493e-04
1.509999999999999964e+01,2.198015050000000134e-05,8.132031470000000359e-04
1.510999999999999943e+01,2.198014960000000019e-05,8.132030769999999903e-04
1.511999999999999922e+01,2.198015010000000158e-05,8.132031079999999749e-04
1.513000000000000078e+01,2.198014999999999995e-05,8.132030269999999733e-04
1.514000000000000057e+01,2.198014940000000031e-05,8.132031260000000114e-04
1.515000000000000036e+01,2.198015030000000146e-05,8.132032530000000460e-04
1.516000000000000014e+01,2.198015039999999971e-05,8.132032590000000220e-04
1.516999999999999993e+01,2.198014980000000007e-05,8.132033479999999917e-04
1.517999999999999972e+01,2.198014980000000007e-05,8.132032669999999901e-04
1.518999999999999950e+01,2.198014999999999995e-05,8.132032590000000220e-04
1.519999999999999929e+01,2.198014989999999832e-05,8.132031299999999954e-04
1.521000000000000085e+01,2.198015030000000146e-05,8.132032240000000535e-04
1.522000000000000064e+01,2.198014989999999832e-05,8.132033610000000481e-04
1.523000000000000043e+01,2.198014999999999995e-05,8.132033759999999882e-04
1.524000000000000021e+01,2.198015050000000134e-05,8.132034569999999898e-04
1.525000000000000000e+01,2.198014980000000007e-05,8.132033519999999757e-04
1.525999999999999979e+01,2.198014969999999844e-05,8.132033450000000037e-04
1.526999999999999957e+01,2.198015079999999946e-05,8.132032689999999821e-04
1.527999999999999936e+01,2.198015019999999983e-05,8.132033170000000071e-04
1.528999999999999915e+01,2.198014999999999995e-05,8.132034170000000412e-04
1.530000000000000071e+01,2.198015059999999958e-05,8.132034559999999938e-04
1.531000000000000050e+01,2.198015019999999983e-05,8.132035189999999589e-04
1.532000000000000028e+01,2.198014989999999832e-05,8.132034619999999698e-04
1.533000000000000007e+01,2.198015090000000110e-05,8.132034839999999903e-04
1.533999999999999986e+01,2.198014989999999832e-05,8.132034379999999573e-04
1.534999999999999964e+01,2.198014909999999880e-05,8.132035189999999589e-04
1.535999999999999943e+01,2.198015070000000122e-05,8.132036090000000330e-04
1.536999999999999922e+01,2.198015090000000110e-05,8.132036179999999970e-04
1.538000000000000078e+01,2.198014940000000031e-05,8.132037130000000511e-04
1.539000000000000057e+01,2.198014949999999856e-05,8.132036930000000226e-04
1.540000000000000036e+01,2.198015010000000158e-05,8.132036870000000466e-04
1.541000000000000014e+01,2.198014999999999995e-05,8.132036749999999861e-04
1.541999999999999993e+01,2.198014980000000007e-05,8.132037490000000157e-04
1.542999999999999972e+01,2.198014940000000031e-05,8.132038210000000532e-04
1.543999999999999950e+01,2.198014969999999844e-05,8.132038580000000138e-04
1.544999999999999929e+01,2.198015030000000146e-05,8.132039229999999709e-04
1.546000000000000085e+01,2.198014909999999880e-05,8.132038999999999544e-04
1.547000000000000064e+01,2.198014889999999892e-05,8.132039219999999749e-04
1.548000000000000043e+01,2.198015010000000158e-05,8.132039179999999909e-04
1.549000000000000021e+01,2.198014949999999856e-05,8.132039779999999680e-04
1.550000000000000000e+01,2.198014860000000080e-05,8.132040490000000095e-04
1.550999999999999979e+01,2.198014969999999844e-05,8.132040789999999981e-04
1.551999999999999957e+01,2.198014949999999856e-05,8.132041280000000191e-04
1.552999999999999936e+01,2.198014869999999904e-05,8.132039549999999515e-04
1.553999999999999915e+01,2.198014840000000092e-05,8.132040670000000460e-04
1.555000000000000071e+01,2.198014909999999880e-05,8.132042030000000447e-04
1.556000000000000050e+01,2.198015019999999983e-05,8.132041879999999962e-04
1.557000000000000028e+01,2.198014949999999856e-05,8.132043069999999544e-04
1.558000000000000007e+01,2.198014789999999953e-05,8.132042100000000167e-04
1.558999999999999986e+01,2.198014880000000068e-05,8.132041619999999917e-04
1.559999999999999964e+01,2.198015050000000134e-05,8.132039930000000165e-04
1.560999999999999943e+01,2.198014929999999868e-05,8.132040559999999816e-04
1.561999999999999922e+01,2.198014800000000116e-05,8.132042209999999728e-04
1.563000000000000078e+01,2.198014999999999995e-05,8.132042380000000133e-04
1.564000000000000057e+01,2.198014980000000007e-05,8.132043039999999664e-04
1.565000000000000036e+01,2.198014860000000080e-05,8.132042159999999928e-04
1.566000000000000014e+01,2.198014920000000043e-05,8.132042550000000538e-04
1.566999999999999993e+01,2.198014940000000031e-05,8.132041329999999991e-04
1.567999999999999972e+01,2.198014889999999892e-05,8.132042090000000207e-04
1.568999999999999950e+01,2.198014949999999856e-05,8.132043259999999869e-04
1.569999999999999929e+01,2.198014940000000031e-05,8.132043039999999664e-04
1.571000000000000085e+01,2.198014909999999880e-05,8.132044119999999685e-04
1.572000000000000064e+01,2.198014929999999868e-05,8.132043249999999909e-04
1.573000000000000043e+01,2.198014920000000043e-05,8.132043329999999589e-04
1.574000000000000021e+01,2.198014900000000056e-05,8.132042340000000293e-04
1.575000000000000000e+01,2.198014940000000031e-05,8.132043069999999544e-04
1.575999999999999979e+01,2.198014900000000056e-05,8.132044359999999810e-04
1.576999999999999957e+01,2.198014889999999892e-05,8.132044429999999531e-04
1.577999999999999936e+01,2.198014909999999880e-05,8.132045660000000037e-04
1.578999999999999915e+01,2.198014880000000068e-05,8.132044859999999981e-04
1.580000000000000071e+01,2.198014869999999904e-05,8.132044909999999781e-04
1.581000000000000050e+01,2.198014940000000031e-05,8.132044530000000215e-04
1.582000000000000028e+01,2.198014860000000080e-05,8.132044879999999901e-04
1.583000000000000007e+01,2.198014840000000092e-05,8.132045910000000122e-04
1.583999999999999986e+01,2.198014929999999868e-05,8.132046090000000487e-04
1.584999999999999964e+01,2.198014860000000080e-05,8.132046779999999898e-04
1.585999999999999943e+01,2.198014769999999965e-05,8.132046609999999493e-04
1.586999999999999922e+01,2.198014900000000056e-05,8.132048330000000210e-04
1.588000000000000078e+01,2.198014900000000056e-05,8.132047470000000394e-04
1.589000000000000057e+01,2.198014769999999965e-05,8.132046350000000532e-04
1.590000000000000036e+01,2.198014720000000165e-05,8.132047460000000434e-04
1.591000000000000014e+01,2.198014809999999941e-05,8.132047089999999744e-04
1.591999999999999993e+01,2.198014829999999929e-05,8.132048509999999491e-04
1.592999999999999972e+01,2.198014729999999990e-05,8.132048749999999616e-04
1.593999999999999950e+01,2.198014570000000087e-05,8.132050180000000407e-04
1.594999999999999929e+01,2.198014679999999850e-05,8.132050720000000418e-04
1.596000000000000085e+01,2.198014869999999904e-05,8.132050530000000093e-04
1.597000000000000064e+01,2.198014699999999838e-05,8.132051540000000394e-04
1.598000000000000043e+01,2.198014539999999936e-05,8.132050069999999763e-04
1.599000000000000021e+01,2.198014749999999977e-05,8.132049670000000277e-04
1.600000000000000000e+01,2.198014789999999953e-05,8.132049239999999827e-04
1.601000000000000156e+01,2.198014720000000165e-05,8.132049150000000186e-04
1.601999999999999957e+01,2.198014740000000153e-05,8.132048759999999576e-04
1.603000000000000114e+01,2.198014679999999850e-05,8.132048850000000301e-04
1.603999999999999915e+01,2.198014659999999863e-05,8.132049469999999992e-04
1.605000000000000071e+01,2.198014769999999965e-05,8.132049059999999462e-04
1.605999999999999872e+01,2.198014679999999850e-05,8.132050119999999563e-04
1.607000000000000028e+01,2.198014610000000062e-05,8.132049440000000112e-04
1.607999999999999829e+01,2.198014630000000050e-05,8.132050329999999808e-04
1.608999999999999986e+01,2.198014679999999850e-05,8.132051129999999864e-04
1.610000000000000142e+01,2.198014720000000165e-05,8.132050289999999968e-04
1.610999999999999943e+01,2.198014650000000038e-05,8.132051360000000029e-04
1.612000000000000099e+01,2.198014570000000087e-05,8.132050200000000327e-04
1.612999999999999901e+01,2.198014670000000026e-05,8.132049380000000351e-04
1.614000000000000057e+01,2.198014780000000129e-05,8.132048759999999576e-04
1.614999999999999858e+01,2.198014679999999850e-05,8.132048499999999531e-04
1.616000000000000014e+01,2.198014559999999923e-05,8.132049650000000357e-04
1.617000000000000171e+01,2.198014729999999990e-05,8.132049880000000522e-04
1.617999999999999972e+01,2.198014740000000153e-05,8.132049730000000037e-04
1.619000000000000128e+01,2.198014610000000062e-05,8.132049489999999912e-04
1.619999999999999929e+01,2.198014650000000038e-05,8.132049650000000357e-04
1.621000000000000085e+01,2.198014659999999863e-05,8.132049279999999667e-04
1.621999999999999886e+01,2.198014650000000038e-05,8.132049890000000482e-04
1.623000000000000043e+01,2.198014690000000014e-05,8.132050430000000493e-04
1.623999999999999844e+01,2.198014630000000050e-05,8.132050369999999648e-04
1.625000000000000000e+01,2.198014610000000062e-05,8.132051050000000184e-04
1.626000000000000156e+01,2.198014690000000014e-05,8.132049229999999867e-04
1.626999999999999957e+01,2.198014590000000075e-05,8.132050069999999763e-04
1.628000000000000114e+01,2.198014550000000099e-05,8.132051449999999669e-04
1.628999999999999915e+01,2.198014760000000141e-05,8.132051070000000104e-04
1.630000000000000071e+01,2.198014659999999863e-05,8.132051780000000519e-04
1.630999999999999872e+01,2.198014519999999948e-05,8.132051070000000104e-04
1.632000000000000028e+01,2.198014630000000050e-05,8.132051060000000144e-04
1.632999999999999829e+01,2.198014679999999850e-05,8.132051050000000184e-04
1.633999999999999986e+01,2.198014639999999875e-05,8.132052249999999725e-04
1.635000000000000142e+01,2.198014650000000038e-05,8.132052039999999480e-04
1.635999999999999943e+01,2.198014559999999923e-05,8.132051560000000314e-04
1.637000000000000099e+01,2.198014559999999923e-05,8.132052390000000250e-04
1.637999999999999901e+01,2.198014659999999863e-05,8.132052469999999931e-04
1.639000000000000057e+01,2.198014590000000075e-05,8.132053710000000397e-04
1.639999999999999858e+01,2.198014499999999960e-05,8.132054010000000282e-04
1.641000000000000014e+01,2.198014559999999923e-05,8.132054659999999853e-04
1.642000000000000171e+01,2.198014499999999960e-05,8.132055690000000074e-04
1.642999999999999972e+01,2.198014470000000147e-05,8.132056250000000005e-04
1.644000000000000128e+01,2.198014630000000050e-05,8.132055060000000423e-04
1.644999999999999929e+01,2.198014579999999911e-05,8.132054520000000413e-04
1.646000000000000085e+01,2.198014439999999996e-05,8.132055680000000114e-04
1.646999999999999886e+01,2.198014570000000087e-05,8.132055160000000024e-04
1.648000000000000043e+01,2.198014579999999911e-05,8.132055090000000304e-04
1.648999999999999844e+01,2.198014490000000135e-05,8.132054770000000498e-04
1.650000000000000000e+01,2.198014490000000135e-05,8.132055410000000109e-04
1.651000000000000156e+01,2.198014539999999936e-05,8.132055910000000280e-04
1.651999999999999957e+01,2.198014590000000075e-05,8.132056019999999840e-04
1.653000000000000114e+01,2.198014590000000075e-05,8.132056299999999805e-04
1.653999999999999915e+01,2.198014459999999984e-05,8.132055449999999949e-04
1.655000000000000071e+01,2.198014519999999948e-05,8.132055100000000264e-04
1.655999999999999872e+01,2.198014679999999850e-05,8.132054020000000242e-04
1.657000000000000028e+01,2.198014619999999887e-05,8.132054189999999563e-04
1.657999999999999829e+01,2.198014510000000123e-05,8.132054830000000258e-04
1.658999999999999986e+01,2.198014650000000038e-05,8.132054709999999654e-04
1.660000000000000142e+01,2.198014670000000026e-05,8.132054520000000413e-04
1.660999999999999943e+01,2.198014590000000075e-05,8.132054139999999763e-04
1.662000000000000099e+01,2.198014630000000050e-05,8.132055499999999749e-04
1.662999999999999901e+01,2.198014699999999838e-05,8.132054099999999923e-04
1.664000000000000057e+01,2.198014659999999863e-05,8.132053470000000272e-04
1.664999999999999858e+01,2.198014619999999887e-05,8.132054000000000322e-04
1.666000000000000014e+01,2.198014610000000062e-05,8.132053279999999947e-04
1.667000000000000171e+01,2.198014639999999875e-05,8.132054649999999893e-04
1.667999999999999972e+01,2.198014650000000038e-05,8.132055299999999464e-04
1.669000000000000128e+01,2.198014550000000099e-05,8.132057639999999872e-04
1.669999999999999929e+01,2.198014559999999923e-05,8.132057159999999622e-04
1.671000000000000085e+01,2.198014659999999863e-05,8.132055700000000035e-04
1.671999999999999886e+01,2.198014539999999936e-05,8.132055920000000240e-04
1.673000000000000043e+01,2.198014499999999960e-05,8.132055729999999915e-04
1.673999999999999844e+01,2.198014619999999887e-05,8.132057060000000021e-04
1.675000000000000000e+01,2.198014559999999923e-05,8.132057079999999941e-04
1.676000000000000156e+01,2.198014459999999984e-05,8.132057600000000032e-04
1.676999999999999957e+01,2.198014490000000135e-05,8.132058670000000093e-04
1.678000000000000114e+01,2.198014530000000111e-05,8.132058219999999723e-04
1.678999999999999915e+01,2.198014550000000099e-05,8.132057739999999472e-04
1.680000000000000071e+01,2.198014519999999948e-05,8.132056809999999936e-04
1.680999999999999872e+01,2.198014409999999845e-05,8.132057830000000197e-04
1.682000000000000028e+01,2.198014429999999833e-05,8.132058300000000487e-04
1.682999999999999829e+01,2.198014659999999863e-05,8.132057860000000077e-04
1.683999999999999986e+01,2.198014570000000087e-05,8.132058420000000008e-04
1.685000000000000142e+01,2.198014409999999845e-05,8.132057270000000266e-04
1.685999999999999943e+01,2.198014499999999960e-05,8.132058699999999973e-04
1.687000000000000099e+01,2.198014639999999875e-05,8.132057050000000061e-04
1.687999999999999901e+01,2.198014550000000099e-05,8.132056150000000405e-04
1.689000000000000057e+01,2.198014459999999984e-05,8.132056670000000495e-04
1.689999999999999858e+01,2.198014499999999960e-05,8.132055439999999989e-04
1.691000000000000014e+01,2.198014579999999911e-05,8.132057419999999667e-04
1.692000000000000171e+01,2.198014570000000087e-05,8.132057379999999827e-04
1.692999999999999972e+01,2.198014389999999857e-05,8.132059750000000115e-04
1.694000000000000128e+01,2.198014490000000135e-05,8.132058999999999859e-04
1.694999999999999929e+01,2.198014619999999887e-05,8.132057280000000226e-04
1.696000000000000085e+01,2.198014429999999833e-05,8.132057889999999957e-04
1.696999999999999886e+01,2.198014380000000033e-05,8.132056829999999856e-04
1.698000000000000043e+01,2.198014530000000111e-05,8.132058630000000253e-04
1.698999999999999844e+01,2.198014530000000111e-05,8.132058479999999768e-04
1.700000000000000000e+01,2.198014400000000021e-05,8.132060000000000200e-04
1.701000000000000156e+01,2.198014490000000135e-05,8.132059809999999875e-04
1.701999999999999957e+01,2.198014490000000135e-05,8.132058130000000083e-04
1.703000000000000114e+01,2.198014420000000008e-05,8.132058630000000253e-04
1.703999999999999915e+01,2.198014479999999972e-05,8.132057830000000197e-04
1.705000000000000071e+01,2.198014479999999972e-05,8.132058709999999933e-04
1.705999999999999872e+01,2.198014400000000021e-05,8.132058930000000138e-04
1.707000000000000028e+01,2.198014439999999996e-05,8.132060770000000376e-04
1.707999999999999829e+01,2.198014490000000135e-05,8.132060030000000080e-04
1.708999999999999986e+01,2.198014450000000160e-05,8.132058370000000208e-04
1.710000000000000142e+01,2.198014429999999833e-05,8.132058900000000258e-04
1.710999999999999943e+01,2.198014400000000021e-05,8.132058130000000083e-04
1.712000000000000099e+01,2.198014439999999996e-05,8.132059319999999664e-04
1.712999999999999901e+01,2.198014510000000123e-05,8.132059559999999790e-04
1.714000000000000057e+01,2.198014400000000021e-05,8.132060599999999971e-04
1.714999999999999858e+01,2.198014409999999845e-05,8.132060190000000525e-04
1.716000000000000014e+01,2.198014490000000135e-05,8.132058900000000258e-04
1.717000000000000171e+01,2.198014429999999833e-05,8.132058890000000298e-04
1.717999999999999972e+01,2.198014369999999869e-05,8.132058489999999728e-04
1.719000000000000128e+01,2.198014490000000135e-05,8.132059289999999784e-04
1.719999999999999929e+01,2.198014450000000160e-05,8.132059329999999624e-04
1.721000000000000085e+01,2.198014380000000033e-05,8.132061020000000461e-04
1.721999999999999886e+01,2.198014490000000135e-05,8.132060099999999800e-04
1.723000000000000043e+01,2.198014450000000160e-05,8.132058749999999774e-04
1.723999999999999844e+01,2.198014389999999857e-05,8.132058860000000418e-04
1.725000000000000000e+01,2.198014490000000135e-05,8.132058009999999478e-04
1.726000000000000156e+01,2.198014459999999984e-05,8.132059089999999499e-04
1.726999999999999957e+01,2.198014380000000033e-05,8.132059269999999864e-04
1.728000000000000114e+01,2.198014439999999996e-05,8.132059539999999869e-04
1.728999999999999915e+01,2.198014429999999833e-05,8.132059029999999739e-04
1.730000000000000071e+01,2.198014360000000045e-05,8.132059220000000064e-04
1.730999999999999872e+01,2.198014490000000135e-05,8.132059490000000069e-04
1.732000000000000028e+01,2.198014470000000147e-05,8.132059210000000104e-04
1.732999999999999829e+01,2.198014409999999845e-05,8.132059390000000469e-04
1.733999999999999986e+01,2.198014459999999984e-05,8.132058410000000048e-04
1.735000000000000142e+01,2.198014479999999972e-05,8.132057949999999718e-04
1.735999999999999943e+01,2.198014490000000135e-05,8.132056539999999931e-04
1.737000000000000099e+01,2.198014490000000135e-05,8.132056919999999496e-04
1.737999999999999901e+01,2.198014470000000147e-05,8.132057899999999917e-04
1.739000000000000057e+01,2.198014499999999960e-05,8.132057790000000357e-04
1.739999999999999858e+01,2.198014539999999936e-05,8.132058080000000282e-04
1.741000000000000014e+01,2.198014439999999996e-05,8.132057619999999952e-04
1.742000000000000171e+01,2.198014459999999984e-05,8.132057320000000067e-04
1.742999999999999972e+01,2.198014610000000062e-05,8.132056450000000290e-04
1.744000000000000128e+01,2.198014479999999972e-05,8.132056960000000421e-04
1.744999999999999929e+01,2.198014400000000021e-05,8.132057699999999632e-04
1.746000000000000085e+01,2.198014510000000123e-05,8.132058009999999478e-04
1.746999999999999886e+01,2.198014550000000099e-05,8.132058300000000487e-04
1.748000000000000043e+01,2.198014450000000160e-05,8.132058020000000522e-04
1.748999999999999844e+01,2.198014490000000135e-05,8.132058179999999883e-04
1.750000000000000000e+01,2.198014490000000135e-05,8.132057050000000061e-04
1.751000000000000156e+01,2.198014420000000008e-05,8.132058060000000362e-04
1.751999999999999957e+01,2.198014490000000135e-05,8.132059019999999779e-04
1.753000000000000114e+01,2.198014470000000147e-05,8.132059180000000224e-04
1.753999999999999915e+01,2.198014420000000008e-05,8.132060000000000200e-04
1.755000000000000071e+01,2.198014479999999972e-05,8.132059390000000469e-04
1.755999999999999872e+01,2.198014459999999984e-05,8.132059279999999824e-04
1.757000000000000028e+01,2.198014429999999833e-05,8.132058020000000522e-04
1.757999999999999829e+01,2.198014409999999845e-05,8.132059049999999659e-04
1.758999999999999986e+01,2.198014420000000008e-05,8.132060190000000525e-04
1.760000000000000142e+01,2.198014429999999833e-05,8.132060550000000171e-04
1.760999999999999943e+01,2.198014470000000147e-05,8.132061479999999707e-04
1.762000000000000099e+01,2.198014369999999869e-05,8.132060550000000171e-04
1.762999999999999901e+01,2.198014360000000045e-05,8.132060659999999731e-04
1.764000000000000057e+01,2.198014470000000147e-05,8.132059660000000474e-04
1.764999999999999858e+01,2.198014400000000021e-05,8.132060169999999521e-04
1.766000000000000014e+01,2.198014369999999869e-05,8.132061070000000261e-04
1.767000000000000171e+01,2.198014450000000160e-05,8.132061169999999862e-04
1.767999999999999972e+01,2.198014389999999857e-05,8.132061880000000277e-04
1.769000000000000128e+01,2.198014340000000057e-05,8.132061290000000466e-04
1.769999999999999929e+01,2.198014429999999833e-05,8.132061479999999707e-04
1.771000000000000085e+01,2.198014420000000008e-05,8.132060359999999846e-04
1.771999999999999886e+01,2.198014300000000081e-05,8.132061070000000261e-04
1.773000000000000043e+01,2.198014420000000008e-05,8.132062170000000203e-04
1.773999999999999844e+01,2.198014439999999996e-05,8.132061860000000357e-04
1.775000000000000000e+01,2.198014360000000045e-05,8.132062529999999848e-04
1.776000000000000156e+01,2.198014369999999869e-05,8.132061890000000237e-04
1.776999999999999957e+01,2.198014380000000033e-05,8.132061719999999832e-04
1.778000000000000114e+01,2.198014389999999857e-05,8.132060850000000056e-04
1.778999999999999915e+01,2.198014389999999857e-05,8.132061380000000107e-04
1.780000000000000071e+01,2.198014360000000045e-05,8.132062339999999523e-04
1.780999999999999872e+01,2.198014380000000033e-05,8.132062360000000528e-04
1.782000000000000028e+01,2.198014429999999833e-05,8.132062910000000498e-04
1.782999999999999829e+01,2.198014340000000057e-05,8.132062190000000123e-04
1.783999999999999986e+01,2.198014340000000057e-05,8.132062029999999678e-04
1.785000000000000142e+01,2.198014490000000135e-05,8.132061040000000381e-04
1.785999999999999943e+01,2.198014369999999869e-05,8.132061479999999707e-04
1.787000000000000099e+01,2.198014269999999930e-05,8.132062700000000253e-04
1.787999999999999901e+01,2.198014429999999833e-05,8.132062499999999968e-04
1.789000000000000057e+01,2.198014459999999984e-05,8.132062740000000093e-04
1.789999999999999858e+01,2.198014329999999894e-05,8.132062390000000408e-04
1.791000000000000014e+01,2.198014340000000057e-05,8.132063859999999955e-04
1.792000000000000171e+01,2.198014429999999833e-05,8.132063129999999619e-04
1.792999999999999972e+01,2.198014429999999833e-05,8.132062090000000522e-04
1.794000000000000128e+01,2.198014360000000045e-05,8.132062609999999529e-04
1.794999999999999929e+01,2.198014309999999906e-05,8.132062009999999758e-04
1.796000000000000085e+01,2.198014360000000045e-05,8.132063379999999704e-04
1.796999999999999886e+01,2.198014400000000021e-05,8.132064300000000365e-04
1.798000000000000043e+01,2.198014260000000106e-05,8.132065680000000272e-04
1.798999999999999844e+01,2.198014260000000106e-05,8.132065710000000152e-04
1.800000000000000000e+01,2.198014389999999857e-05,8.132064689999999891e-04
1.801000000000000156e+01,2.198014340000000057e-05,8.132064699999999851e-04
1.801999999999999957e+01,2.198014200000000142e-05,8.132064719999999771e-04
1.803000000000000114e+01,2.198014320000000069e-05,8.132065400000000307e-04
1.803999999999999915e+01,2.198014340000000057e-05,8.132065219999999942e-04
1.805000000000000071e+01,2.198014269999999930e-05,8.132066480000000328e-04
1.805999999999999872e+01,2.198014320000000069e-05,8.132065970000000197e-04
1.807000000000000028e+01,2.198014280000000094e-05,8.132064719999999771e-04
1.807999999999999829e+01,2.198014269999999930e-05,8.132065130000000301e-04
1.808999999999999986e+01,2.198014369999999869e-05,8.132064600000000251e-04
1.810000000000000142e+01,2.198014309999999906e-05,8.132065170000000141e-04
1.810999999999999943e+01,2.198014249999999942e-05,8.132063730000000474e-04
1.812000000000000099e+01,2.198014249999999942e-05,8.132064640000000091e-04
1.812999999999999901e+01,2.198014300000000081e-05,8.132065809999999752e-04
1.814000000000000057e+01,2.198014360000000045e-05,8.132064949999999936e-04
1.814999999999999858e+01,2.198014369999999869e-05,8.132065529999999787e-04
1.816000000000000014e+01,2.198014289999999918e-05,8.132063979999999475e-04
1.817000000000000171e+01,2.198014309999999906e-05,8.132063139999999579e-04
1.817999999999999972e+01,2.198014459999999984e-05,8.132061070000000261e-04
1.819000000000000128e+01,2.198014420000000008e-05,8.132061139999999981e-04
1.819999999999999929e+01,2.198014340000000057e-05,8.132062609999999529e-04
1.821000000000000085e+01,2.198014429999999833e-05,8.132062450000000168e-04
1.821999999999999886e+01,2.198014409999999845e-05,8.132062579999999648e-04
1.823000000000000043e+01,2.198014389999999857e-05,8.132061529999999507e-04
1.823999999999999844e+01,2.198014470000000147e-05,8.132061580000000392e-04
1.825000000000000000e+01,2.198014439999999996e-05,8.132059519999999949e-04
1.826000000000000156e+01,2.198014329999999894e-05,8.132060329999999965e-04
1.826999999999999957e+01,2.198014499999999960e-05,8.132061920000000117e-04
1.828000000000000114e+01,2.198014530000000111e-05,8.132061400000000027e-04
1.828999999999999915e+01,2.198014400000000021e-05,8.132062299999999683e-04
1.830000000000000071e+01,2.198014380000000033e-05,8.132061300000000426e-04
1.830999999999999872e+01,2.198014450000000160e-05,8.132061139999999981e-04
1.832000000000000028e+01,2.198014479999999972e-05,8.132060119999999720e-04
1.832999999999999829e+01,2.198014429999999833e-05,8.132060989999999497e-04
1.833999999999999986e+01,2.198014369999999869e-05,8.132062259999999843e-04
1.835000000000000142e+01,2.198014429999999833e-05,8.132062319999999603e-04
1.835999999999999943e+01,2.198014479999999972e-05,8.132063379999999704e-04
1.837000000000000099e+01,2.198014360000000045e-05,8.132062589999999608e-04
1.837999999999999901e+01,2.198014340000000057e-05,8.132062710000000213e-04
1.839000000000000057e+01,2.198014490000000135e-05,8.132061949999999997e-04
1.839999999999999858e+01,2.198014360000000045e-05,8.132062839999999694e-04
1.841000000000000014e+01,2.198014280000000094e-05,8.132064080000000160e-04
1.842000000000000171e+01,2.198014400000000021e-05,8.132064189999999720e-04
1.842999999999999972e+01,2.198014409999999845e-05,8.132065049999999537e-04
1.844000000000000128e+01,2.198014300000000081e-05,8.132064580000000330e-04
1.844999999999999929e+01,2.198014340000000057e-05,8.132064810000000496e-04
1.846000000000000085e+01,2.198014349999999882e-05,8.132063450000000509e-04
1.846999999999999886e+01,2.198014269999999930e-05,8.132064650000000051e-04
1.848000000000000043e+01,2.198014320000000069e-05,8.132066019999999998e-04
1.848999999999999844e+01,2.198014329999999894e-05,8.132065900000000477e-04
1.850000000000000000e+01,2.198014300000000081e-05,8.132066849999999934e-04
1.851000000000000156e+01,2.198014349999999882e-05,8.132065620000000512e-04
1.851999999999999957e+01,2.198014320000000069e-05,8.132065350000000506e-04
1.853000000000000114e+01,2.198014280000000094e-05,8.132064209999999640e-04
1.853999999999999915e+01,2.198014300000000081e-05,8.132064759999999611e-04
1.855000000000000071e+01,2.198014329999999894e-05,8.132065930000000357e-04
1.855999999999999872e+01,2.198014329999999894e-05,8.132066079999999758e-04
1.857000000000000028e+01,2.198014369999999869e-05,8.132066530000000128e-04
1.857999999999999829e+01,2.198014260000000106e-05,8.132065539999999747e-04
1.858999999999999986e+01,2.198014269999999930e-05,8.132065329999999502e-04
1.860000000000000142e+01,2.198014420000000008e-05,8.132063720000000514e-04
1.860999999999999943e+01,2.198014340000000057e-05,8.132064280000000445e-04
1.862000000000000099e+01,2.198014289999999918e-05,8.132065360000000466e-04
1.862999999999999901e+01,2.198014369999999869e-05,8.132065249999999822e-04
1.864000000000000057e+01,2.198014349999999882e-05,8.132065779999999872e-04
1.864999999999999858e+01,2.198014309999999906e-05,8.132064840000000376e-04
1.866000000000000014e+01,2.198014369999999869e-05,8.132064880000000216e-04
1.867000000000000171e+01,2.198014360000000045e-05,8.132063159999999499e-04
1.867999999999999972e+01,2.198014260000000106e-05,8.132063939999999635e-04
1.869000000000000128e+01,2.198014389999999857e-05,8.132065430000000187e-04
1.869999999999999929e+01,2.198014420000000008e-05,8.132064920000000056e-04
1.871000000000000085e+01,2.198014320000000069e-05,8.132065549999999707e-04
1.871999999999999886e+01,2.198014329999999894e-05,8.132064640000000091e-04
1.873000000000000043e+01,2.198014380000000033e-05,8.132064199999999680e-04
1.873999999999999844e+01,2.198014380000000033e-05,8.132062589999999608e-04
1.875000000000000000e+01,2.198014360000000045e-05,8.132063439999999465e-04
1.876000000000000156e+01,2.198014329999999894e-05,8.132064769999999571e-04
1.876999999999999957e+01,2.198014389999999857e-05,8.132064870000000256e-04
1.878000000000000114e+01,2.198014429999999833e-05,8.132065519999999827e-04
1.878999999999999915e+01,2.198014309999999906e-05,8.132064449999999766e-04
1.880000000000000071e+01,2.198014320000000069e-05,8.132064370000000085e-04
1.880999999999999872e+01,2.198014490000000135e-05,8.132062539999999808e-04
1.882000000000000028e+01,2.198014329999999894e-05,8.132063550000000109e-04
1.882999999999999829e+01,2.198014260000000106e-05,8.132065019999999657e-04
1.883999999999999986e+01,2.198014409999999845e-05,8.132064979999999816e-04
1.885000000000000142e+01,2.198014409999999845e-05,8.132065869999999513e-04
1.885999999999999943e+01,2.198014300000000081e-05,8.132064910000000096e-04
1.887000000000000099e+01,2.198014349999999882e-05,8.132065100000000421e-04
1.887999999999999901e+01,2.198014360000000045e-05,8.132064870000000256e-04
1.889000000000000057e+01,2.198014360000000045e-05,8.132065420000000227e-04
1.889999999999999858e+01,2.198014389999999857e-05,8.132065710000000152e-04
1.891000000000000014e+01,2.198014300000000081e-05,8.132065400000000307e-04
1.892000000000000171e+01,2.198014300000000081e-05,8.132065640000000432e-04
1.892999999999999972e+01,2.198014369999999869e-05,8.132065890000000517e-04
1.894000000000000128e+01,2.198014300000000081e-05,8.132066899999999734e-04
1.894999999999999929e+01,2.198014249999999942e-05,8.132067189999999659e-04
1.896000000000000085e+01,2.198014289999999918e-05,8.132069490000000227e-04
1.896999999999999886e+01,2.198014329999999894e-05,8.132068930000000296e-04
1.898000000000000043e+01,2.198014209999999967e-05,8.132067449999999705e-04
1.898999999999999844e+01,2.198014209999999967e-05,8.132068019999999595e-04
1.900000000000000000e+01,2.198014269999999930e-05,8.132067769999999510e-04
1.901000000000000156e+01,2.198014280000000094e-05,8.132068680000000211e-04
1.901999999999999957e+01,2.198014240000000118e-05,8.132069279999999982e-04
1.903000000000000114e+01,2.198014150000000003e-05,8.132069399999999502e-04
1.903999999999999915e+01,2.198014169999999991e-05,8.132068529999999726e-04
1.905000000000000071e+01,2.198014240000000118e-05,8.132069379999999582e-04
1.905999999999999872e+01,2.198014229999999955e-05,8.132069470000000307e-04
1.907000000000000028e+01,2.198014200000000142e-05,8.132069230000000181e-04
1.907999999999999829e+01,2.198014260000000106e-05,8.132069409999999462e-04
1.908999999999999986e+01,2.198014240000000118e-05,8.132067860000000235e-04
1.910000000000000142e+01,2.198014249999999942e-05,8.132067389999999944e-04
1.910999999999999943e+01,2.198014389999999857e-05,8.132065599999999507e-04
1.912000000000000099e+01,2.198014280000000094e-05,8.132065499999999907e-04
1.912999999999999901e+01,2.198014240000000118e-05,8.132066430000000528e-04
1.914000000000000057e+01,2.198014369999999869e-05,8.132066170000000482e-04
1.914999999999999858e+01,2.198014369999999869e-05,8.132066010000000037e-04
1.916000000000000014e+01,2.198014289999999918e-05,8.132065350000000506e-04
1.917000000000000171e+01,2.198014360000000045e-05,8.132065229999999902e-04
1.917999999999999972e+01,2.198014389999999857e-05,8.132063770000000314e-04
1.919000000000000128e+01,2.198014329999999894e-05,8.132064010000000440e-04
1.919999999999999929e+01,2.198014369999999869e-05,8.132064930000000016e-04
1.921000000000000085e+01,2.198014369999999869e-05,8.132064560000000410e-04
1.921999999999999886e+01,2.198014380000000033e-05,8.132064610000000211e-04
1.923000000000000043e+01,2.198014429999999833e-05,8.132063969999999515e-04
1.923999999999999844e+01,2.198014369999999869e-05,8.132063709999999470e-04
1.925000000000000000e+01,2.198014349999999882e-05,8.132063030000000019e-04
1.926000000000000156e+01,2.198014409999999845e-05,8.132063450000000509e-04
1.926999999999999957e+01,2.198014409999999845e-05,8.132064070000000200e-04
1.928000000000000114e+01,2.198014360000000045e-05,8.132064199999999680e-04
1.928999999999999915e+01,2.198014420000000008e-05,8.132064640000000091e-04
1.930000000000000071e+01,2.198014360000000045e-05,8.132064239999999521e-04
1.930999999999999872e+01,2.198014320000000069e-05,8.132065980000000157e-04
1.932000000000000028e+01,2.198014470000000147e-05,8.132065360000000466e-04
1.932999999999999829e+01,2.198014389999999857e-05,8.132064260000000525e-04
1.933999999999999986e+01,2.198014260000000106e-05,8.132064969999999856e-04
1.935000000000000142e+01,2.198014360000000045e-05,8.132064810000000496e-04
1.935999999999999943e+01,2.198014380000000033e-05,8.132065920000000397e-04
1.937000000000000099e+01,2.198014289999999918e-05,8.132066710000000493e-04
1.937999999999999901e+01,2.198014269999999930e-05,8.132069389999999542e-04
1.939000000000000057e+01,2.198014300000000081e-05,8.132068870000000536e-04
1.939999999999999858e+01,2.198014249999999942e-05,8.132067469999999625e-04
1.941000000000000014e+01,2.198014249999999942e-05,8.132067949999999875e-04
1.942000000000000171e+01,2.198014220000000130e-05,8.132067679999999870e-04
1.942999999999999972e+01,2.198014229999999955e-05,8.132069089999999657e-04
1.944000000000000128e+01,2.198014249999999942e-05,8.132069450000000387e-04
1.944999999999999929e+01,2.198014169999999991e-05,8.132071600000000469e-04
1.946000000000000085e+01,2.198014189999999979e-05,8.132070890000000054e-04
1.946999999999999886e+01,2.198014249999999942e-05,8.132069349999999702e-04
1.948000000000000043e+01,2.198014150000000003e-05,8.132069450000000387e-04
1.948999999999999844e+01,2.198014160000000166e-05,8.132068700000000131e-04
1.950000000000000000e+01,2.198014289999999918e-05,8.132069740000000312e-04
1.951000000000000156e+01,2.198014209999999967e-05,8.132069510000000147e-04
1.951999999999999957e+01,2.198014119999999852e-05,8.132070810000000373e-04
1.953000000000000114e+01,2.198014320000000069e-05,8.132069720000000392e-04
1.953999999999999915e+01,2.198014269999999930e-05,8.132068330000000525e-04
1.955000000000000071e+01,2.198014139999999840e-05,8.132068479999999926e-04
1.955999999999999872e+01,2.198014240000000118e-05,8.132067270000000424e-04
1.957000000000000028e+01,2.198014300000000081e-05,8.132068150000000160e-04
1.957999999999999829e+01,2.198014240000000118e-05,8.132067949999999875e-04
1.958999999999999986e+01,2.198014280000000094e-05,8.132068759999999891e-04
1.960000000000000142e+01,2.198014320000000069e-05,8.132067610000000149e-04
1.960999999999999943e+01,2.198014300000000081e-05,8.132066260000000123e-04
1.962000000000000099e+01,2.198014289999999918e-05,8.132066180000000442e-04
1.962999999999999901e+01,2.198014289999999918e-05,8.132064930000000016e-04
1.964000000000000057e+01,2.198014340000000057e-05,8.132065759999999952e-04
1.964999999999999858e+01,2.198014400000000021e-05,8.132065730000000072e-04
1.966000000000000014e+01,2.198014269999999930e-05,8.132066970000000538e-04
1.967000000000000171e+01,2.198014320000000069e-05,8.132066160000000522e-04
1.967999999999999972e+01,2.198014420000000008e-05,8.132064810000000496e-04
1.969000000000000128e+01,2.198014349999999882e-05,8.132064759999999611e-04
1.969999999999999929e+01,2.198014269999999930e-05,8.132063969999999515e-04
1.971000000000000085e+01,2.198014400000000021e-05,8.132065080000000501e-04
1.971999999999999886e+01,2.198014380000000033e-05,8.132065019999999657e-04
1.973000000000000043e+01,2.198014300000000081e-05,8.132066510000000208e-04
1.973999999999999844e+01,2.198014400000000021e-05,8.132065859999999553e-04
1.975000000000000000e+01,2.198014360000000045e-05,8.132064439999999806e-04
1.976000000000000156e+01,2.198014300000000081e-05,8.132064709999999811e-04
1.976999999999999957e+01,2.198014389999999857e-05,8.132064040000000320e-04
1.978000000000000114e+01,2.198014380000000033e-05,8.132065009999999696e-04
1.978999999999999915e+01,2.198014300000000081e-05,8.132065339999999462e-04
1.980000000000000071e+01,2.198014329999999894e-05,8.132067250000000504e-04
1.980999999999999872e+01,2.198014380000000033e-05,8.132066599999999848e-04
1.982000000000000028e+01,2.198014300000000081e-05,8.132065150000000221e-04
1.982999999999999829e+01,2.198014309999999906e-05,8.132065519999999827e-04
1.983999999999999986e+01,2.198014300000000081e-05,8.132065019999999657e-04
1.985000000000000142e+01,2.198014329999999894e-05,8.132066180000000442e-04
1.985999999999999943e+01,2.198014340000000057e-05,8.132066629999999728e-04
1.987000000000000099e+01,2.198014249999999942e-05,8.132068509999999806e-04
1.987999999999999901e+01,2.198014300000000081e-05,8.132067800000000474e-04
1.989000000000000057e+01,2.198014349999999882e-05,8.132066299999999963e-04
1.989999999999999858e+01,2.198014229999999955e-05,8.132066490000000288e-04
1.991000000000000014e+01,2.198014229999999955e-05,8.132065990000000117e-04
1.992000000000000171e+01,2.198014380000000033e-05,8.132067020000000339e-04
1.992999999999999972e+01,2.198014320000000069e-05,8.132067020000000339e-04
1.994000000000000128e+01,2.198014189999999979e-05,8.132068450000000046e-04
1.994999999999999929e+01,2.198014369999999869e-05,8.132067659999999950e-04
1.996000000000000085e+01,2.198014340000000057e-05,8.132066359999999723e-04
1.996999999999999886e+01,2.198014220000000130e-05,8.132066589999999888e-04
1.998000000000000043e+01,2.198014289999999918e-05,8.132065859999999553e-04
1.998999999999999844e+01,2.198014340000000057e-05,8.132066710000000493e-04
2.000000000000000000e+01,2.198014289999999918e-05,8.132066790000000173e-04
